frame,time,phase,x,y,z,foot_x,foot_y,foot_z,visible,tick
1059,3.011074,2,6000.0000,-1000.0000,90.0000,19.7799,8.6899,7.6995,1,1
1060,3.025266,2,6000.0000,-1000.0000,90.0000,19.7793,8.6853,7.6975,1,1
1061,3.425266,2,6000.0000,-1000.0000,90.0000,19.7577,8.6669,7.6903,1,1
1062,3.433502,2,6000.0000,-1000.0000,90.0000,19.7538,8.6686,7.6895,1,1
1063,3.437765,2,6000.0000,-1000.0000,90.0000,19.7536,8.6698,7.6893,1,1
1064,3.450017,2,6000.0000,-1000.0000,90.0000,19.7527,8.6734,7.6888,1,1
1065,3.463663,2,6000.0000,-1000.0000,90.0000,19.7518,8.6774,7.6881,1,1
1066,3.478227,2,6000.0000,-1000.0000,90.0000,19.7546,8.6796,7.6885,1,1
1067,3.492321,2,6000.0000,-1000.0000,90.0000,19.7583,8.6813,7.6892,1,1
1068,3.506075,2,6000.0000,-1000.0000,90.0000,19.7622,8.6804,7.6903,1,1
1069,3.520217,2,6000.0000,-1000.0000,90.0000,19.7665,8.6763,7.6921,1,1
1070,3.533731,2,6000.0000,-1000.0000,90.0000,19.7706,8.6723,7.6937,1,1
1071,3.547618,2,6000.0000,-1000.0000,90.0000,19.7702,8.6703,7.6955,1,1
1072,3.561283,2,6000.0000,-1000.0000,90.0000,19.7698,8.6683,7.6973,1,1
1073,3.576054,2,6000.0000,-1000.0000,90.0000,19.7722,8.6691,7.6987,1,1
1074,3.591095,2,6000.0000,-1000.0000,90.0000,19.7765,8.6716,7.6999,1,1
1075,3.605504,2,6000.0000,-1000.0000,90.0000,19.7802,8.6741,7.7011,1,1
1076,3.619679,2,6000.0000,-1000.0000,90.0000,19.7834,8.6764,7.7022,1,1
1077,3.633117,2,6000.0000,-1000.0000,90.0000,19.7863,8.6787,7.7033,1,1
1078,3.645846,2,6000.0000,-1000.0000,90.0000,19.7896,8.6774,7.7053,1,1
1079,3.659406,2,6000.0000,-1000.0000,90.0000,19.7931,8.6761,7.7074,1,1
1080,3.672224,2,6000.0000,-1000.0000,90.0000,19.7947,8.6746,7.7091,1,1
1081,3.685137,2,6000.0000,-1000.0000,90.0000,19.7941,8.6728,7.7104,1,1
1082,3.698648,2,6000.0000,-1000.0000,90.0000,19.7935,8.6710,7.7117,1,1
1083,3.712370,2,6000.0000,-1000.0000,90.0000,19.7904,8.6708,7.7114,1,1
1084,3.725940,2,6000.0000,-1000.0000,90.0000,19.7871,8.6708,7.7110,1,1
1085,3.739053,2,6000.0000,-1000.0000,90.0000,19.7868,8.6706,7.7106,1,1
1086,3.752723,2,6000.0000,-1000.0000,90.0000,19.7904,8.6700,7.7100,1,1
1087,3.764699,2,6000.0000,-1000.0000,90.0000,19.7936,8.6694,7.7095,1,1
1088,3.777157,2,6000.0000,-1000.0000,90.0000,19.7962,8.6676,7.7092,1,1
1089,3.790199,2,6000.0000,-1000.0000,90.0000,19.7987,8.6655,7.7088,1,1
1090,3.804288,2,6000.0000,-1000.0000,90.0000,19.8008,8.6645,7.7087,1,1
1091,3.817246,2,6000.0000,-1000.0000,90.0000,19.8014,8.6664,7.7093,1,1
1092,3.830253,2,6000.0000,-1000.0000,90.0000,19.8020,8.6683,7.7098,1,1
1093,3.843856,2,6000.0000,-1000.0000,90.0000,19.8023,8.6689,7.7098,1,1
1094,3.857328,2,6000.0000,-1000.0000,90.0000,19.8026,8.6691,7.7097,1,1
1095,3.870516,2,6000.0000,-1000.0000,90.0000,19.8017,8.6698,7.7091,1,1
1096,3.883718,2,6000.0000,-1000.0000,90.0000,19.7983,8.6714,7.7074,1,1
1097,3.896437,2,6000.0000,-1000.0000,90.0000,19.7949,8.6731,7.7057,1,1
1098,3.909078,2,6000.0000,-1000.0000,90.0000,19.7931,8.6747,7.7049,1,1
1099,3.922618,2,6000.0000,-1000.0000,90.0000,19.7918,8.6766,7.7045,1,1
1100,3.935442,2,6000.0000,-1000.0000,90.0000,19.7903,8.6779,7.7039,1,1
1101,3.948799,2,6000.0000,-1000.0000,90.0000,19.7874,8.6769,7.7030,1,1
1102,3.961456,2,6000.0000,-1000.0000,90.0000,19.7847,8.6761,7.7021,1,1
1103,3.974295,2,6000.0000,-1000.0000,90.0000,19.7838,8.6765,7.7008,1,1
1104,3.987620,2,6000.0000,-1000.0000,90.0000,19.7842,8.6778,7.6992,1,1
1105,4.000534,2,6000.0000,-1000.0000,90.0000,19.7846,8.6789,7.6976,1,1
1106,4.013858,3,6000.0000,-1000.0000,90.0000,19.7849,8.6764,7.6968,1,1
1107,4.027096,3,6000.4206,-1000.0000,90.0000,19.7551,8.6406,7.6777,1,1
1108,4.040755,3,6001.3024,-1000.0000,90.0000,19.6629,8.4963,7.6171,1,1
1109,4.055720,3,6002.8058,-1000.0000,90.0000,19.4592,8.0353,7.4870,1,1
1110,4.069851,3,6004.7048,-1000.0000,90.0000,19.2011,7.1604,7.2920,1,1
1111,4.083835,3,6007.0533,-1000.0000,90.0000,18.8918,5.7504,7.0463,1,1
1112,4.097978,3,6009.9086,-1000.0000,90.0000,18.5646,3.6589,6.7730,1,1
1113,4.112980,3,6013.4776,-1000.0000,90.0000,18.2019,0.6067,6.5126,1,1
1114,4.127123,3,6017.3220,-1000.0000,90.0000,17.9239,-3.0095,6.3635,1,1
1115,4.141876,3,6021.8549,-1000.0000,90.0000,17.5779,-7.6346,6.3812,1,1
1116,4.156655,3,6026.9199,-1000.0000,90.0000,17.2189,-12.9676,6.6328,1,1
1117,4.171152,3,6032.3926,-1000.0000,90.0000,16.6276,-18.9116,7.2014,1,1
1118,4.185083,3,6038.1173,-1000.0000,90.0000,15.7731,-25.0066,8.1198,1,1
1119,4.198763,3,6044.1882,-1000.0000,90.0000,14.7478,-31.0263,9.5133,1,1
1120,4.211895,3,6050.4295,-1000.0000,90.0000,13.6061,-36.5671,11.4452,1,1
1121,4.224941,3,6057.0386,-1000.0000,90.0000,12.3250,-40.9076,13.7099,1,1
1122,4.237785,3,6063.7179,-1000.0000,90.0000,11.2583,-44.1958,16.1067,1,1
1123,4.251299,3,6070.7451,-1000.0000,90.0000,10.3153,-46.0339,18.6823,1,1
1124,4.265176,3,6077.9608,-1000.0000,90.0000,9.5583,-46.2096,21.2069,1,1
1125,4.278479,3,6084.8786,-1000.0000,90.0000,8.9831,-45.0015,22.6322,1,1
1126,4.291192,3,6091.4892,-1000.0000,90.0000,8.6161,-42.4016,23.4379,1,1
1127,4.304082,3,6098.1920,-1000.0000,90.0000,8.2458,-39.1581,23.7998,1,1
1128,4.316873,3,6104.8437,-1000.0000,90.0000,7.7847,-35.1872,23.7688,1,1
1129,4.330144,3,6111.7442,-1000.0000,90.0000,6.8505,-29.1454,22.3699,1,1
1130,4.343917,3,6118.9062,-1000.0000,90.0000,5.9665,-21.8726,20.6864,1,1
1131,4.357437,3,6125.9368,-1000.0000,90.0000,5.2693,-14.7898,18.6644,1,1
1132,4.370611,3,6132.7874,-1000.0000,90.0000,4.7935,-6.9047,16.0803,1,1
1133,4.383430,3,6139.4532,-1000.0000,90.0000,4.4738,1.4631,14.2395,1,1
1134,4.397043,3,6146.5318,-1000.0000,90.0000,4.3703,9.9067,12.0265,1,1
1135,4.409910,3,6153.2225,-1000.0000,90.0000,4.3775,18.2942,10.9836,1,1
1136,4.422129,3,6159.5767,-1000.0000,90.0000,4.5291,24.3316,10.9365,1,1
1137,4.435326,3,6166.4391,-1000.0000,90.0000,4.6030,28.4180,11.0155,1,1
1138,4.448923,3,6173.5093,-1000.0000,90.0000,4.6968,32.1535,11.3706,1,1
1139,4.462171,3,6180.3985,-1000.0000,90.0000,4.5982,31.2716,10.7331,1,1
1140,4.475382,3,6187.2679,-1000.0000,90.0000,4.3406,30.0632,9.9655,1,1
1141,4.488092,3,6193.8775,-1000.0000,90.0000,4.0506,27.7264,8.7836,1,1
1142,4.500692,3,6200.4291,-1000.0000,90.0000,3.8562,24.0424,7.4374,1,1
1143,4.513341,3,6207.0069,-1000.0000,90.0000,3.2347,19.6340,6.3751,1,1
1144,4.525563,3,6213.3621,-1000.0000,90.0000,2.6764,13.9389,5.5866,1,1
1145,4.538117,3,6219.8901,-1000.0000,90.0000,2.1686,7.5140,5.4008,1,1
1146,4.550877,3,6226.5254,-1000.0000,90.0000,2.1041,0.8288,5.7135,1,1
1147,4.563306,3,6232.9885,-1000.0000,90.0000,2.3547,-5.6134,5.7057,1,1
1148,4.576523,3,6239.8612,-1000.0000,90.0000,2.6099,-12.7319,6.1276,1,1
1149,4.589757,3,6246.7429,-1000.0000,90.0000,2.7142,-19.0908,7.0838,1,1
1150,4.603190,3,6253.7283,-1000.0000,90.0000,2.8863,-24.9550,8.5280,1,1
1151,4.618246,3,6261.5574,-1000.0000,90.0000,3.4231,-31.5428,10.7343,1,1
1152,4.630401,3,6267.8779,-1000.0000,90.0000,3.6675,-36.4574,12.9745,1,1
1153,4.642601,3,6274.2219,-1000.0000,90.0000,4.2693,-41.2096,15.5306,1,1
1154,4.655788,3,6281.0790,-1000.0000,90.0000,4.4812,-46.6759,18.4815,1,1
1155,4.667805,3,6287.3279,-1000.0000,90.0000,4.1783,-51.9799,21.4899,1,1
1156,4.680192,3,6293.7693,-1000.0000,90.0000,4.0152,-57.2299,25.0365,1,1
1157,4.692769,3,6300.3094,-1000.0000,90.0000,3.7631,-58.5978,28.4136,1,1
1158,4.705982,3,6307.1802,-1000.0000,90.0000,3.3947,-58.7588,32.0173,1,1
1159,4.718600,3,6313.7415,-1000.0000,90.0000,3.0094,-58.2171,35.0384,1,1
1160,4.730691,3,6320.0286,-1000.0000,90.0000,2.9345,-56.5447,36.4149,1,1
1161,4.743080,3,6326.4711,-1000.0000,90.0000,2.9638,-54.5119,37.9567,1,1
1162,4.755408,3,6332.8815,-1000.0000,90.0000,3.4092,-51.7834,38.1958,1,1
1163,4.767723,3,6339.2853,-1000.0000,90.0000,3.9283,-47.9195,37.6503,1,1
1164,4.779668,3,6345.4969,-1000.0000,90.0000,4.2563,-43.9140,37.6137,1,1
1165,4.791936,3,6351.8760,-1000.0000,90.0000,4.6045,-39.3697,35.6739,1,1
1166,4.804096,3,6358.1994,-1000.0000,90.0000,4.8904,-34.4787,33.5739,1,1
1167,4.816607,3,6364.7052,-1000.0000,90.0000,5.0283,-29.1826,31.9745,1,1
1168,4.829077,3,6371.1897,-1000.0000,90.0000,4.8488,-24.3836,29.1170,1,1
1169,4.841151,3,6377.4682,-1000.0000,90.0000,4.8600,-19.0506,26.7621,1,1
1170,4.853021,3,6383.6405,-1000.0000,90.0000,4.8612,-13.4251,24.3382,1,1
1171,4.865457,3,6390.1073,-1000.0000,90.0000,4.6076,-7.4705,21.5683,1,1
1172,4.878654,3,6396.9695,-1000.0000,90.0000,4.5794,0.0154,19.0433,1,1
1173,4.891194,3,6403.4904,-1000.0000,90.0000,4.3512,6.3079,17.2961,1,1
1174,4.904162,3,6410.2338,-1000.0000,90.0000,4.2772,12.6467,15.6966,1,1
1175,4.917749,3,6417.2987,-1000.0000,90.0000,4.3535,19.1578,14.7870,1,1
1176,4.930737,3,6424.0526,-1000.0000,90.0000,4.0919,23.6521,13.5928,1,1
1177,4.943700,3,6430.7936,-1000.0000,90.0000,4.2781,27.8433,13.0082,1,1
1178,4.956542,3,6437.4714,-1000.0000,90.0000,5.0906,28.8719,12.3615,1,1
1179,4.969782,3,6444.3563,-1000.0000,90.0000,5.8849,27.4035,11.1741,1,1
1180,4.982165,3,6450.7951,-1000.0000,90.0000,6.3870,25.7826,10.0019,1,1
1181,4.994801,3,6457.3657,-1000.0000,90.0000,6.1412,20.4265,8.1553,1,1
1182,5.007636,3,6464.0401,-1000.0000,90.0000,5.5780,14.6967,6.8239,1,1
1183,5.020750,3,6470.8596,-1000.0000,90.0000,4.1497,8.2482,6.2237,1,1
1184,5.033239,3,6477.3536,-1000.0000,90.0000,3.2220,2.0886,5.8172,1,1
1185,5.045554,3,6483.7573,-1000.0000,90.0000,2.9723,-4.1950,5.8071,1,1
1186,5.057742,3,6490.0955,-1000.0000,90.0000,2.9523,-10.2740,5.9131,1,1
1187,5.069803,3,6496.3672,-1000.0000,90.0000,3.1536,-16.3533,6.2726,1,1
1188,5.082242,3,6502.8355,-1000.0000,90.0000,3.4306,-22.6347,6.9931,1,1
1189,5.094644,3,6509.2846,-1000.0000,90.0000,3.2822,-27.8852,7.4181,1,1
1190,5.107308,3,6515.8695,-1000.0000,90.0000,3.5815,-33.4834,8.2640,1,1
1191,5.119285,3,6522.0974,-1000.0000,90.0000,4.0442,-38.4653,9.5151,1,1
1192,5.131815,3,6528.6132,-1000.0000,90.0000,4.4244,-42.8733,11.1355,1,1
1193,5.145412,3,6535.6840,-1000.0000,90.0000,5.1289,-47.5086,13.1608,1,1
1194,5.158571,3,6542.5262,-1000.0000,90.0000,5.3005,-51.5013,15.8547,1,1
1195,5.171860,3,6549.4364,-1000.0000,90.0000,5.4467,-55.1636,18.9212,1,1
1196,5.185887,3,6556.7308,-1000.0000,90.0000,5.6886,-58.3297,22.3252,1,1
1197,5.198302,3,6563.1865,-1000.0000,90.0000,5.3883,-59.7355,25.6142,1,1
1198,5.211687,3,6570.1468,-1000.0000,90.0000,5.0439,-60.8491,29.3231,1,1
1199,5.224654,3,6576.8895,-1000.0000,90.0000,4.7223,-60.6823,32.0459,1,1
1200,5.237912,3,6583.7837,-1000.0000,90.0000,4.4890,-59.7359,34.4557,1,1
1201,5.251104,3,6590.6437,-1000.0000,90.0000,4.3279,-58.3058,36.5732,1,1
1202,5.264238,3,6597.4730,-1000.0000,90.0000,4.5830,-55.6160,36.9597,1,1
1203,5.276935,3,6604.0759,-1000.0000,90.0000,4.7709,-52.6392,37.6052,1,1
1204,5.289838,3,6610.7853,-1000.0000,90.0000,5.2514,-48.7812,36.8579,1,1
1205,5.303004,3,6617.6315,-1000.0000,90.0000,5.8775,-44.1192,35.2563,1,1
1206,5.316199,3,6624.4932,-1000.0000,90.0000,6.2721,-39.3815,34.1385,1,1
1207,5.330484,3,6631.9212,-1000.0000,90.0000,6.6371,-33.3215,30.8371,1,1
1208,5.342420,3,6638.1280,-1000.0000,90.0000,6.8318,-27.8226,28.6743,1,1
1209,5.354773,3,6644.5513,-1000.0000,90.0000,6.7468,-22.1686,26.3882,1,1
1210,5.366931,3,6650.8733,-1000.0000,90.0000,6.4362,-16.6468,23.8259,1,1
1211,5.379279,3,6657.2944,-1000.0000,90.0000,6.2587,-10.1391,21.6168,1,1
1212,5.392197,3,6664.0119,-1000.0000,90.0000,5.9569,-3.4772,18.9513,1,1
1213,5.404522,3,6670.4210,-1000.0000,90.0000,5.7607,3.5465,16.7101,1,1
1214,5.417445,4,6677.1407,-1000.0000,90.0000,5.7310,11.2175,15.1801,1,1
1215,5.429586,4,6682.8408,-999.0330,90.0000,5.5706,16.4851,14.4122,1,1
1216,5.615812,4,6682.8408,-902.1952,90.0000,42.3542,-6.8102,27.2338,1,1
1217,5.623179,4,6682.8408,-898.3643,90.0000,40.4754,-4.7698,27.1750,1,1
1218,5.628384,4,6682.8408,-895.6578,90.0000,39.0585,-3.4335,27.0943,1,1
1219,5.640252,4,6682.8408,-889.4865,90.0000,35.1175,-0.5953,25.4287,1,1
1220,5.652940,4,6682.8408,-882.8887,90.0000,30.1361,1.8681,24.0542,1,1
1221,5.666549,4,6682.8408,-875.8122,90.0000,24.5377,3.8143,22.6345,1,1
1222,5.679023,4,6682.8408,-869.3258,90.0000,18.9523,4.8713,20.8389,1,1
1223,5.692091,4,6682.8408,-862.5302,90.0000,12.7117,5.6232,19.4914,1,1
1224,5.704663,4,6682.8408,-855.9927,90.0000,7.1651,5.8093,17.9333,1,1
1225,5.716637,4,6682.8408,-849.7664,90.0000,1.7198,5.8158,16.4146,1,1
1226,5.729317,4,6682.8408,-843.1727,90.0000,-4.6864,5.8764,15.3222,1,1
1227,5.742391,4,6682.8408,-836.3742,90.0000,-10.3338,5.5659,13.4805,1,1
1228,5.755153,4,6682.8408,-829.7382,90.0000,-16.5388,5.5251,12.2860,1,1
1229,5.768138,4,6682.8408,-822.9856,90.0000,-22.3377,5.1656,11.5266,1,1
1230,5.780488,4,6682.8408,-816.5640,90.0000,-26.6525,4.2132,11.0107,1,1
1231,5.792607,4,6682.8408,-810.2619,90.0000,-30.9170,3.6730,10.8469,1,1
1232,5.805225,4,6682.8408,-803.7005,90.0000,-32.4001,2.9439,11.1863,1,1
1233,5.818133,4,6682.8408,-796.9883,90.0000,-32.5818,2.1504,11.3671,1,1
1234,5.830723,4,6682.8408,-790.4414,90.0000,-32.5440,1.5224,11.3763,1,1
1235,5.843824,4,6682.8408,-783.6289,90.0000,-29.9915,1.6202,10.1105,1,1
1236,5.857174,4,6682.8408,-776.6873,90.0000,-27.3844,1.4976,8.8560,1,1
1237,5.870444,4,6682.8408,-769.7867,90.0000,-23.9851,1.1179,7.1424,1,1
1238,5.883968,4,6682.8408,-762.7543,90.0000,-19.8577,0.9440,5.3518,1,1
1239,5.896413,4,6682.8408,-756.2826,90.0000,-15.2840,-0.0923,4.3900,1,1
1240,5.908982,4,6682.8408,-749.7468,90.0000,-10.0453,-0.2912,3.6604,1,1
1241,5.922255,4,6682.8408,-742.8452,90.0000,-3.8024,-0.6709,3.6314,1,1
1242,5.935688,4,6682.8408,-735.8600,90.0000,2.7350,-0.4943,3.8177,1,1
1243,5.947724,4,6682.8408,-729.6012,90.0000,8.8947,0.2591,4.1528,1,1
1244,5.960716,4,6682.8408,-722.8450,90.0000,15.5448,0.8966,4.9509,1,1
1245,5.974711,4,6682.8408,-715.5680,90.0000,21.8963,1.2089,5.4862,1,1
1246,5.987490,4,6682.8408,-708.9230,90.0000,27.6761,1.5050,6.1996,1,1
1247,6.000997,4,6682.8408,-701.8989,90.0000,33.0745,1.5558,7.3227,1,1
1248,6.014244,4,6682.8408,-695.0107,90.0000,37.1630,1.2700,8.4948,1,1
1249,6.027071,4,6682.8408,-688.3404,90.0000,41.1810,1.4595,9.8899,1,1
1250,6.039999,4,6682.8408,-681.6183,90.0000,44.1412,0.9245,11.9994,1,1
1251,6.053023,4,6682.8408,-674.8457,90.0000,46.8946,0.5571,14.4242,1,1
1252,6.066479,4,6682.8408,-667.8482,90.0000,49.2357,0.6247,17.1212,1,1
1253,6.079097,4,6682.8408,-661.2869,90.0000,50.0586,0.5440,19.7472,1,1
1254,6.091957,4,6682.8408,-654.5998,90.0000,50.7011,0.4871,22.5171,1,1
1255,6.105342,4,6682.8408,-647.6399,90.0000,50.2287,0.7810,24.7472,1,1
1256,6.117755,4,6682.8408,-641.1851,90.0000,49.2120,1.1852,26.6341,1,1
1257,6.129580,4,6682.8408,-635.0359,90.0000,48.1303,1.4931,28.5338,1,1
1258,6.141672,4,6682.8408,-628.7479,90.0000,45.6788,2.2297,28.6707,1,1
1259,6.153820,4,6682.8408,-622.4310,90.0000,43.2009,2.9411,29.0201,1,1
1260,6.166121,4,6682.8408,-616.0347,90.0000,40.1655,3.9632,29.0369,1,1
1261,6.178292,4,6682.8408,-609.7058,90.0000,36.1653,5.1798,27.4837,1,1
1262,6.190945,4,6682.8408,-603.1261,90.0000,31.4636,6.3191,26.5098,1,1
1263,6.204595,4,6682.8408,-596.0283,90.0000,26.0551,7.2391,24.5769,1,1
1264,6.217332,4,6682.8408,-589.4051,90.0000,20.3171,7.7843,22.5220,1,1
1265,6.229782,4,6682.8408,-582.9310,90.0000,14.2495,8.1523,21.0394,1,1
1266,6.242707,4,6682.8408,-576.2100,90.0000,8.5299,7.9622,18.5536,1,1
1267,6.254896,4,6682.8408,-569.8719,90.0000,2.3979,7.8718,16.7218,1,1
1268,6.267231,4,6682.8408,-563.4576,90.0000,-3.7799,7.7060,15.1150,1,1
1269,6.280291,4,6682.8408,-556.6661,90.0000,-9.9156,7.3700,13.1000,1,1
1270,6.293624,4,6682.8408,-549.7329,90.0000,-16.8190,7.2039,11.9493,1,1
1271,6.306469,4,6682.8408,-543.0539,90.0000,-21.6902,6.1783,11.0753,1,1
1272,6.318712,4,6682.8408,-536.6872,90.0000,-25.9261,5.1529,10.6618,1,1
1273,6.331190,4,6682.8408,-530.1987,90.0000,-29.6481,4.4730,10.5991,1,1
1274,6.343130,4,6682.8408,-523.9898,90.0000,-29.7472,3.5006,10.9101,1,1
1275,6.354895,4,6682.8408,-517.8719,90.0000,-29.7471,2.6180,10.9774,1,1
1276,6.366840,4,6682.8408,-511.6608,90.0000,-29.0242,2.0388,10.7077,1,1
1277,6.378241,4,6682.8408,-505.7322,90.0000,-26.7229,1.7492,9.6182,1,1
1278,6.391006,4,6682.8408,-499.0945,90.0000,-24.1831,1.1716,8.4581,1,1
1279,6.406271,4,6682.8408,-491.1569,90.0000,-20.1291,0.3237,6.6193,1,1
1280,6.419027,4,6682.8408,-484.5236,90.0000,-16.1720,-0.3310,5.1146,1,1
1281,6.431999,4,6682.8408,-477.7780,90.0000,-11.2800,-1.4583,4.2615,1,1
1282,6.445814,4,6682.8408,-470.5944,90.0000,-5.2807,-1.7871,3.6402,1,1
1283,6.458627,4,6682.8408,-463.9315,90.0000,0.8693,-2.0002,3.6582,1,1
1284,6.471431,4,6682.8408,-457.2735,90.0000,7.2322,-1.5022,3.7469,1,1
1285,6.485141,4,6682.8408,-450.1442,90.0000,14.3515,-0.4823,4.2370,1,1
1286,6.498504,4,6682.8408,-443.1955,90.0000,20.9234,-0.0278,4.9060,1,1
1287,6.511579,4,6682.8408,-436.3964,90.0000,26.6405,0.0352,5.1580,1,1
1288,6.524881,4,6682.8408,-429.4794,90.0000,32.6802,0.4566,5.9390,1,1
1289,6.537559,4,6682.8408,-422.8870,90.0000,37.4214,0.1004,6.9178,1,1
1290,6.550692,4,6682.8408,-416.0578,90.0000,41.9086,-0.0225,8.1721,1,1
1291,6.563569,4,6682.8408,-409.3618,90.0000,46.1813,0.3855,9.8080,1,1
1292,6.576660,4,6682.8408,-402.5546,90.0000,48.6567,-0.4980,12.3192,1,1
1293,6.589976,4,6682.8408,-395.6298,90.0000,51.1686,-0.8209,15.1389,1,1
1294,6.602729,4,6682.8408,-388.9986,90.0000,52.3145,-0.8633,17.8388,1,1
1295,6.615495,4,6682.8408,-382.3601,90.0000,52.0988,-1.0146,20.5009,1,1
1296,6.628281,4,6682.8408,-375.7115,90.0000,51.6574,-1.2042,23.2541,1,1
1297,6.641854,4,6682.8408,-368.6534,90.0000,49.7433,-0.8257,24.7660,1,1
1298,6.655529,4,6682.8408,-361.5425,90.0000,47.6200,-0.4407,26.3308,1,1
1299,6.668819,4,6682.8408,-354.6314,90.0000,44.9061,0.2041,26.9807,1,1
1300,6.681022,4,6682.8408,-348.2861,90.0000,41.8244,1.0687,26.6433,1,1
1301,6.693805,4,6682.8408,-341.6389,90.0000,38.3759,2.1400,26.6550,1,1
1302,6.707670,4,6682.8408,-334.4293,90.0000,33.8394,3.5067,25.0034,1,1
1303,6.720419,4,6682.8408,-327.7996,90.0000,28.9302,4.6748,23.7099,1,1
1304,6.733090,4,6682.8408,-321.2110,90.0000,23.8480,5.5529,22.4697,1,1
1305,6.745605,4,6682.8408,-314.7028,90.0000,18.4095,5.9575,20.7121,1,1
1306,6.758556,4,6682.8408,-307.9686,90.0000,12.3734,6.2420,19.4033,1,1
1307,6.771442,4,6682.8408,-301.2679,90.0000,6.8013,6.1484,17.8505,1,1
1308,6.784618,4,6682.8408,-294.4161,90.0000,0.8484,5.9700,16.2226,1,1
1309,6.797573,4,6682.8408,-287.6796,90.0000,-5.4922,5.8539,15.0760,1,1
1310,6.810474,4,6682.8408,-280.9711,90.0000,-11.1149,5.5201,13.2868,1,1
1311,6.824320,5,6682.8408,-273.7711,90.0000,-17.8570,5.4617,12.1347,1,1
1312,6.837985,5,6681.6159,-267.4423,90.0000,-23.4265,4.9062,11.3336,1,1
1313,7.029093,5,6582.2397,-267.4423,90.0000,7.9576,-34.3759,12.2194,1,1
1314,7.036811,5,6578.2262,-267.4423,90.0000,8.1876,-35.0653,12.1746,1,1
1315,7.038997,5,6577.0897,-267.4423,90.0000,8.2697,-35.0299,12.1537,1,1
1316,7.051893,5,6570.3835,-267.4423,90.0000,8.6885,-32.8241,11.7828,1,1
1317,7.065525,5,6563.2951,-267.4423,90.0000,8.9969,-29.6564,11.1867,1,1
1318,7.079710,5,6555.9189,-267.4423,90.0000,8.9339,-25.1815,10.1905,1,1
1319,7.093961,5,6548.5084,-267.4423,90.0000,8.7744,-19.6413,9.2149,1,1
1320,7.108384,5,6541.0084,-267.4423,90.0000,8.7347,-13.3112,8.2469,1,1
1321,7.122200,5,6533.8237,-267.4423,90.0000,8.3620,-6.5212,6.7865,1,1
1322,7.136729,5,6526.2690,-267.4423,90.0000,8.3000,1.3540,6.4763,1,1
1323,7.151115,5,6518.7882,-267.4423,90.0000,8.3697,7.4733,7.1087,1,1
1324,7.164777,5,6511.6836,-267.4423,90.0000,8.5560,13.3949,8.5342,1,1
1325,7.178315,5,6504.6441,-267.4423,90.0000,8.7641,16.6656,10.1684,1,1
1326,7.190934,5,6498.0823,-267.4423,90.0000,8.9657,17.4494,11.3993,1,1
1327,7.203104,5,6491.7537,-267.4423,90.0000,9.2050,18.1621,12.6333,1,1
1328,7.215417,5,6485.3513,-267.4423,90.0000,9.4124,15.8447,13.0662,1,1
1329,7.228101,5,6478.7554,-267.4423,90.0000,9.4805,12.9593,13.7552,1,1
1330,7.241716,5,6471.6757,-267.4423,90.0000,9.6369,9.2889,14.4327,1,1
1331,7.254107,5,6465.2325,-267.4423,90.0000,10.2966,4.3966,14.6491,1,1
1332,7.267425,5,6458.3070,-267.4423,90.0000,10.8854,-0.8314,15.3610,1,1
1333,7.279844,5,6451.8491,-267.4423,90.0000,11.6904,-6.1864,15.4259,1,1
1334,7.292448,5,6445.2948,-267.4423,90.0000,12.6784,-12.0036,15.3733,1,1
1335,7.304715,5,6438.9161,-267.4423,90.0000,13.6032,-17.5410,15.9701,1,1
1336,7.317460,5,6432.2890,-267.4423,90.0000,14.2682,-22.6938,15.4752,1,1
1337,7.330594,5,6425.4588,-267.4423,90.0000,15.1742,-28.1917,15.6578,1,1
1338,7.342772,5,6419.1265,-267.4423,90.0000,15.5730,-32.4255,16.0782,1,1
1339,7.355302,5,6412.6111,-267.4423,90.0000,15.4232,-35.1276,15.6969,1,1
1340,7.367534,5,6406.2504,-267.4423,90.0000,15.0299,-38.1100,16.3133,1,1
1341,7.379472,5,6400.0426,-267.4423,90.0000,14.1096,-39.5069,16.3698,1,1
1342,7.391737,5,6393.6649,-267.4423,90.0000,12.6272,-40.6192,16.9172,1,1
1343,7.403878,5,6387.3516,-267.4423,90.0000,11.1434,-41.9077,17.7775,1,1
1344,7.416734,5,6380.6663,-267.4423,90.0000,9.4995,-41.9225,18.1384,1,1
1345,7.429818,5,6373.8624,-267.4423,90.0000,7.8375,-42.1071,18.5960,1,1
1346,7.442299,5,6367.3723,-267.4423,90.0000,6.5382,-41.9677,18.7720,1,1
1347,7.454518,5,6361.0186,-267.4423,90.0000,5.5788,-40.9492,18.4810,1,1
1348,7.467045,5,6354.5046,-267.4423,90.0000,4.6822,-39.9926,18.0539,1,1
1349,7.479659,5,6347.9454,-267.4423,90.0000,4.4796,-39.9556,17.4509,1,1
1350,7.493101,5,6340.9556,-267.4423,90.0000,4.5134,-40.1691,16.5827,1,1
1351,7.508278,5,6333.0631,-267.4423,90.0000,4.6173,-39.4611,15.2953,1,1
1352,7.521434,5,6326.2224,-267.4423,90.0000,5.0470,-36.9460,14.3482,1,1
1353,7.533682,5,6319.8531,-267.4423,90.0000,5.3718,-34.1996,13.2131,1,1
1354,7.546323,5,6313.2797,-267.4423,90.0000,5.3469,-30.0935,11.9413,1,1
1355,7.558470,5,6306.9636,-267.4423,90.0000,5.2657,-25.1839,10.8223,1,1
1356,7.571089,5,6300.4018,-267.4423,90.0000,5.3903,-19.8804,10.0836,1,1
1357,7.584014,5,6293.6806,-267.4423,90.0000,4.9983,-13.8098,8.6490,1,1
1358,7.596863,5,6286.9992,-267.4423,90.0000,4.7938,-7.3771,7.8752,1,1
1359,7.609218,5,6280.5744,-267.4423,90.0000,4.6676,-0.7464,7.5761,1,1
1360,7.621347,5,6274.2677,-267.4423,90.0000,4.4070,5.9641,7.5380,1,1
1361,7.634209,5,6267.5794,-267.4423,90.0000,4.5356,13.4073,8.5954,1,1
1362,7.647390,5,6260.7252,-267.4423,90.0000,4.7812,16.2202,9.8850,1,1
1363,7.659932,5,6254.2034,-267.4423,90.0000,5.0932,17.0997,10.8897,1,1
1364,7.672624,5,6247.6032,-267.4423,90.0000,5.4794,17.6876,11.8559,1,1
1365,7.685828,5,6240.7375,-267.4423,90.0000,6.1121,15.5389,12.3528,1,1
1366,7.698534,5,6234.1301,-267.4423,90.0000,6.6500,13.4537,13.0895,1,1
1367,7.711162,5,6227.5634,-267.4423,90.0000,7.2965,10.8351,13.6519,1,1
1368,7.723857,5,6220.9622,-267.4423,90.0000,8.1550,7.6368,14.2137,1,1
1369,7.736501,5,6214.3875,-267.4423,90.0000,9.0273,4.4565,14.9908,1,1
1370,7.749230,5,6207.7684,-267.4423,90.0000,10.0614,-0.3297,14.7931,1,1
1371,7.763230,5,6200.4882,-267.4423,90.0000,11.2212,-5.8837,14.7794,1,1
1372,7.776753,5,6193.4562,-267.4423,90.0000,12.2710,-11.3516,14.6387,1,1
1373,7.792259,5,6185.3931,-267.4423,90.0000,13.5187,-18.3099,13.7935,1,1
1374,7.806219,5,6178.1343,-267.4423,90.0000,14.4894,-24.4320,14.1664,1,1
1375,7.820786,5,6170.5594,-267.4423,90.0000,14.5699,-28.5038,14.2263,1,1
1376,7.835435,5,6162.9415,-267.4423,90.0000,14.6499,-32.9935,15.7105,1,1
1377,7.850390,5,6155.1651,-267.4423,90.0000,13.8274,-35.3166,16.9711,1,1
1378,7.864136,5,6148.0173,-267.4423,90.0000,12.8789,-37.5419,18.3532,1,1
1379,7.877472,5,6141.0824,-267.4423,90.0000,11.8073,-38.9857,19.5378,1,1
1380,7.891552,5,6133.7607,-267.4423,90.0000,10.4918,-39.8200,20.2499,1,1
1381,7.905193,5,6126.6677,-267.4423,90.0000,9.2682,-40.7169,20.9352,1,1
1382,7.920254,5,6118.8360,-267.4423,90.0000,8.2626,-40.1332,20.5224,1,1
1383,7.933564,5,6111.9147,-267.4423,90.0000,7.4295,-39.7311,20.1305,1,1
1384,7.946987,5,6104.9348,-267.4423,90.0000,6.9709,-39.2315,19.0566,1,1
1385,7.960340,5,6097.9912,-267.4423,90.0000,6.7009,-38.7512,17.8353,1,1
1386,7.973936,5,6090.9211,-267.4423,90.0000,6.3711,-37.4653,16.2060,1,1
1387,7.986860,5,6084.2007,-267.4423,90.0000,6.7661,-35.5000,15.2686,1,1
1388,8.001300,5,6076.6921,-267.4423,90.0000,6.9460,-32.7598,13.8247,1,1
1389,8.014307,5,6069.9283,-267.4423,90.0000,6.7981,-28.6434,12.3358,1,1
1390,8.027763,5,6062.9313,-267.4423,90.0000,6.7939,-23.4992,11.0765,1,1
1391,8.040795,5,6056.1543,-267.4423,90.0000,6.7376,-18.3472,9.9962,1,1
1392,8.053962,5,6049.3077,-267.4423,90.0000,6.1348,-12.0608,8.5990,1,1
1393,8.066805,5,6042.6291,-267.4423,90.0000,5.9587,-5.4654,7.9789,1,1
1394,8.079198,5,6036.1851,-267.4423,90.0000,5.8306,0.6637,7.5188,1,1
1395,8.095208,5,6027.8597,-267.4423,90.0000,5.6993,8.6407,7.6646,1,1
1396,8.109160,5,6020.6047,-267.4423,90.0000,5.8377,14.6210,8.8208,1,1
1397,8.122253,5,6013.7964,-267.4423,90.0000,5.9487,18.0010,10.0823,1,1
1398,8.135225,5,6007.0507,-267.4423,90.0000,6.0194,21.2768,11.4158,1,1
1399,8.148679,5,6000.0547,-267.4423,90.0000,6.4725,22.0184,12.1036,1,1
1400,8.162796,5,5992.7138,-267.4423,90.0000,7.0316,22.0211,12.7164,1,1
1401,8.176975,5,5985.3407,-267.4423,90.0000,7.8079,20.5907,13.0201,1,1
1402,8.192531,5,5977.2516,-267.4423,90.0000,8.9672,16.6082,13.1279,1,1
1403,8.205969,5,5970.2641,-267.4423,90.0000,9.9522,12.9303,13.3402,1,1
1404,8.219244,5,5963.3612,-267.4423,90.0000,10.7316,8.1571,12.7126,1,1
1405,8.233279,6,5956.0627,-267.4423,90.0000,11.6628,2.7984,12.7551,1,1
1406,8.246320,6,5949.7239,-267.4423,90.0000,11.8229,-2.7379,12.8873,1,1
1407,8.436189,6,5949.7239,-267.4423,90.0000,19.2711,4.6842,7.2537,1,1
1408,8.445149,6,5949.7239,-267.4423,90.0000,19.2050,5.7804,7.2549,1,1
1409,8.447917,6,5949.7239,-267.4423,90.0000,19.1917,6.0652,7.2572,1,1
1410,8.457431,6,5949.7239,-267.4423,90.0000,19.1648,6.8790,7.2709,1,1
1411,8.470026,6,5949.7239,-267.4423,90.0000,19.1808,7.6238,7.3069,1,1
1412,8.483120,6,5949.7239,-267.4423,90.0000,19.2633,8.0969,7.3324,1,1
1413,8.495817,6,5949.7239,-267.4423,90.0000,19.3495,8.3867,7.3582,1,1
1414,8.507988,6,5949.7239,-267.4423,90.0000,19.4343,8.5343,7.3926,1,1
1415,8.520777,6,5949.7239,-267.4423,90.0000,19.5268,8.5959,7.4335,1,1
1416,8.534133,6,5949.7239,-267.4423,90.0000,19.6057,8.6217,7.4645,1,1
1417,8.546546,6,5949.7239,-267.4423,90.0000,19.6617,8.6122,7.4827,1,1
1418,8.559872,6,5949.7239,-267.4423,90.0000,19.7123,8.6135,7.4991,1,1
1419,8.570998,6,5949.7239,-267.4423,90.0000,19.7554,8.6050,7.5125,1,1
1420,8.582745,6,5949.7239,-267.4423,90.0000,19.7903,8.5846,7.5236,1,1
1421,8.594623,6,5949.7239,-267.4423,90.0000,19.8146,8.5763,7.5299,1,1
1422,8.606866,6,5949.7239,-267.4423,90.0000,19.8332,8.5736,7.5366,1,1
1423,8.618677,6,5949.7239,-267.4423,90.0000,19.8591,8.5813,7.5414,1,1
1424,8.630000,6,5949.7239,-267.4423,90.0000,19.8630,8.5896,7.5418,1,1
1425,8.643477,6,5949.7239,-267.4423,90.0000,19.8565,8.5765,7.5413,1,1
1426,8.656170,6,5949.7239,-267.4423,90.0000,19.8703,8.6015,7.5448,1,1
1427,8.668024,6,5949.7239,-267.4423,90.0000,19.8841,8.6090,7.5476,1,1
1428,8.679697,6,5949.7239,-267.4423,90.0000,19.8807,8.6098,7.5484,1,1
1429,8.691565,6,5949.7239,-267.4423,90.0000,19.8873,8.6169,7.5507,1,1
1430,8.704144,6,5949.7239,-267.4423,90.0000,19.8801,8.6113,7.5475,1,1
1431,8.716064,6,5949.7239,-267.4423,90.0000,19.8876,8.6198,7.5494,1,1
1432,8.728150,6,5949.7239,-267.4423,90.0000,19.8939,8.6299,7.5490,1,1
1433,8.740603,6,5949.7239,-267.4423,90.0000,19.8798,8.6190,7.5480,1,1
1434,8.752598,6,5949.7239,-267.4423,90.0000,19.8783,8.6185,7.5477,1,1
1435,8.765273,6,5949.7239,-267.4423,90.0000,19.8749,8.6142,7.5463,1,1
1436,8.778029,6,5949.7239,-267.4423,90.0000,19.8781,8.6173,7.5493,1,1
1437,8.791129,6,5949.7239,-267.4423,90.0000,19.8851,8.6256,7.5493,1,1
1438,8.803151,6,5949.7239,-267.4423,90.0000,19.8810,8.6261,7.5480,1,1
1439,8.815456,6,5949.7239,-267.4423,90.0000,19.8813,8.6261,7.5474,1,1
1440,8.828268,6,5949.7239,-267.4423,90.0000,19.8813,8.6254,7.5476,1,1
1441,8.841086,7,5949.7239,-267.4423,90.0000,19.8813,8.6240,7.5481,1,1
1442,8.853762,7,5949.7239,-267.4423,96.9658,15.3438,5.0761,5.8130,1,1
1443,8.866831,7,5949.7239,-267.4423,104.1297,12.0690,2.1368,5.4665,1,1
1444,8.879473,7,5949.7239,-267.4423,111.0243,10.2361,-0.3710,5.6376,1,1
1445,8.891686,7,5949.7239,-267.4423,117.6360,9.3791,-2.9201,5.7386,1,1
1446,8.904010,7,5949.7239,-267.4423,124.2431,8.6900,-6.0855,5.8800,1,1
1447,8.917046,7,5949.7239,-267.4423,131.1445,7.2123,-9.1160,4.7966,1,1
1448,8.929592,7,5949.7239,-267.4423,137.6847,5.5001,-12.3226,4.0628,1,1
1449,8.943559,7,5949.7239,-267.4423,144.8289,3.1319,-15.1609,5.4287,1,1
1450,8.957145,7,5949.7239,-267.4423,151.6204,3.3499,-15.9297,7.4590,1,1
1451,8.970771,7,5949.7239,-267.4423,158.2554,3.5404,-16.6254,10.1704,1,1
1452,8.985043,7,5949.7239,-267.4423,164.9955,3.7005,-17.2669,13.7188,1,1
1453,8.998257,7,5949.7239,-267.4423,171.0263,3.8252,-18.1204,16.9657,1,1
1454,9.011597,7,5949.7239,-267.4423,176.8933,3.9160,-19.7769,20.1471,1,1
1455,9.024999,7,5949.7239,-267.4423,182.5474,4.0965,-21.4001,23.5108,1,1
1456,9.038191,7,5949.7239,-267.4423,187.8630,4.2608,-22.5193,26.0716,1,1
1457,9.051833,7,5949.7239,-267.4423,193.0835,4.4696,-23.5983,28.8196,1,1
1458,9.065956,7,5949.7239,-267.4423,198.1759,4.7116,-23.4578,31.6487,1,1
1459,9.079479,7,5949.7239,-267.4423,202.7407,4.9595,-22.7002,34.6884,1,1
1460,9.094687,7,5949.7239,-267.4423,207.4938,5.3392,-21.4455,38.0808,1,1
1461,9.107395,7,5949.7239,-267.4423,211.1449,5.7030,-20.1268,40.8712,1,1
1462,9.120294,7,5949.7239,-267.4423,214.5426,6.1128,-18.6960,43.8962,1,1
1463,9.133222,7,5949.7239,-267.4423,217.6271,6.7019,-16.8676,46.5641,1,1
1464,9.146247,7,5949.7239,-267.4423,220.4023,7.2238,-15.1302,49.5824,1,1
1465,9.159873,7,5949.7239,-267.4423,222.9403,7.9414,-12.9016,53.2961,1,1
1466,9.173645,8,5949.7239,-267.4423,225.1188,8.5976,-10.7933,57.5683,1,1
1467,9.187171,8,5949.7239,-267.4423,226.8737,9.2727,-8.7334,61.2833,1,1
1468,9.378871,8,5949.7239,-267.4423,210.0014,15.4231,-0.7040,77.0107,1,1
1469,9.386619,8,5949.7239,-267.4423,207.7523,15.5019,-0.5450,76.5479,1,1
1470,9.389507,8,5949.7239,-267.4423,206.8858,15.5310,-0.4849,76.3763,1,1
1471,9.400875,8,5949.7239,-267.4423,203.3307,15.5634,-0.2423,75.5839,1,1
1472,9.413820,8,5949.7239,-267.4423,199.0078,15.5055,0.0425,74.5613,1,1
1473,9.426638,8,5949.7239,-267.4423,194.4497,15.4319,0.3199,73.5611,1,1
1474,9.438604,8,5949.7239,-267.4423,189.9553,15.3150,0.4557,72.6957,1,1
1475,9.451556,8,5949.7239,-267.4423,184.8422,15.1726,0.5905,71.7604,1,1
1476,9.463647,8,5949.7239,-267.4423,179.8476,15.0645,0.5767,70.9301,1,1
1477,9.476563,8,5949.7239,-267.4423,174.2889,14.9670,0.4381,70.0733,1,1
1478,9.489465,8,5949.7239,-267.4423,168.5194,14.8658,0.2850,69.1806,1,1
1479,9.501617,8,5949.7239,-267.4423,162.9008,14.7915,0.2176,68.1720,1,1
1480,9.513866,8,5949.7239,-267.4423,157.0695,14.7147,0.1383,67.1566,1,1
1481,9.526055,8,5949.7239,-267.4423,151.1127,14.6582,-0.0387,65.4758,1,1
1482,9.537715,8,5949.7239,-267.4423,145.2832,14.6107,-0.3117,63.5427,1,1
1483,9.549312,8,5949.7239,-267.4423,139.3703,14.5601,-0.6344,61.6103,1,1
1484,9.561530,8,5949.7239,-267.4423,133.0307,14.5086,-0.6745,59.1585,1,1
1485,9.575730,8,5949.7239,-267.4423,125.5382,14.4403,-0.8530,56.3388,1,1
1486,9.588185,8,5949.7239,-267.4423,118.8755,14.3250,-0.4803,53.7899,1,1
1487,9.600329,8,5949.7239,-267.4423,112.3118,14.1669,0.0774,51.2931,1,1
1488,9.612655,8,5949.7239,-267.4423,105.5983,13.9688,0.7908,48.8501,1,1
1489,9.625955,8,5949.7239,-267.4423,98.3140,13.6626,2.5591,46.4801,1,1
1490,9.637953,8,5949.7239,-267.4423,91.7227,13.3468,4.1254,44.3981,1,1
1491,9.651416,8,5949.7239,-267.4423,90.0000,14.1033,4.7222,37.7979,1,1
1492,9.664176,8,5949.7239,-267.4423,90.0000,15.0695,5.2723,31.7956,1,1
1493,9.677034,8,5949.7239,-267.4423,90.0000,16.1786,5.8758,26.1472,1,1
1494,9.690511,8,5949.7239,-267.4423,90.0000,17.3468,6.5820,20.7900,1,1
1495,9.703920,8,5949.7239,-267.4423,90.0000,18.3723,7.3142,16.1328,1,1
1496,9.716818,8,5949.7239,-267.4423,90.0000,19.1377,7.9583,12.3338,1,1
1497,9.730150,8,5949.7239,-267.4423,90.0000,19.6713,8.4571,9.1136,1,1
1498,9.746180,8,5949.7239,-267.4423,90.0000,19.8747,8.6366,7.5514,1,1
1499,9.759683,8,5949.7239,-267.4423,90.0000,19.8740,8.6426,7.5516,1,1
1500,9.773511,8,5949.7239,-267.4423,90.0000,19.8734,8.6487,7.5517,1,1
1501,9.786862,8,5949.7239,-267.4423,90.0000,19.8783,8.6467,7.5531,1,1
1502,9.799684,8,5949.7239,-267.4423,90.0000,19.8853,8.6417,7.5549,1,1
1503,9.812862,8,5949.7239,-267.4423,90.0000,19.8907,8.6376,7.5563,1,1
1504,9.825853,8,5949.7239,-267.4423,90.0000,19.8871,8.6392,7.5557,1,1
1505,9.839074,8,5949.7239,-267.4423,90.0000,19.8835,8.6408,7.5551,1,1
1506,9.852550,8,5949.7239,-267.4423,90.0000,19.8830,8.6402,7.5551,1,1
1507,9.865958,8,5949.7239,-267.4423,90.0000,19.8844,8.6382,7.5554,1,1
1508,9.878791,8,5949.7239,-267.4423,90.0000,19.8856,8.6362,7.5555,1,1
1509,9.891585,8,5949.7239,-267.4423,90.0000,19.8848,8.6333,7.5549,1,1
1510,9.904860,8,5949.7239,-267.4423,90.0000,19.8841,8.6303,7.5543,1,1
1511,9.917841,8,5949.7239,-267.4423,90.0000,19.8825,8.6281,7.5538,1,1
1512,9.931569,8,5949.7239,-267.4423,90.0000,19.8801,8.6265,7.5534,1,1
1513,9.944915,8,5949.7239,-267.4423,90.0000,19.8778,8.6250,7.5530,1,1
1514,9.958916,8,5949.7239,-267.4423,90.0000,19.8743,8.6235,7.5535,1,1
1515,9.972723,8,5949.7239,-267.4423,90.0000,19.8709,8.6220,7.5540,1,1
1516,9.986519,9,5949.7239,-267.4423,90.0000,19.8716,8.6207,7.5553,0,0
1517,10.000245,9,5949.7239,-267.4423,90.0000,19.8716,8.6207,7.5553,0,0
1518,10.188195,9,5949.7239,-267.4423,90.0000,19.8716,8.6207,7.5553,0,0
1519,10.195537,9,5949.7239,-267.4423,90.0000,19.8716,8.6207,7.5553,0,0
1520,10.198189,9,5949.7239,-267.4423,90.0000,19.8716,8.6207,7.5553,0,0
1521,10.208791,9,5949.7239,-267.4423,90.0000,19.8716,8.6207,7.5553,0,0
1522,10.220867,9,5949.7239,-267.4423,90.0000,19.8716,8.6207,7.5553,0,0
1523,10.232486,9,5949.7239,-267.4423,90.0000,19.8716,8.6207,7.5553,0,0
1524,10.244266,9,5949.7239,-267.4423,90.0000,19.8716,8.6207,7.5553,0,0
1525,10.255450,9,5949.7239,-267.4423,90.0000,19.8716,8.6207,7.5553,0,0
1526,10.267178,9,5949.7239,-267.4423,90.0000,19.8716,8.6207,7.5553,0,0
1527,10.279170,9,5949.7239,-267.4423,90.0000,19.8716,8.6207,7.5553,0,0
1528,10.291291,10,5949.7239,-267.4423,90.0000,19.8716,8.6207,7.5553,1,1
1529,10.302713,10,5949.7239,-267.4423,90.0000,19.8739,8.6197,7.5567,1,1
1530,10.314481,10,5949.7239,-267.4423,90.0000,19.8762,8.6187,7.5582,1,1
1531,10.326890,10,5949.7239,-267.4423,90.0000,19.8738,8.6196,7.5590,1,1
1532,10.339491,10,5949.7239,-267.4423,90.0000,19.8709,8.6208,7.5598,1,1
1533,10.351836,10,5949.7239,-267.4423,90.0000,19.8683,8.6220,7.5608,1,1
1534,10.364256,10,5949.7239,-267.4423,90.0000,19.8669,8.6233,7.5625,1,1
1535,10.377065,10,5949.7239,-267.4423,90.0000,19.8654,8.6247,7.5642,1,1
1536,10.389588,10,5949.7239,-267.4423,90.0000,19.8660,8.6255,7.5666,1,1
1537,10.401993,10,5949.7239,-267.4423,90.0000,19.8680,8.6259,7.5694,1,1
1538,10.414871,10,5949.7239,-267.4423,90.0000,19.8701,8.6264,7.5724,1,1
1539,10.428111,10,5949.7239,-267.4423,90.0000,19.8684,8.6327,7.5749,1,1
1540,10.441487,10,5949.7239,-267.4423,90.0000,19.8664,8.6394,7.5774,1,1
1541,10.454174,10,5949.7239,-267.4423,90.0000,19.8639,8.6418,7.5801,1,1
1542,10.467160,10,5949.7239,-267.4423,90.0000,19.8606,8.6388,7.5832,1,1
1543,10.480987,10,5949.7239,-267.4423,90.0000,19.8570,8.6355,7.5866,1,1
1544,10.494188,10,5949.7239,-267.4423,90.0000,19.8504,8.6333,7.5884,1,1
1545,10.506801,10,5949.7239,-267.4423,90.0000,19.8438,8.6313,7.5901,1,1
1546,10.520886,10,5949.7239,-267.4423,90.0000,19.8396,8.6304,7.5924,1,1
1547,10.534690,10,5949.7239,-267.4423,90.0000,19.8406,8.6319,7.5954,1,1
1548,10.548234,10,5949.7239,-267.4423,90.0000,19.8416,8.6333,7.5984,1,1
1549,10.561446,10,5949.7239,-267.4423,90.0000,19.8413,8.6381,7.6011,1,1
1550,10.574986,10,5949.7239,-267.4423,90.0000,19.8409,8.6433,7.6038,1,1
1551,10.587749,10,5949.7239,-267.4423,90.0000,19.8395,8.6456,7.6060,1,1
1552,10.600493,10,5949.7239,-267.4423,90.0000,19.8370,8.6445,7.6079,1,1
1553,10.613668,10,5949.7239,-267.4423,90.0000,19.8344,8.6435,7.6097,1,1
1554,10.626489,10,5949.7239,-267.4423,90.0000,19.8315,8.6448,7.6126,1,1
1555,10.639185,10,5949.7239,-267.4423,90.0000,19.8286,8.6464,7.6156,1,1
1556,10.653281,10,5949.7239,-267.4423,90.0000,19.8253,8.6473,7.6189,1,1
1557,10.666318,10,5949.7239,-267.4423,90.0000,19.8222,8.6460,7.6219,1,1
1558,10.678858,10,5949.7239,-267.4423,90.0000,19.8193,8.6447,7.6248,1,1
1559,10.692582,12,5949.7239,-267.4423,90.0000,19.8186,8.6456,7.6278,1,1
1560,10.705076,12,5949.7239,-267.4423,90.0000,19.8186,8.6471,7.6305,1,1
1561,10.718223,12,5949.7239,-267.4423,90.0000,19.8180,8.6487,7.6334,1,1
1562,10.732317,12,5949.7239,-267.4423,90.0000,19.8143,8.6505,7.6361,1,1
1563,10.746181,12,5949.7239,-267.4423,90.0000,19.8107,8.6522,7.6388,1,1
1564,10.760427,12,5949.7239,-267.4423,90.0000,19.8076,8.6536,7.6418,1,1
1565,10.775203,12,5949.7239,-267.4423,90.0000,19.8044,8.6549,7.6450,1,1
1566,10.789340,12,5949.7239,-267.4423,90.0000,19.8030,8.6561,7.6482,1,1
1567,10.803748,12,5949.7239,-267.4423,90.0000,19.8031,8.6571,7.6517,1,1
1568,10.817903,12,5949.7239,-267.4423,90.0000,19.8021,8.6578,7.6568,1,1
1569,10.831871,12,5949.7239,-267.4423,90.0000,19.8002,8.6581,7.6586,1,1
1570,10.845600,12,5949.7239,-267.4423,90.0000,19.7983,8.6583,7.6606,1,1
1571,10.860705,12,5949.7239,-267.4423,90.0000,19.7946,8.6575,7.6626,1,1
1572,10.876912,12,5949.7239,-267.4423,90.0000,19.7901,8.6562,7.6648,1,1
1573,10.890488,12,5949.7239,-267.4423,90.0000,19.7888,8.6586,7.6673,1,1
1574,10.903878,12,5949.7239,-267.4423,90.0000,19.7889,8.6631,7.6702,1,1
1575,10.917329,12,5949.7239,-267.4423,90.0000,19.7886,8.6671,7.6729,1,1
1576,10.930711,12,5949.7239,-267.4423,90.0000,19.7850,8.6673,7.6747,1,1
1577,10.946131,12,5949.7239,-267.4423,90.0000,19.7808,8.6674,7.6767,1,1
1578,10.961878,12,5949.7239,-267.4423,90.0000,19.7788,8.6662,7.6788,1,1
1579,10.976763,12,5949.7239,-267.4423,90.0000,19.7773,8.6647,7.6808,1,1
1580,10.991607,12,5949.7239,-267.4423,90.0000,19.7761,8.6647,7.6832,1,1
1581,11.005144,12,5949.7239,-267.4423,90.0000,19.7751,8.6653,7.6856,1,1
1582,11.018548,12,5949.7239,-267.4423,90.0000,19.7739,8.6660,7.6879,1,1
1583,11.031730,12,5949.7239,-267.4423,90.0000,19.7719,8.6671,7.6904,1,1
1584,11.043860,12,5949.7239,-267.4423,90.0000,19.7701,8.6681,7.6926,1,1
1585,11.056779,12,5949.7239,-267.4423,90.0000,19.7686,8.6679,7.6945,1,1
1586,11.068445,12,5949.7239,-267.4423,90.0000,19.7675,8.6669,7.6960,1,1
1587,11.080934,12,5949.7239,-267.4423,90.0000,19.7663,8.6658,7.6975,1,1
1588,11.093070,12,5949.7239,-267.4423,90.0000,19.7648,8.6661,7.6975,1,1
1589,11.105516,12,5949.7239,-267.4423,90.0000,19.7633,8.6665,7.6972,1,1
1590,11.116624,12,5949.7239,-267.4423,90.0000,19.7621,8.6668,7.6970,1,1
1591,11.128400,12,5949.7239,-267.4423,90.0000,19.7618,8.6665,7.6970,1,1
1592,11.140705,12,5949.7239,-267.4423,90.0000,19.7616,8.6662,7.6970,1,1
1593,11.151776,12,5949.7239,-267.4423,90.0000,19.7606,8.6656,7.6969,1,1
1594,11.166290,12,5949.7239,-267.4423,90.0000,19.7565,8.6637,7.6962,1,1
1595,11.179410,12,5949.7239,-267.4423,90.0000,19.7527,8.6619,7.6956,1,1
1596,11.192652,12,5949.7239,-267.4423,90.0000,19.7510,8.6574,7.6958,1,1
1597,11.206290,12,5949.7239,-267.4423,90.0000,19.7498,8.6520,7.6963,1,1
1598,11.219917,12,5949.7239,-267.4423,90.0000,19.7507,8.6492,7.6967,1,1
1599,11.233732,12,5949.7239,-267.4423,90.0000,19.7561,8.6519,7.6967,1,1
1600,11.247895,12,5949.7239,-267.4423,90.0000,19.7616,8.6546,7.6967,1,1
1601,11.262434,12,5949.7239,-267.4423,90.0000,19.7609,8.6613,7.6967,1,1
1602,11.276372,12,5949.7239,-267.4423,90.0000,19.7598,8.6679,7.6967,1,1
1603,11.289976,12,5949.7239,-267.4423,90.0000,19.7601,8.6701,7.6973,1,1
1604,11.303549,12,5949.7239,-267.4423,90.0000,19.7614,8.6690,7.6984,1,1
1605,11.317792,12,5949.7239,-267.4423,90.0000,19.7625,8.6687,7.6994,1,1
1606,11.331239,12,5949.7239,-267.4423,90.0000,19.7620,8.6721,7.6992,1,1
1607,11.344643,12,5949.7239,-267.4423,90.0000,19.7615,8.6754,7.6990,1,1
1608,11.357153,12,5949.7239,-267.4423,90.0000,19.7625,8.6756,7.6992,1,1
1609,11.370234,12,5949.7239,-267.4423,90.0000,19.7643,8.6743,7.6996,1,1
1610,11.382825,12,5949.7239,-267.4423,90.0000,19.7659,8.6732,7.6999,1,1
1611,11.395923,13,5949.7239,-267.4423,90.0000,19.7655,8.6741,7.6991,1,1
1612,11.408918,13,5949.7239,-267.4423,90.0000,19.7652,8.6750,7.6982,1,1
1613,11.422020,13,5949.7239,-267.4423,90.0000,19.7652,8.6760,7.6983,1,1
1614,11.434641,13,5949.7239,-267.4423,90.0000,19.7654,8.6770,7.6993,1,1
1615,11.447002,13,5949.7239,-267.4423,90.0000,19.7657,8.6780,7.7002,1,1
1616,11.459835,13,5949.7239,-267.4423,90.0000,19.7644,8.6769,7.7004,1,1
1617,11.472300,13,5949.7239,-267.4423,90.0000,19.7628,8.6754,7.7003,1,1
1618,11.484842,13,5949.7239,-267.4423,90.0000,19.7615,8.6740,7.7003,1,1
1619,11.497050,13,5949.7239,-267.4423,90.0000,19.7615,8.6729,7.7005,1,1
1620,11.509172,13,5949.7239,-267.4423,90.0000,19.7615,8.6719,7.7006,1,1
1621,11.522471,13,5949.7239,-267.4423,90.0000,19.7631,8.6724,7.7009,1,1
1622,11.535300,13,5949.7239,-267.4423,90.0000,19.7661,8.6742,7.7013,1,1
1623,11.547769,13,5949.7239,-267.4423,90.0000,19.7691,8.6759,7.7017,1,1
1624,11.561265,13,5949.7239,-267.4423,90.0000,19.7686,8.6756,7.7011,1,1
1625,11.574324,13,5949.7239,-267.4423,90.0000,19.7679,8.6752,7.7004,1,1
1626,11.587052,13,5949.7239,-267.4423,90.0000,19.7659,8.6747,7.6996,1,1
1627,11.600491,13,5949.7239,-267.4423,90.0000,19.7615,8.6743,7.6988,1,1
1628,11.614088,13,5949.7239,-267.4423,90.0000,19.7571,8.6739,7.6980,1,1
1629,11.630440,13,5949.7239,-267.4423,90.0000,19.7549,8.6719,7.6972,1,1
1630,11.643456,13,5949.7239,-267.4423,90.0000,19.7535,8.6702,7.6965,1,1
1631,11.657288,13,5949.7239,-267.4423,90.0000,19.7491,8.6705,7.6955,1,1
1632,11.670749,13,5949.7239,-267.4423,90.0000,19.7431,8.6723,7.6942,1,1
1633,11.684780,13,5949.7239,-267.4423,90.0000,19.7386,8.6737,7.6932,1,1
1634,11.698036,13,5949.7239,-267.4423,90.0000,19.7417,8.6733,7.6930,1,1
1635,11.711105,13,5949.7239,-267.4423,90.0000,19.7448,8.6728,7.6929,1,1
1636,11.723748,13,5949.7239,-267.4423,90.0000,19.7450,8.6719,7.6926,1,1
1637,11.736170,13,5949.7239,-267.4423,90.0000,19.7436,8.6707,7.6922,1,1
1638,11.749231,13,5949.7239,-267.4423,90.0000,19.7423,8.6695,7.6918,1,1
1639,11.763462,13,5949.7239,-267.4423,90.0000,19.7433,8.6690,7.6923,1,1
1640,11.775936,13,5949.7239,-267.4423,90.0000,19.7442,8.6686,7.6927,1,1
1641,11.788986,13,5949.7239,-267.4423,90.0000,19.7458,8.6700,7.6933,1,1
1642,11.802076,13,5949.7239,-267.4423,90.0000,19.7479,8.6733,7.6942,1,1
1643,11.815315,13,5949.7239,-267.4423,90.0000,19.7500,8.6765,7.6950,1,1
1644,11.828585,13,5949.7239,-267.4423,90.0000,19.7528,8.6760,7.6949,1,1
1645,11.841570,13,5949.7239,-267.4423,90.0000,19.7556,8.6754,7.6948,1,1
1646,11.854614,13,5949.7239,-267.4423,90.0000,19.7589,8.6758,7.6952,1,1
1647,11.865968,13,5949.7239,-267.4423,90.0000,19.7623,8.6773,7.6961,1,1
1648,11.879465,13,5949.7239,-267.4423,90.0000,19.7663,8.6791,7.6971,1,1
1649,11.890850,13,5949.7239,-267.4423,90.0000,19.7679,8.6819,7.6975,1,1
1650,11.903445,13,5949.7239,-267.4423,90.0000,19.7690,8.6854,7.6978,1,1
1651,11.914965,13,5949.7239,-267.4423,90.0000,19.7701,8.6886,7.6981,1,1
1652,11.927529,13,5949.7239,-267.4423,90.0000,19.7720,8.6885,7.6985,1,1
1653,11.940408,13,5949.7239,-267.4423,90.0000,19.7741,8.6882,7.6988,1,1
1654,11.953309,13,5949.7239,-267.4423,90.0000,19.7757,8.6878,7.6992,1,1
1655,11.966519,13,5949.7239,-267.4423,90.0000,19.7767,8.6873,7.6996,1,1
1656,11.979430,13,5949.7239,-267.4423,90.0000,19.7776,8.6868,7.7000,1,1
1657,11.992297,13,5949.7239,-267.4423,90.0000,19.7807,8.6857,7.7015,1,1
1658,12.006014,13,5949.7239,-267.4423,90.0000,19.7847,8.6842,7.7033,1,1
1659,12.020414,13,5949.7239,-267.4423,90.0000,19.7867,8.6848,7.7043,1,1
1660,12.034776,13,5949.7239,-267.4423,90.0000,19.7845,8.6892,7.7038,1,1
1661,12.049820,13,5949.7239,-267.4423,90.0000,19.7822,8.6935,7.7031,1,1
1662,12.063471,13,5949.7239,-267.4423,90.0000,19.7815,8.6935,7.7023,1,1
1663,12.077112,13,5949.7239,-267.4423,90.0000,19.7807,8.6935,7.7015,1,1
1664,12.090993,13,5949.7239,-267.4423,90.0000,19.7800,8.6907,7.6999,1,1
1665,12.105233,13,5949.7239,-267.4423,90.0000,19.7794,8.6860,7.6978,1,1
1666,12.118658,13,5949.7239,-267.4423,90.0000,19.7787,8.6817,7.6963,1,1
1667,12.132276,13,5949.7239,-267.4423,90.0000,19.7780,8.6776,7.6962,1,1
1668,12.147461,13,5949.7239,-267.4423,90.0000,19.7771,8.6730,7.6961,1,1
1669,12.162516,13,5949.7239,-267.4423,90.0000,19.7743,8.6765,7.6974,1,1
1670,12.174667,13,5949.7239,-267.4423,90.0000,19.7719,8.6801,7.6986,1,1
1671,12.188550,13,5949.7239,-267.4423,90.0000,19.7720,8.6828,7.6996,1,1
1672,12.200343,13,5949.7239,-267.4423,90.0000,19.7751,8.6836,7.7001,1,1
1673,12.212224,13,5949.7239,-267.4423,90.0000,19.7782,8.6844,7.7005,1,1
1674,12.224653,13,5949.7239,-267.4423,90.0000,19.7786,8.6845,7.7003,1,1
1675,12.237633,13,5949.7239,-267.4423,90.0000,19.7779,8.6842,7.6999,1,1
1676,12.249599,13,5949.7239,-267.4423,90.0000,19.7771,8.6839,7.6994,1,1
1677,12.261677,13,5949.7239,-267.4423,90.0000,19.7744,8.6834,7.6980,1,1
1678,12.276112,13,5949.7239,-267.4423,90.0000,19.7712,8.6828,7.6963,1,1
1679,12.289570,13,5949.7239,-267.4423,90.0000,19.7709,8.6824,7.6959,1,1
1680,12.303131,13,5949.7239,-267.4423,90.0000,19.7728,8.6822,7.6965,1,1
1681,12.316890,13,5949.7239,-267.4423,90.0000,19.7747,8.6819,7.6971,1,1
1682,12.329240,13,5949.7239,-267.4423,90.0000,19.7761,8.6813,7.6975,1,1
1683,12.342273,13,5949.7239,-267.4423,90.0000,19.7775,8.6806,7.6978,1,1
1684,12.355055,13,5949.7239,-267.4423,90.0000,19.7776,8.6806,7.6976,1,1
1685,12.368048,13,5949.7239,-267.4423,90.0000,19.7763,8.6812,7.6968,1,1
1686,12.382281,13,5949.7239,-267.4423,90.0000,19.7748,8.6819,7.6958,1,1
1687,12.396558,13,5949.7239,-267.4423,90.0000,19.7702,8.6789,7.6943,1,1
1688,12.410483,13,5949.7239,-267.4423,90.0000,19.7657,8.6760,7.6928,1,1
1689,12.423739,13,5949.7239,-267.4423,90.0000,19.7656,8.6741,7.6925,1,1
1690,12.437549,13,5949.7239,-267.4423,90.0000,19.7682,8.6725,7.6929,1,1
1691,12.451732,13,5949.7239,-267.4423,90.0000,19.7703,8.6704,7.6932,1,1
1692,12.464231,13,5949.7239,-267.4423,90.0000,19.7701,8.6669,7.6931,1,1
1693,12.478595,13,5949.7239,-267.4423,90.0000,19.7699,8.6628,7.6929,1,1
1694,12.492854,13,5949.7239,-267.4423,90.0000,19.7647,8.6639,7.6918,1,1
1695,12.506934,13,5949.7239,-267.4423,90.0000,19.7580,8.6668,7.6904,1,1
1696,12.521210,13,5949.7239,-267.4423,90.0000,19.7535,8.6702,7.6893,1,1
1697,12.535691,13,5949.7239,-267.4423,90.0000,19.7525,8.6744,7.6886,1,1
1698,12.550183,13,5949.7239,-267.4423,90.0000,19.7520,8.6784,7.6881,1,1
1699,12.564214,13,5949.7239,-267.4423,90.0000,19.7556,8.6801,7.6887,1,1
1700,12.577871,13,5949.7239,-267.4423,90.0000,19.7592,8.6817,7.6894,1,1
1701,12.592140,13,5949.7239,-267.4423,90.0000,19.7633,8.6793,7.6908,1,1
1702,12.605941,13,5949.7239,-267.4423,90.0000,19.7676,8.6752,7.6925,1,1
1703,12.620326,13,5949.7239,-267.4423,90.0000,19.7704,8.6717,7.6943,1,1
1704,12.634416,13,5949.7239,-267.4423,90.0000,19.7700,8.6696,7.6961,1,1
1705,12.649559,13,5949.7239,-267.4423,90.0000,19.7698,8.6676,7.6980,1,1
1706,12.662830,13,5949.7239,-267.4423,90.0000,19.7735,8.6698,7.6991,1,1
1707,12.676025,13,5949.7239,-267.4423,90.0000,19.7773,8.6721,7.7002,1,1
1708,12.688723,13,5949.7239,-267.4423,90.0000,19.7804,8.6742,7.7012,1,1
1709,12.701582,13,5949.7239,-267.4423,90.0000,19.7833,8.6764,7.7022,1,1
1710,12.713738,13,5949.7239,-267.4423,90.0000,19.7860,8.6784,7.7032,1,1
1711,12.727295,13,5949.7239,-267.4423,90.0000,19.7894,8.6775,7.7052,1,1
1712,12.740079,13,5949.7239,-267.4423,90.0000,19.7927,8.6763,7.7072,1,1
1713,12.753291,13,5949.7239,-267.4423,90.0000,19.7947,8.6748,7.7090,1,1
1714,12.766399,13,5949.7239,-267.4423,90.0000,19.7941,8.6730,7.7103,1,1
1715,12.779782,13,5949.7239,-267.4423,90.0000,19.7935,8.6711,7.7116,1,1
1716,12.792979,13,5949.7239,-267.4423,90.0000,19.7908,8.6708,7.7115,1,1
1717,12.806342,14,5949.7239,-267.4423,90.0000,19.7876,8.6708,7.7111,1,1
1718,12.819539,14,5949.7239,-267.4423,90.0000,19.7864,8.6706,7.7107,1,1
1719,13.006756,14,5949.7239,-267.4423,90.0000,19.7916,8.6768,7.7044,1,1
1720,13.013527,14,5949.7239,-267.4423,90.0000,19.7909,8.6777,7.7041,1,1
1721,13.017544,14,5949.7239,-267.4423,90.0000,19.7903,8.6779,7.7039,1,1
1722,13.027620,14,5949.7239,-267.4423,90.0000,19.7881,8.6772,7.7032,1,1
1723,13.039174,14,5949.7239,-267.4423,90.0000,19.7857,8.6764,7.7024,1,1
1724,13.051719,14,5949.7239,-267.4423,90.0000,19.7837,8.6760,7.7014,1,1
1725,13.063619,14,5949.7239,-267.4423,90.0000,19.7840,8.6772,7.7000,1,1
1726,13.075212,14,5949.7239,-267.4423,90.0000,19.7844,8.6783,7.6985,1,1
1727,13.087522,14,5949.7239,-267.4423,90.0000,19.7847,8.6780,7.6973,1,1
1728,13.099977,14,5949.7239,-267.4423,90.0000,19.7850,8.6756,7.6965,1,1
1729,13.112487,14,5949.7239,-267.4423,90.0000,19.7853,8.6732,7.6957,1,1
1730,13.124677,14,5949.7239,-267.4423,90.0000,19.7843,8.6713,7.6947,1,1
1731,13.137241,14,5949.7239,-267.4423,90.0000,19.7828,8.6696,7.6937,1,1
1732,13.149871,14,5949.7239,-267.4423,90.0000,19.7813,8.6681,7.6926,1,1
1733,13.162461,14,5949.7239,-267.4423,90.0000,19.7793,8.6696,7.6907,1,1
1734,13.173415,14,5949.7239,-267.4423,90.0000,19.7776,8.6710,7.6890,1,1
1735,13.185775,14,5949.7239,-267.4423,90.0000,19.7758,8.6727,7.6871,1,1
1736,13.198611,14,5949.7239,-267.4423,90.0000,19.7744,8.6747,7.6849,1,1
1737,13.210703,14,5949.7239,-267.4423,90.0000,19.7730,8.6766,7.6829,1,1
1738,13.222766,14,5949.7239,-267.4423,90.0000,19.7731,8.6761,7.6814,1,1
1739,13.235220,14,5949.7239,-267.4423,90.0000,19.7742,8.6740,7.6803,1,1
1740,13.248067,14,5949.7239,-267.4423,90.0000,19.7753,8.6718,7.6792,1,1
1741,13.260592,14,5949.7239,-267.4423,90.0000,19.7733,8.6720,7.6784,1,1
1742,13.274606,14,5949.7239,-267.4423,90.0000,19.7707,8.6724,7.6774,1,1
1743,13.287236,14,5949.7239,-267.4423,90.0000,19.7689,8.6726,7.6769,1,1
1744,13.299216,14,5949.7239,-267.4423,90.0000,19.7677,8.6726,7.6768,1,1
1745,13.312835,14,5949.7239,-267.4423,90.0000,19.7663,8.6726,7.6766,1,1
1746,13.325477,14,5949.7239,-267.4423,90.0000,19.7677,8.6714,7.6762,1,1
1747,13.339235,14,5949.7239,-267.4423,90.0000,19.7699,8.6697,7.6757,1,1
1748,13.351793,14,5949.7239,-267.4423,90.0000,19.7716,8.6685,7.6752,1,1
1749,13.365255,14,5949.7239,-267.4423,90.0000,19.7723,8.6685,7.6746,1,1
1750,13.377523,14,5949.7239,-267.4423,90.0000,19.7729,8.6685,7.6740,1,1
1751,13.389983,14,5949.7239,-267.4423,90.0000,19.7731,8.6672,7.6734,1,1
1752,13.402596,14,5949.7239,-267.4423,90.0000,19.7731,8.6652,7.6729,1,1
1753,13.415655,14,5949.7239,-267.4423,90.0000,19.7731,8.6631,7.6723,1,1
1754,13.427763,14,5949.7239,-267.4423,90.0000,19.7732,8.6646,7.6723,1,1
1755,13.440761,14,5949.7239,-267.4423,90.0000,19.7733,8.6662,7.6723,1,1
1756,13.453994,14,5949.7239,-267.4423,90.0000,19.7730,8.6662,7.6718,1,1
1757,13.466667,14,5949.7239,-267.4423,90.0000,19.7720,8.6639,7.6707,1,1
1758,13.479037,14,5949.7239,-267.4423,90.0000,19.7711,8.6616,7.6696,1,1
1759,13.490981,14,5949.7239,-267.4423,90.0000,19.7728,8.6609,7.6685,1,1
1760,13.502762,14,5949.7239,-267.4423,90.0000,19.7753,8.6608,7.6674,1,1
1761,13.514668,14,5949.7239,-267.4423,90.0000,19.7779,8.6607,7.6663,1,1
1762,13.526854,14,5949.7239,-267.4423,90.0000,19.7767,8.6589,7.6657,1,1
1763,13.540682,14,5949.7239,-267.4423,90.0000,19.7750,8.6569,7.6652,1,1
1764,13.553995,14,5949.7239,-267.4423,90.0000,19.7745,8.6559,7.6641,1,1
1765,13.568471,14,5949.7239,-267.4423,90.0000,19.7760,8.6566,7.6620,1,1
1766,13.582580,14,5949.7239,-267.4423,90.0000,19.7774,8.6572,7.6600,1,1
1767,13.595191,14,5949.7239,-267.4423,90.0000,19.7782,8.6545,7.6586,1,1
1768,13.606992,14,5949.7239,-267.4423,90.0000,19.7791,8.6520,7.6574,1,1
1769,13.618488,14,5949.7239,-267.4423,90.0000,19.7804,8.6495,7.6563,1,1
1770,13.630505,14,5949.7239,-267.4423,90.0000,19.7837,8.6464,7.6558,1,1
1771,13.642790,14,5949.7239,-267.4423,90.0000,19.7869,8.6432,7.6552,1,1
1772,13.654718,14,5949.7239,-267.4423,90.0000,19.7874,8.6421,7.6538,1,1
1773,13.666166,14,5949.7239,-267.4423,90.0000,19.7850,8.6431,7.6515,1,1
1774,13.677645,14,5949.7239,-267.4423,90.0000,19.7826,8.6441,7.6491,1,1
1775,13.691871,14,5949.7239,-267.4423,90.0000,19.7821,8.6445,7.6470,1,1
1776,13.704802,14,5949.7239,-267.4423,90.0000,19.7827,8.6445,7.6453,1,1
1777,13.717689,14,5949.7239,-267.4423,90.0000,19.7842,8.6444,7.6436,1,1
1778,13.730663,14,5949.7239,-267.4423,90.0000,19.7902,8.6436,7.6422,1,1
1779,13.743478,14,5949.7239,-267.4423,90.0000,19.7961,8.6427,7.6408,1,1
1780,13.756272,14,5949.7239,-267.4423,90.0000,19.7977,8.6424,7.6387,1,1
1781,13.769232,14,5949.7239,-267.4423,90.0000,19.7961,8.6426,7.6361,1,1
1782,13.781809,14,5949.7239,-267.4423,90.0000,19.7945,8.6427,7.6336,1,1
1783,13.794164,14,5949.7239,-267.4423,90.0000,19.7943,8.6415,7.6329,1,1
1784,13.807343,14,5949.7239,-267.4423,90.0000,19.7942,8.6401,7.6323,1,1
1785,13.820483,14,5949.7239,-267.4423,90.0000,19.7949,8.6396,7.6316,1,1
1786,13.833392,14,5949.7239,-267.4423,90.0000,19.7973,8.6402,7.6311,1,1
1787,13.846822,14,5949.7239,-267.4423,90.0000,19.7996,8.6409,7.6306,1,1
1788,13.859759,14,5949.7239,-267.4423,90.0000,19.8002,8.6418,7.6301,1,1
1789,13.873212,14,5949.7239,-267.4423,90.0000,19.8003,8.6428,7.6295,1,1
1790,13.886386,14,5949.7239,-267.4423,90.0000,19.8008,8.6428,7.6287,1,1
1791,13.899852,14,5949.7239,-267.4423,90.0000,19.8017,8.6407,7.6271,1,1
1792,13.912260,14,5949.7239,-267.4423,90.0000,19.8026,8.6386,7.6256,1,1
1793,13.925235,14,5949.7239,-267.4423,90.0000,19.8030,8.6404,7.6245,1,1
1794,13.938170,14,5949.7239,-267.4423,90.0000,19.8031,8.6435,7.6235,1,1
1795,13.950836,14,5949.7239,-267.4423,90.0000,19.8035,8.6461,7.6227,1,1
1796,13.963432,14,5949.7239,-267.4423,90.0000,19.8051,8.6465,7.6228,1,1
1797,13.975959,14,5949.7239,-267.4423,90.0000,19.8067,8.6469,7.6230,1,1
1798,13.990654,14,5949.7239,-267.4423,90.0000,19.8066,8.6460,7.6221,1,1
1799,14.004565,14,5949.7239,-267.4423,90.0000,19.8051,8.6442,7.6205,1,1
1800,14.017250,14,5949.7239,-267.4423,90.0000,19.8047,8.6426,7.6191,1,1
1801,14.031072,14,5949.7239,-267.4423,90.0000,19.8104,8.6413,7.6180,1,1
1802,14.045221,14,5949.7239,-267.4423,90.0000,19.8163,8.6399,7.6169,1,1
1803,14.059051,14,5949.7239,-267.4423,90.0000,19.8176,8.6395,7.6157,1,1
1804,14.073296,14,5949.7239,-267.4423,90.0000,19.8172,8.6395,7.6145,1,1
1805,14.086902,14,5949.7239,-267.4423,90.0000,19.8157,8.6395,7.6134,1,1
1806,14.099941,14,5949.7239,-267.4423,90.0000,19.8123,8.6397,7.6126,1,1
1807,14.113989,14,5949.7239,-267.4423,90.0000,19.8086,8.6400,7.6117,1,1
1808,14.127162,14,5949.7239,-267.4423,90.0000,19.8097,8.6403,7.6112,1,1
1809,14.139443,14,5949.7239,-267.4423,90.0000,19.8113,8.6406,7.6108,1,1
1810,14.153200,14,5949.7239,-267.4423,90.0000,19.8135,8.6404,7.6100,1,1
1811,14.165872,14,5949.7239,-267.4423,90.0000,19.8166,8.6391,7.6085,1,1
1812,14.178495,14,5949.7239,-267.4423,90.0000,19.8196,8.6379,7.6070,1,1
1813,14.191723,14,5949.7239,-267.4423,90.0000,19.8195,8.6372,7.6055,1,1
1814,14.204505,14,5949.7239,-267.4423,90.0000,19.8182,8.6367,7.6040,1,1
1815,14.217550,14,5949.7239,-267.4423,90.0000,19.8169,8.6360,7.6026,1,1
1816,14.230669,14,5949.7239,-267.4423,90.0000,19.8165,8.6339,7.6016,1,1
1817,14.243808,14,5949.7239,-267.4423,90.0000,19.8161,8.6317,7.6007,1,1
1818,14.258894,14,5949.7239,-267.4423,90.0000,19.8164,8.6290,7.5997,1,1
1819,14.271942,14,5949.7239,-267.4423,90.0000,19.8171,8.6267,7.5990,1,1
1820,14.286324,14,5949.7239,-267.4423,90.0000,19.8178,8.6252,7.5984,1,1
1821,14.299532,14,5949.7239,-267.4423,90.0000,19.8184,8.6266,7.5982,1,1
1822,14.311744,14,5949.7239,-267.4423,90.0000,19.8190,8.6278,7.5980,1,1
1823,14.324906,14,5949.7239,-267.4423,90.0000,19.8179,8.6239,7.5970,1,1
1824,14.339055,14,5949.7239,-267.4423,90.0000,19.8160,8.6173,7.5955,1,1
1825,14.352155,14,5949.7239,-267.4423,90.0000,19.8159,8.6130,7.5945,1,1
1826,14.365578,14,5949.7239,-267.4423,90.0000,19.8208,8.6136,7.5944,1,1
1827,14.378507,14,5949.7239,-267.4423,90.0000,19.8255,8.6142,7.5943,1,1
1828,14.391239,14,5949.7239,-267.4423,90.0000,19.8236,8.6143,7.5924,1,1
1829,14.403947,14,5949.7239,-267.4423,90.0000,19.8189,8.6142,7.5899,1,1
1830,14.417520,14,5949.7239,-267.4423,90.0000,19.8145,8.6136,7.5874,1,1
1831,14.430724,14,5949.7239,-267.4423,90.0000,19.8129,8.6103,7.5858,1,1
1832,14.443008,14,5949.7239,-267.4423,90.0000,19.8114,8.6072,7.5843,1,1
1833,14.456717,14,5949.7239,-267.4423,90.0000,19.8149,8.6104,7.5839,1,1
1834,14.470520,14,5949.7239,-267.4423,90.0000,19.8223,8.6187,7.5846,1,1
1835,14.483208,14,5949.7239,-267.4423,90.0000,19.8290,8.6257,7.5851,1,1
1836,14.496048,14,5949.7239,-267.4423,90.0000,19.8331,8.6267,7.5852,1,1
1837,14.508447,14,5949.7239,-267.4423,90.0000,19.8371,8.6276,7.5854,1,1
1838,14.521173,14,5949.7239,-267.4423,90.0000,19.8398,8.6282,7.5853,1,1
1839,14.533538,14,5949.7239,-267.4423,90.0000,19.8407,8.6284,7.5848,1,1
1840,14.546417,14,5949.7239,-267.4423,90.0000,19.8417,8.6286,7.5843,1,1
1841,14.559056,14,5949.7239,-267.4423,90.0000,19.8435,8.6294,7.5842,1,1
1842,14.571705,14,5949.7239,-267.4423,90.0000,19.8456,8.6304,7.5842,1,1
1843,14.584540,14,5949.7239,-267.4423,90.0000,19.8477,8.6314,7.5844,1,1
1844,14.598509,14,5949.7239,-267.4423,90.0000,19.8503,8.6323,7.5852,1,1
1845,14.611463,14,5949.7239,-267.4423,90.0000,19.8527,8.6331,7.5859,1,1
1846,14.626654,14,5949.7239,-267.4423,90.0000,19.8542,8.6346,7.5856,1,1
1847,14.641295,14,5949.7239,-267.4423,90.0000,19.8552,8.6361,7.5849,1,1
1848,14.654963,14,5949.7239,-267.4423,90.0000,19.8561,8.6363,7.5845,1,1
1849,14.669793,14,5949.7239,-267.4423,90.0000,19.8571,8.6347,7.5843,1,1
1850,14.683688,14,5949.7239,-267.4423,90.0000,19.8582,8.6334,7.5841,1,1
1851,14.698243,14,5949.7239,-267.4423,90.0000,19.8599,8.6333,7.5841,1,1
1852,14.712185,14,5949.7239,-267.4423,90.0000,19.8615,8.6332,7.5841,1,1
1853,14.726445,14,5949.7239,-267.4423,90.0000,19.8623,8.6346,7.5842,1,1
1854,14.741467,14,5949.7239,-267.4423,90.0000,19.8629,8.6367,7.5842,1,1
1855,14.755884,14,5949.7239,-267.4423,90.0000,19.8625,8.6363,7.5838,1,1
1856,14.769972,14,5949.7239,-267.4423,90.0000,19.8611,8.6335,7.5828,1,1
1857,14.783903,14,5949.7239,-267.4423,90.0000,19.8599,8.6310,7.5819,1,1
1858,14.798321,14,5949.7239,-267.4423,90.0000,19.8601,8.6314,7.5812,1,1
1859,14.812587,15,5929.7239,-75.4423,161.7440,19.8602,8.6318,7.5805,0,0
1860,14.827795,15,5929.7239,-75.4423,161.7443,19.8602,8.6318,7.5805,0,0
1861,14.843076,15,5929.7239,-75.4423,161.7446,19.8602,8.6318,7.5805,0,0
1862,14.857576,15,5929.7239,-75.4423,161.7449,19.8602,8.6318,7.5805,0,0
1863,14.873837,15,5929.7239,-75.4423,161.7453,19.8602,8.6318,7.5805,0,0
1864,14.889284,15,5929.7239,-75.4423,161.7453,19.8602,8.6318,7.5805,0,0
1865,14.904900,15,5929.7239,-75.4423,161.7456,19.8602,8.6318,7.5805,0,0
1866,14.920074,15,5929.7239,-75.4423,161.7458,19.8602,8.6318,7.5805,0,0
1867,14.935181,15,5929.7239,-75.4423,161.7460,19.8602,8.6318,7.5805,0,0
1868,14.949908,15,5929.7239,-75.4423,161.7463,19.8602,8.6318,7.5805,0,0
1869,14.965042,15,5929.7239,-75.4423,161.7463,19.8602,8.6318,7.5805,0,0
1870,14.979905,15,5929.7239,-75.4423,161.7465,19.8602,8.6318,7.5805,0,0
1871,14.994968,15,5929.7239,-75.4423,161.7467,19.8602,8.6318,7.5805,0,0
1872,15.009286,15,5929.7239,-75.4423,161.7469,19.8602,8.6318,7.5805,0,0
1873,15.024091,15,5929.7239,-75.4423,161.7471,19.8602,8.6318,7.5805,0,0
1874,15.038548,15,5929.7239,-75.4423,161.7471,19.8602,8.6318,7.5805,0,0
1875,15.051781,15,5929.7239,-75.4423,161.7472,19.8602,8.6318,7.5805,0,0
1876,15.066800,15,5929.7239,-75.4423,161.7473,19.8602,8.6318,7.5805,0,0
1877,15.081863,15,5929.7239,-75.4423,161.7475,19.8602,8.6318,7.5805,0,0
1878,15.096815,15,5929.7239,-75.4423,161.7477,19.8602,8.6318,7.5805,0,0
1879,15.111325,15,5929.7239,-75.4423,161.7477,19.8602,8.6318,7.5805,0,0
1880,15.125832,15,5929.7239,-75.4423,161.7478,19.8602,8.6318,7.5805,0,0
1881,15.139809,15,5929.7239,-75.4423,161.7478,19.8602,8.6318,7.5805,0,0
1882,15.153513,15,5929.7239,-75.4423,161.7480,19.8602,8.6318,7.5805,0,0
1883,15.167492,15,5929.7239,-75.4423,161.7481,19.8602,8.6318,7.5805,0,0
1884,15.180957,15,5929.7239,-75.4423,161.7481,19.8602,8.6318,7.5805,0,0
1885,15.194486,15,5929.7239,-75.4423,161.7481,19.8602,8.6318,7.5805,0,0
1886,15.208746,15,5929.7239,-75.4423,161.7483,19.8602,8.6318,7.5805,0,0
1887,15.222298,15,5929.7239,-75.4423,161.7483,19.8602,8.6318,7.5805,0,0
1888,15.236314,15,5929.7239,-75.4423,161.7485,19.8602,8.6318,7.5805,0,0
1889,15.250227,15,5929.7239,-75.4423,161.7485,19.8602,8.6318,7.5805,0,0
1890,15.264010,15,5929.7239,-75.4423,161.7485,19.8602,8.6318,7.5805,0,0
1891,15.277777,15,5929.7239,-75.4423,161.7486,19.8602,8.6318,7.5805,0,0
1892,15.291746,15,5929.7239,-75.4423,161.7486,19.8602,8.6318,7.5805,0,0
1893,15.305431,15,5929.7239,-75.4423,161.7488,19.8602,8.6318,7.5805,0,0
1894,15.318847,15,5929.7239,-75.4423,161.7488,19.8602,8.6318,7.5805,0,0
1895,15.332979,15,5929.7239,-75.4423,161.7488,19.8602,8.6318,7.5805,0,0
1896,15.346709,15,5929.7239,-75.4423,161.7489,19.8602,8.6318,7.5805,0,0
1897,15.359956,15,5929.7239,-75.4423,161.7489,19.8602,8.6318,7.5805,0,0
1898,15.373558,15,5929.7239,-75.4423,161.7490,19.8602,8.6318,7.5805,0,0
1899,15.387610,15,5929.7239,-75.4423,161.7490,19.8602,8.6318,7.5805,0,0
1900,15.401157,15,5929.7239,-75.4423,161.7490,19.8602,8.6318,7.5805,0,0
1901,15.414456,16,5929.7239,-75.4423,161.7490,19.8602,8.6318,7.5805,0,0
1902,15.427704,16,5929.7239,-75.4423,161.7491,19.8602,8.6318,7.5805,0,0
1903,15.617822,16,5929.7239,-75.4423,161.7493,19.8602,8.6318,7.5805,0,0
1904,15.625381,16,5929.7239,-75.4423,161.7493,19.8602,8.6318,7.5805,0,0
1905,15.627445,16,5929.7239,-75.4423,161.7493,19.8602,8.6318,7.5805,0,0
1906,15.639167,16,5929.7239,-75.4423,161.7493,19.8602,8.6318,7.5805,0,0
1907,15.651891,16,5929.7239,-75.4423,161.7493,19.8602,8.6318,7.5805,0,0
1908,15.664619,16,5929.7239,-75.4423,161.7493,19.8602,8.6318,7.5805,0,0
1909,15.676893,16,5929.7239,-75.4423,161.7493,19.8602,8.6318,7.5805,0,0
1910,15.690131,16,5929.7239,-75.4423,161.7493,19.8602,8.6318,7.5805,0,0
1911,15.703715,16,5929.7239,-75.4423,161.7494,19.8602,8.6318,7.5805,0,0
1912,15.717083,16,5929.7239,-75.4423,161.7494,19.8602,8.6318,7.5805,0,0
1913,15.731042,16,5929.7239,-75.4423,161.7494,19.8602,8.6318,7.5805,0,0
1914,15.745206,16,5929.7239,-75.4423,161.7494,19.8602,8.6318,7.5805,0,0
1915,15.758855,16,5929.7239,-75.4423,161.7494,19.8602,8.6318,7.5805,0,0
1916,15.772299,16,5929.7239,-75.4423,161.7495,19.8602,8.6318,7.5805,0,0
1917,15.785313,16,5929.7239,-75.4423,161.7495,19.8602,8.6318,7.5805,0,0
1918,15.798842,16,5929.7239,-75.4423,161.7495,19.8602,8.6318,7.5805,0,0
1919,15.812990,16,5929.7239,-75.4423,161.7495,19.8602,8.6318,7.5805,0,0
1920,15.826232,17,5949.7239,-267.4423,90.0000,19.8602,8.6318,7.5805,1,1
1921,15.839114,17,5949.7239,-267.4423,90.0000,19.8602,8.6318,7.5805,1,1
1922,15.853185,17,5949.7239,-267.4423,90.0000,19.8602,8.6318,7.5805,1,1
1923,15.866281,17,5949.7239,-267.4423,90.0000,19.8589,8.6288,7.5799,1,1
1924,15.879741,17,5949.7239,-267.4423,90.0000,19.8570,8.6247,7.5793,1,1
1925,15.893735,17,5949.7239,-267.4423,90.0000,19.8552,8.6212,7.5783,1,1
1926,15.907277,17,5949.7239,-267.4423,90.0000,19.8536,8.6198,7.5767,1,1
1927,15.920285,17,5949.7239,-267.4423,90.0000,19.8521,8.6185,7.5750,1,1
1928,15.933262,17,5949.7239,-267.4423,90.0000,19.8533,8.6175,7.5737,1,1
1929,15.947270,17,5949.7239,-267.4423,90.0000,19.8552,8.6166,7.5722,1,1
1930,15.960575,17,5949.7239,-267.4423,90.0000,19.8560,8.6150,7.5708,1,1
1931,15.973944,17,5949.7239,-267.4423,90.0000,19.8544,8.6118,7.5693,1,1
1932,15.987133,17,5949.7239,-267.4423,90.0000,19.8529,8.6087,7.5678,1,1
1933,16.000533,17,5949.7239,-267.4423,90.0000,19.8544,8.6079,7.5674,1,1
1934,16.013886,17,5949.7239,-267.4423,90.0000,19.8566,8.6076,7.5672,1,1
1935,16.026615,17,5949.7239,-267.4423,90.0000,19.8575,8.6074,7.5670,1,1
1936,16.039772,17,5949.7239,-267.4423,90.0000,19.8556,8.6073,7.5671,1,1
1937,16.051944,17,5949.7239,-267.4423,90.0000,19.8538,8.6072,7.5671,1,1
1938,16.064655,17,5949.7239,-267.4423,90.0000,19.8522,8.6065,7.5670,1,1
1939,16.077127,17,5949.7239,-267.4423,90.0000,19.8507,8.6056,7.5668,1,1
1940,16.088815,17,5949.7239,-267.4423,90.0000,19.8493,8.6047,7.5666,1,1
1941,16.101526,17,5949.7239,-267.4423,90.0000,19.8494,8.6024,7.5661,1,1
1942,16.113837,17,5949.7239,-267.4423,90.0000,19.8495,8.6001,7.5655,1,1
1943,16.126123,17,5949.7239,-267.4423,90.0000,19.8503,8.5986,7.5651,1,1
1944,16.138769,17,5949.7239,-267.4423,90.0000,19.8527,8.5994,7.5651,1,1
1945,16.151061,17,5949.7239,-267.4423,90.0000,19.8551,8.6001,7.5650,1,1
1946,16.163590,17,5949.7239,-267.4423,90.0000,19.8569,8.6013,7.5647,1,1
1947,16.175650,17,5949.7239,-267.4423,90.0000,19.8582,8.6028,7.5642,1,1
1948,16.187689,17,5949.7239,-267.4423,90.0000,19.8595,8.6043,7.5637,1,1
1949,16.199897,17,5949.7239,-267.4423,90.0000,19.8591,8.6055,7.5626,1,1
1950,16.212038,17,5949.7239,-267.4423,90.0000,19.8584,8.6066,7.5614,1,1
1951,16.224942,17,5949.7239,-267.4423,90.0000,19.8583,8.6077,7.5601,1,1
1952,16.237535,17,5949.7239,-267.4423,90.0000,19.8608,8.6083,7.5586,1,1
1953,16.249792,17,5949.7239,-267.4423,90.0000,19.8633,8.6089,7.5572,1,1
1954,16.261530,17,5949.7239,-267.4423,90.0000,19.8647,8.6092,7.5554,1,1
1955,16.274740,17,5949.7239,-267.4423,90.0000,19.8652,8.6094,7.5527,1,1
1956,16.287738,17,5949.7239,-267.4423,90.0000,19.8656,8.6095,7.5501,1,1
1957,16.300586,17,5949.7239,-267.4423,90.0000,19.8656,8.6112,7.5471,1,1
1958,16.314390,17,5949.7239,-267.4423,90.0000,19.8656,8.6133,7.5439,1,1
1959,16.327393,17,5949.7239,-267.4423,90.0000,19.8659,8.6145,7.5402,1,1
1960,16.340564,17,5949.7239,-267.4423,90.0000,19.8665,8.6139,7.5352,1,1
1961,16.354488,17,5949.7239,-267.4423,90.0000,19.8671,8.6134,7.5300,1,1
1962,16.367585,17,5949.7239,-267.4423,90.0000,19.8725,8.6147,7.5256,1,1
1963,16.380824,17,5949.7239,-267.4423,90.0000,19.8785,8.6163,7.5213,1,1
1964,16.393070,17,5949.7239,-267.4423,90.0000,19.8838,8.6169,7.5169,1,1
1965,16.406144,17,5949.7239,-267.4423,90.0000,19.8886,8.6153,7.5110,1,1
1966,16.418879,17,5949.7239,-267.4423,90.0000,19.8933,8.6138,7.5054,1,1
1967,16.431422,17,5949.7239,-267.4423,90.0000,19.8980,8.6140,7.5004,1,1
1968,16.444165,17,5949.7239,-267.4423,90.0000,19.9030,8.6150,7.4957,1,1
1969,16.456425,17,5949.7239,-267.4423,90.0000,19.9077,8.6159,7.4911,1,1
1970,16.469100,17,5949.7239,-267.4423,90.0000,19.9110,8.6095,7.4885,1,1
1971,16.481012,17,5949.7239,-267.4423,90.0000,19.9142,8.6035,7.4860,1,1
1972,16.493860,17,5949.7239,-267.4423,90.0000,19.9162,8.6002,7.4838,1,1
1973,16.506752,17,5949.7239,-267.4423,90.0000,19.9157,8.6030,7.4823,1,1
1974,16.519612,17,5949.7239,-267.4423,90.0000,19.9151,8.6058,7.4808,1,1
1975,16.531582,17,5949.7239,-267.4423,90.0000,19.9122,8.6088,7.4788,1,1
1976,16.544187,17,5949.7239,-267.4423,90.0000,19.9082,8.6121,7.4763,1,1
1977,16.556467,17,5949.7239,-267.4423,90.0000,19.9047,8.6153,7.4740,1,1
1978,16.568169,17,5949.7239,-267.4423,90.0000,19.9116,8.6135,7.4734,1,1
1979,16.580449,17,5949.7239,-267.4423,90.0000,19.9189,8.6116,7.4727,1,1
1980,16.592631,17,5949.7239,-267.4423,90.0000,19.9236,8.6100,7.4718,1,1
1981,16.605237,17,5949.7239,-267.4423,90.0000,19.9213,8.6089,7.4703,1,1
1982,16.617185,17,5949.7239,-267.4423,90.0000,19.9190,8.6079,7.4688,1,1
1983,16.629525,18,5949.7239,-267.4423,90.0000,19.9197,8.6091,7.4678,1,1
1984,16.641654,18,5949.7239,-267.4423,90.0000,19.9228,8.6121,7.4673,1,1
1985,16.822652,18,5949.7239,-267.4423,90.0000,19.9285,8.6072,7.4661,1,1
1986,16.829926,18,5949.7239,-267.4423,90.0000,19.9290,8.6104,7.4671,1,1
1987,16.833763,18,5949.7239,-267.4423,90.0000,19.9292,8.6121,7.4677,1,1
1988,16.845493,18,5949.7239,-267.4423,90.0000,19.9301,8.6173,7.4693,1,1
1989,16.857941,18,5949.7239,-267.4423,90.0000,19.9311,8.6219,7.4709,1,1
1990,16.870570,18,5949.7239,-267.4423,90.0000,19.9328,8.6210,7.4718,1,1
1991,16.883448,18,5949.7239,-267.4423,90.0000,19.9345,8.6200,7.4727,1,1
1992,16.896263,18,5949.7239,-267.4423,90.0000,19.9351,8.6181,7.4741,1,1
1993,16.909781,18,5949.7239,-267.4423,90.0000,19.9346,8.6153,7.4760,1,1
1994,16.922221,18,5949.7239,-267.4423,90.0000,19.9342,8.6127,7.4778,1,1
1995,16.936060,18,5949.7239,-267.4423,90.0000,19.9358,8.6134,7.4798,1,1
1996,16.949943,18,5949.7239,-267.4423,90.0000,19.9375,8.6142,7.4819,1,1
1997,16.963406,18,5949.7239,-267.4423,90.0000,19.9366,8.6138,7.4842,1,1
1998,16.977605,18,5949.7239,-267.4423,90.0000,19.9335,8.6124,7.4870,1,1
1999,16.991319,18,5949.7239,-267.4423,90.0000,19.9304,8.6108,7.4898,1,1
2000,17.006246,18,5949.7239,-267.4423,90.0000,19.9265,8.6074,7.4940,1,1
2001,17.020971,18,5949.7239,-267.4423,90.0000,19.9227,8.6041,7.4982,1,1
2002,17.035649,11,5949.7239,-267.4423,90.0000,19.9203,8.6018,7.5007,0,0
2003,17.048896,11,5949.7239,-267.4423,90.0000,19.9203,8.6018,7.5007,0,0
2004,17.062773,11,5949.7239,-267.4423,90.0000,19.9203,8.6018,7.5007,0,0
2005,17.076267,11,5949.7239,-267.4423,90.0000,19.9203,8.6018,7.5007,0,0
2006,17.089320,11,5949.7239,-267.4423,90.0000,19.9203,8.6018,7.5007,0,0
2007,17.100937,11,5949.7239,-267.4423,90.0000,19.9203,8.6018,7.5007,0,0
2008,17.112431,11,5949.7239,-267.4423,90.0000,19.9203,8.6018,7.5007,0,0
2009,17.123630,11,5949.7239,-267.4423,90.0000,19.9203,8.6018,7.5007,0,0
2010,17.134899,11,5949.7239,-267.4423,90.0000,19.9203,8.6018,7.5007,0,0
2011,17.145704,11,5949.7239,-267.4423,90.0000,19.9203,8.6018,7.5007,0,0
2012,17.156669,11,5949.7239,-267.4423,90.0000,19.9203,8.6018,7.5007,0,0
2013,17.167392,11,5949.7239,-267.4423,90.0000,19.9203,8.6018,7.5007,0,0
2014,17.179091,11,5949.7239,-267.4423,90.0000,19.9203,8.6018,7.5007,0,0
2015,17.189293,11,5949.7239,-267.4423,90.0000,19.9203,8.6018,7.5007,0,0
2016,17.199068,11,5949.7239,-267.4423,90.0000,19.9203,8.6018,7.5007,0,0
2017,17.208773,11,5949.7239,-267.4423,90.0000,19.9203,8.6018,7.5007,0,0
2018,17.219299,11,5949.7239,-267.4423,90.0000,19.9203,8.6018,7.5007,0,0
2019,17.228974,11,5949.7239,-267.4423,90.0000,19.9203,8.6018,7.5007,0,0
2020,17.239168,11,5949.7239,-267.4423,90.0000,19.9203,8.6018,7.5007,0,0
2021,17.249252,11,5949.7239,-267.4423,90.0000,19.9203,8.6018,7.5007,0,0
2022,17.259537,11,5949.7239,-267.4423,90.0000,19.9203,8.6018,7.5007,0,0
2023,17.269166,11,5949.7239,-267.4423,90.0000,19.9203,8.6018,7.5007,0,0
2024,17.279242,11,5949.7239,-267.4423,90.0000,19.9203,8.6018,7.5007,0,0
2025,17.288095,11,5949.7239,-267.4423,90.0000,19.9203,8.6018,7.5007,0,0
2026,17.297856,11,5949.7239,-267.4423,90.0000,19.9203,8.6018,7.5007,0,0
2027,17.308092,11,5949.7239,-267.4423,90.0000,19.9203,8.6018,7.5007,0,0
2028,17.321019,11,5949.7239,-267.4423,90.0000,19.9203,8.6018,7.5007,0,0
2029,17.332543,11,5949.7239,-267.4423,90.0000,19.9203,8.6018,7.5007,0,0
