frame,wall_seconds,wall_ms,sim_ms,phase,active,spawned,rivals,infected,health_sum,paths,blocked,overlap_pairs,resident_bytes
763,0.166858079,33.894809,124.304350,1,0,0,0,0,0.000,0,0,0,2897469440
764,0.183255142,16.397063,33.910639,1,0,0,0,0,0.000,0,0,0,2898653184
765,0.197184650,13.929508,16.315481,1,0,0,0,0,0.000,0,0,0,2898767872
766,0.214650236,17.465586,13.886037,1,0,0,0,0,0.000,0,0,0,2898964480
767,0.227102181,12.451945,17.559078,1,0,0,0,0,0.000,0,0,0,2899259392
768,0.240656771,13.554590,12.344034,1,0,0,0,0,0.000,0,0,0,2899816448
769,0.277199369,36.542598,13.650431,1,0,0,0,0,0.000,0,0,0,2900631552
770,0.293382137,16.182768,36.479837,1,0,0,0,0,0.000,0,0,0,2901151744
771,0.306630920,13.248783,16.235729,1,0,0,0,0,0.000,0,0,0,2901843968
772,0.320420315,13.789395,13.191491,1,0,0,0,0,0.000,0,0,0,2902331392
773,0.333234228,12.813913,13.981420,1,0,0,0,0,0.000,0,0,0,2902392832
774,0.348464926,15.230698,12.692060,1,0,0,0,0,0.000,0,0,0,2902429696
775,0.364295605,15.830679,15.191466,1,0,0,0,0,0.000,0,0,0,2902552576
776,0.379617374,15.321769,15.878301,1,0,0,0,0,0.000,0,0,0,2902675456
777,0.394442431,14.825057,15.249397,1,0,0,0,0,0.000,0,0,0,2902769664
778,0.406974179,12.531748,14.900980,1,0,0,0,0,0.000,0,0,0,2902818816
779,0.421148942,14.174763,12.410394,1,0,0,0,0,0.000,0,0,0,2902888448
780,0.433776322,12.627380,14.506721,1,0,0,0,0,0.000,0,0,0,2902949888
781,0.445789647,12.013325,12.948867,1,0,0,0,0,0.000,0,0,0,2902953984
782,0.458532919,12.743272,11.397641,1,0,0,0,0,0.000,0,0,0,2902994944
783,0.471613479,13.080560,12.788563,1,0,0,0,0,0.000,0,0,0,2903027712
784,0.484551225,12.937746,13.019998,1,0,0,0,0,0.000,0,0,0,2903031808
785,0.497591233,13.040008,12.968337,1,0,0,0,0,0.000,0,0,0,2903064576
786,0.510564920,12.973687,12.990177,1,0,0,0,0,0.000,0,0,0,2903146496
787,0.523372973,12.808053,13.000098,1,0,0,0,0,0.000,0,0,0,2903183360
788,0.535891910,12.518937,12.805153,1,0,0,0,0,0.000,0,0,0,2903183360
789,0.548440737,12.548827,12.498426,1,0,0,0,0,0.000,0,0,0,2903224320
790,0.560933063,12.492326,12.575649,1,0,0,0,0,0.000,0,0,0,2903261184
791,0.573847889,12.914826,12.457945,1,0,0,0,0,0.000,0,0,0,2903289856
792,0.586491598,12.643709,12.924365,1,0,0,0,0,0.000,0,0,0,2903293952
793,0.599645650,13.154052,12.663851,1,0,0,0,0,0.000,0,0,0,2903334912
794,0.613550827,13.905177,13.129400,1,0,0,0,0,0.000,0,0,0,2903375872
795,0.626778690,13.227863,13.932348,1,0,0,0,0,0.000,0,0,0,2903404544
796,0.639855239,13.076549,13.199982,1,0,0,0,0,0.000,0,0,0,2903429120
797,0.652734804,12.879565,13.081419,1,0,0,0,0,0.000,0,0,0,2903465984
798,0.665239030,12.504226,12.897285,1,0,0,0,0,0.000,0,0,0,2903494656
799,0.677985832,12.746802,12.468966,1,0,0,0,0,0.000,0,0,0,2903523328
800,0.691012540,13.026708,12.751042,1,0,0,0,0,0.000,0,0,0,2903523328
801,0.703633259,12.620719,13.029378,1,0,0,0,0,0.000,0,0,0,2903564288
802,0.717171538,13.538279,12.621079,1,0,0,0,0,0.000,0,0,0,2903597056
803,0.729761167,12.589629,13.555460,1,0,0,0,0,0.000,0,0,0,2903621632
804,0.742212882,12.451715,12.585368,1,0,0,0,0,0.000,0,0,0,2903621632
805,0.754483873,12.270991,12.448065,1,0,0,0,0,0.000,0,0,0,2903658496
806,0.767612604,13.128731,12.301663,1,0,0,0,0,0.000,0,0,0,2903691264
807,0.779944536,12.331932,13.171471,1,0,0,0,0,0.000,0,0,0,2903691264
808,0.792440282,12.495746,12.269621,1,0,0,0,0,0.000,0,0,0,2903724032
809,0.805783728,13.343446,12.497777,1,0,0,0,0,0.000,0,0,0,2903756800
810,0.818155031,12.371303,13.324164,1,0,0,0,0,0.000,0,0,0,2903785472
811,0.830838552,12.683521,12.359683,1,0,0,0,0,0.000,0,0,0,2903789568
812,0.843232126,12.393574,12.705281,1,0,0,0,0,0.000,0,0,0,2903826432
813,0.856928689,13.696563,12.383924,1,0,0,0,0,0.000,0,0,0,2903859200
814,0.869077137,12.148448,13.691523,1,0,0,0,0,0.000,0,0,0,2903887872
815,0.881856200,12.779063,12.148678,1,0,0,0,0,0.000,0,0,0,2903887872
816,0.894120371,12.264171,12.776003,1,0,0,0,0,0.000,0,0,0,2903924736
817,0.906698900,12.578529,12.264881,1,0,0,0,0,0.000,0,0,0,2903953408
818,0.918889159,12.190259,12.634140,1,0,0,0,0,0.000,0,0,0,2903957504
819,0.930222839,11.333680,12.154278,1,0,0,0,0,0.000,0,0,0,2903994368
820,0.943770019,13.547180,11.316720,1,0,0,0,0,0.000,0,0,0,2904023040
821,0.957391320,13.621301,13.537880,1,0,0,0,0,0.000,0,0,0,2904068096
822,0.970554181,13.162861,13.655312,1,0,0,0,0,0.000,0,0,0,2904072192
823,0.983234501,12.680320,13.187112,1,0,0,0,0,0.000,0,0,0,2904113152
824,0.995180946,11.946445,12.637039,1,0,0,0,0,0.000,0,0,0,2904141824
825,1.007800435,12.619489,11.940124,1,0,0,0,0,0.000,0,0,0,2904170496
826,1.019900953,12.100518,12.642690,1,0,0,0,0,0.000,0,0,0,2904170496
827,1.031882788,11.981835,12.073787,1,0,0,0,0,0.000,0,0,0,2904207360
828,1.045091569,13.208781,11.996255,1,0,0,0,0,0.000,0,0,0,2904252416
829,1.057256178,12.164609,13.207662,1,0,0,0,0,0.000,0,0,0,2904264704
830,1.069497389,12.241211,12.323173,1,0,0,0,0,0.000,0,0,0,2904301568
831,1.081656407,12.159018,12.210700,1,0,0,0,0,0.000,0,0,0,2904330240
832,1.095463223,13.806816,12.124038,1,0,0,0,0,0.000,0,0,0,2904358912
833,1.108235886,12.772663,13.774384,1,0,0,0,0,0.000,0,0,0,2904358912
834,1.121973070,13.737184,12.778582,1,0,0,0,0,0.000,0,0,0,2904395776
835,1.134538717,12.565647,13.675493,1,0,0,0,0,0.000,0,0,0,2904424448
836,1.146904181,12.365464,12.609519,1,0,0,0,0,0.000,0,0,0,2904453120
837,1.159182772,12.278591,12.307862,1,0,0,0,0,0.000,0,0,0,2904457216
838,1.171790411,12.607639,12.314762,1,0,0,0,0,0.000,0,0,0,2904494080
839,1.185156497,13.366086,12.643690,1,0,0,0,0,0.000,0,0,0,2904526848
840,1.197167552,12.011055,13.361295,1,0,0,0,0,0.000,0,0,0,2904530944
841,1.209613287,12.445735,11.997905,1,0,0,0,0,0.000,0,0,0,2904567808
842,1.222693536,13.080249,12.456096,1,0,0,0,0,0.000,0,0,0,2904604672
843,1.235400187,12.706651,13.103270,1,0,0,0,0,0.000,0,0,0,2904633344
844,1.248239571,12.839384,12.725492,1,0,0,0,0,0.000,0,0,0,2904633344
845,1.260153965,11.914394,12.864423,1,0,0,0,0,0.000,0,0,0,2904670208
846,1.272529708,12.375743,11.872323,1,0,0,0,0,0.000,0,0,0,2904711168
847,1.284833931,12.304223,12.392244,1,0,0,0,0,0.000,0,0,0,2904711168
848,1.297042721,12.208790,12.289332,1,0,0,0,0,0.000,0,0,0,2904739840
849,1.309246120,12.203399,12.183779,1,0,0,0,0,0.000,0,0,0,2904772608
850,1.321928131,12.682011,12.254911,1,0,0,0,0,0.000,0,0,0,2904801280
851,1.333489506,11.561375,12.664720,1,0,0,0,0,0.000,0,0,0,2904805376
852,1.345287027,11.797521,11.557596,1,0,0,0,0,0.000,0,0,0,2904842240
853,1.357098309,11.811282,11.788740,1,0,0,0,0,0.000,0,0,0,2904547328
854,1.368751916,11.653607,11.776051,1,0,0,0,0,0.000,0,0,0,2904547328
855,1.380903145,12.151229,11.667298,1,0,0,0,0,0.000,0,0,0,2904584192
856,1.393358830,12.455685,12.155699,1,0,0,0,0,0.000,0,0,0,2904612864
857,1.405293784,11.934954,12.445635,1,0,0,0,0,0.000,0,0,0,2904612864
858,1.417590356,12.296572,11.994335,1,0,0,0,0,0.000,0,0,0,2904649728
859,1.429614122,12.023766,12.165220,1,0,0,0,0,0.000,0,0,0,2904678400
860,1.441556646,11.942524,11.964503,1,0,0,0,0,0.000,0,0,0,2904678400
861,1.453382317,11.825671,11.996126,1,0,0,0,0,0.000,0,0,0,2904727552
862,1.465149288,11.766971,11.961274,1,0,0,0,0,0.000,0,0,0,2904772608
863,1.478473002,13.323714,11.775651,1,0,0,0,0,0.000,0,0,0,2903756800
864,1.490699182,12.226180,13.260743,1,0,0,0,0,0.000,0,0,0,2903764992
865,1.502468353,11.769171,12.170290,1,0,0,0,0,0.000,0,0,0,2903810048
866,1.515885910,13.417557,11.690307,1,0,0,0,0,0.000,0,0,0,2902790144
867,1.529904190,14.018280,13.546110,1,0,0,0,0,0.000,0,0,0,2901762048
868,1.542433127,12.528937,13.987180,1,0,0,0,0,0.000,0,0,0,2901766144
869,1.555935386,13.502259,12.534356,1,0,0,0,0,0.000,0,0,0,2900758528
870,1.568806839,12.871453,13.488689,1,0,0,0,0,0.000,0,0,0,2900795392
871,1.582476352,13.669513,12.858645,1,0,0,0,0,0.000,0,0,0,2899771392
872,1.594116340,11.639988,13.537958,1,0,0,0,0,0.000,0,0,0,2899771392
873,1.605789677,11.673337,11.643248,1,0,0,0,0,0.000,0,0,0,2899808256
874,1.618084900,12.295223,11.697009,1,0,0,0,0,0.000,0,0,0,2899841024
875,1.629090123,11.005223,12.283382,1,0,0,0,0,0.000,0,0,0,2899845120
876,1.641497777,12.407654,11.010513,1,0,0,0,0,0.000,0,0,0,2899886080
877,1.653860960,12.363183,12.464265,1,0,0,0,0,0.000,0,0,0,2899918848
878,1.666866798,13.005838,12.480137,1,0,0,0,0,0.000,0,0,0,2899922944
879,1.678957236,12.090438,12.984777,1,0,0,0,0,0.000,0,0,0,2899951616
880,1.691976274,13.019038,12.097127,1,0,0,0,0,0.000,0,0,0,2899988480
881,1.704098802,12.122528,12.992977,1,0,0,0,0,0.000,0,0,0,2900017152
882,1.715400251,11.301449,12.155869,1,0,0,0,0,0.000,0,0,0,2900017152
883,1.727001728,11.601477,11.295350,1,0,0,0,0,0.000,0,0,0,2900058112
884,1.738025342,11.023614,11.566326,1,0,0,0,0,0.000,0,0,0,2900090880
885,1.748194487,10.169145,11.021243,1,0,0,0,0,0.000,0,0,0,2900090880
886,1.758543885,10.349398,10.069103,1,0,0,0,0,0.000,0,0,0,2900127744
887,1.767833280,9.289395,10.323128,1,0,0,0,0,0.000,0,0,0,2900127744
888,1.776690376,8.857096,9.253845,1,0,0,0,0,0.000,0,0,0,2900172800
889,1.785774567,9.084191,8.853685,1,0,0,0,0,0.000,0,0,0,2900172800
890,1.795275348,9.500781,9.116472,1,0,0,0,0,0.000,0,0,0,2900217856
891,1.804414430,9.139082,9.500230,1,0,0,0,0,0.000,0,0,0,2900217856
892,1.813703495,9.289065,9.157123,1,0,0,0,0,0.000,0,0,0,2900258816
893,1.822447968,8.744473,9.279885,1,0,0,0,0,0.000,0,0,0,2900267008
894,1.831546699,9.098731,8.749113,1,0,0,0,0,0.000,0,0,0,2900307968
895,1.840500858,8.954159,9.102171,1,0,0,0,0,0.000,0,0,0,2900312064
896,1.849495796,8.994938,8.944308,1,0,0,0,0,0.000,0,0,0,2900353024
897,1.859213512,9.717716,8.997119,1,0,0,0,0,0.000,0,0,0,2900377600
898,1.868682921,9.469409,9.691845,1,0,0,0,0,0.000,0,0,0,2900402176
899,1.878934897,10.251976,9.463519,1,0,0,0,0,0.000,0,0,0,2899394560
900,1.889216565,10.281668,10.257777,1,0,0,0,0,0.000,0,0,0,2899398656
901,1.898530261,9.313696,10.278747,1,0,0,0,0,0.000,0,0,0,2899443712
902,1.907786915,9.256654,9.320036,1,0,0,0,0,0.000,0,0,0,2899443712
903,1.917579452,9.792537,9.243804,1,0,0,0,0,0.000,0,0,0,2899484672
904,1.926729884,9.150432,9.804867,1,0,0,0,0,0.000,0,0,0,2899492864
905,1.935945398,9.215514,9.140362,1,0,0,0,0,0.000,0,0,0,2899533824
906,1.945159852,9.214454,9.248755,1,0,0,0,0,0.000,0,0,0,2899537920
907,1.955378728,10.218876,9.177733,1,0,0,0,0,0.000,0,0,0,2899578880
908,1.965671755,10.293027,10.685496,1,0,0,0,0,0.000,0,0,0,2899611648
909,1.975443981,9.772226,10.180206,1,0,0,0,0,0.000,0,0,0,2899611648
910,1.985558385,10.114404,9.821236,1,0,0,0,0,0.000,0,0,0,2899656704
911,1.995245089,9.686704,10.021722,1,0,0,0,0,0.000,0,0,0,2899656704
912,2.007248965,12.003876,9.939859,1,0,0,0,0,0.000,0,0,0,2899693568
913,2.017753177,10.504212,11.878503,1,0,0,0,0,0.000,0,0,0,2899722240
914,2.028531635,10.778458,10.402431,1,0,0,0,0,0.000,0,0,0,2899722240
915,2.039812274,11.280639,10.683455,1,0,0,0,0,0.000,0,0,0,2899763200
916,2.051048543,11.236269,11.258670,1,0,0,0,0,0.000,0,0,0,2899791872
917,2.061895023,10.846480,11.269589,1,0,0,0,0,0.000,0,0,0,2899795968
918,2.072461837,10.566814,10.832310,1,0,0,0,0,0.000,0,0,0,2899832832
919,2.083349118,10.887281,10.725976,1,0,0,0,0,0.000,0,0,0,2899832832
920,2.094526155,11.177037,10.910042,1,0,0,0,0,0.000,0,0,0,2899869696
921,2.106073809,11.547654,10.995043,1,0,0,0,0,0.000,0,0,0,2899902464
922,2.118220849,12.147040,11.523895,1,0,0,0,0,0.000,0,0,0,2899902464
923,2.130540251,12.319402,12.183419,1,0,0,0,0,0.000,0,0,0,2899939328
924,2.141841661,11.301410,12.312112,2,0,0,0,0,0.000,0,0,0,2899968000
925,2.153559000,11.717339,11.559896,2,0,0,0,0,0.000,0,0,0,2899972096
926,2.164756207,11.197207,11.531805,2,0,0,0,0,0.000,0,0,0,2900013056
927,2.175687009,10.930802,11.166737,2,0,0,0,0,0.000,0,0,0,2900045824
928,2.185665130,9.978121,11.090725,2,2,2,1,1,156.000,1,0,0,2900074496
929,2.195147810,9.482680,9.618763,2,2,2,1,1,156.000,1,0,0,2900131840
930,2.206863228,11.715418,9.512220,2,2,2,1,1,156.000,1,0,0,2900135936
931,2.218303982,11.440754,11.698538,2,2,2,1,1,156.000,1,0,0,2900185088
932,2.230507671,12.203689,11.387743,2,2,2,1,1,156.000,1,0,0,2900246528
933,2.241518025,11.010354,12.385213,2,2,2,1,1,156.000,1,0,0,2900271104
934,2.252942877,11.424852,10.901111,2,2,2,1,1,156.000,1,0,0,2900320256
935,2.263817318,10.874441,11.458334,2,2,2,1,1,156.000,1,0,0,2900357120
936,2.275147239,11.329921,10.867900,2,2,2,1,1,156.000,1,0,0,2900357120
937,2.286265585,11.118346,11.448273,2,2,2,1,1,156.000,1,0,0,2900398080
938,2.297361510,11.095925,11.062305,2,2,2,1,1,156.000,1,0,0,2900430848
939,2.308100417,10.738907,11.086915,2,2,2,1,1,156.000,1,0,0,2900434944
940,2.319222763,11.122346,10.809159,2,2,2,1,1,156.000,1,0,0,2900492288
941,2.330582564,11.359801,10.971253,2,2,2,1,1,156.000,1,0,0,2900520960
942,2.342804494,12.221930,11.422012,2,2,2,1,1,156.000,1,0,0,2900520960
943,2.353890509,11.086015,12.343504,2,2,2,1,1,156.000,1,0,0,2900561920
944,2.365738831,11.848322,10.803298,2,2,2,1,1,156.000,1,0,0,2900594688
945,2.377134663,11.395832,11.942314,2,2,2,1,1,156.000,1,0,0,2900594688
946,2.388862273,11.727610,11.380812,2,2,2,1,1,156.000,1,0,0,2900635648
947,2.400935340,12.073067,11.736369,2,2,2,1,1,156.000,1,0,0,2900668416
948,2.411954153,11.018813,12.081308,2,2,2,1,1,156.000,1,0,0,2900672512
949,2.423507499,11.553346,11.003253,2,2,2,1,1,156.000,1,0,0,2900709376
950,2.435046794,11.539295,11.572946,2,2,2,1,1,156.000,1,0,0,2900738048
951,2.446486937,11.440143,11.526305,3,4,4,1,3,296.000,3,0,0,2900811776
952,2.458443332,11.956395,11.492324,3,3,4,0,3,296.000,3,0,0,2900926464
953,2.472142414,13.699082,11.921003,3,3,4,0,3,296.000,3,0,0,2900959232
954,2.484417106,12.274692,13.716374,3,3,4,0,3,296.000,3,0,0,2900971520
955,2.495867939,11.450833,12.291051,3,3,4,0,3,296.000,3,0,0,2901020672
956,2.508061118,12.193179,11.398882,3,3,4,0,3,296.000,3,0,0,2901053440
957,2.519958751,11.897633,12.192100,3,3,4,0,3,296.000,3,0,0,2901053440
958,2.530818942,10.860191,11.936464,3,3,4,0,3,296.000,3,0,0,2901082112
959,2.542473150,11.654208,10.947652,3,3,4,0,3,296.000,3,0,0,2901123072
960,2.553412822,10.939672,11.612227,3,3,4,0,3,296.000,3,0,0,2901123072
961,2.565003997,11.591175,10.950332,3,3,4,0,3,296.000,3,0,0,2901159936
962,2.576293538,11.289541,11.553846,3,3,4,0,3,296.000,3,0,0,2901188608
963,2.587221528,10.927990,11.338990,3,3,4,0,3,296.000,3,0,0,2901188608
964,2.597001495,9.779967,10.866291,3,3,4,0,3,296.000,3,0,0,2901229568
965,2.606305121,9.303626,9.772036,3,3,4,0,3,296.000,3,0,0,2901245952
966,2.615781520,9.476399,9.338106,3,3,4,0,3,296.000,3,0,0,2901291008
967,2.625186058,9.404538,9.469889,3,3,4,0,3,296.000,3,0,0,2901348352
968,2.634348761,9.162703,9.380298,3,3,4,0,3,296.000,3,0,0,2901360640
969,2.643890112,9.541351,9.224064,3,3,4,0,3,296.000,3,0,0,2901467136
970,2.654499667,10.609555,9.557661,3,3,4,0,3,296.000,3,0,0,2901475328
971,2.665763516,11.263849,10.578774,3,3,4,0,3,296.000,3,0,0,2901516288
972,2.676631286,10.867770,11.209568,3,3,4,0,3,296.000,3,0,0,2901549056
973,2.687719631,11.088345,10.849960,3,3,4,0,3,296.000,3,0,0,2901549056
974,2.699278226,11.558595,11.114205,3,3,4,0,3,296.000,3,0,0,2901590016
975,2.711175319,11.897093,11.603127,3,3,4,0,3,296.000,3,0,0,2901626880
976,2.722654374,11.479055,11.842102,3,3,4,0,3,296.000,3,0,0,2901630976
977,2.733606766,10.952392,11.482374,3,3,4,0,3,296.000,3,0,0,2901676032
978,2.745736024,12.129258,10.953602,3,3,4,0,3,296.000,3,0,0,2901704704
979,2.757826921,12.090897,12.121688,3,3,4,0,3,296.000,3,0,0,2901704704
980,2.770380259,12.553338,12.094127,3,3,4,0,3,296.000,3,0,0,2901745664
981,2.782518178,12.137919,12.585999,3,3,4,0,3,296.000,3,0,0,2901778432
982,2.794715347,12.197169,12.140018,3,3,4,0,3,296.000,3,0,0,2901782528
983,2.806957958,12.242611,12.177649,3,3,4,0,3,296.000,3,0,0,2901819392
984,2.818702747,11.744789,12.260201,3,3,4,0,3,296.000,3,0,0,2901852160
985,2.830835446,12.132699,11.752790,3,3,4,0,3,296.000,3,0,0,2901852160
986,2.843019785,12.184339,12.106938,3,3,4,0,3,296.000,3,0,0,2901893120
987,2.855326337,12.306552,12.185049,3,3,4,0,3,296.000,3,0,0,2901925888
988,2.867733052,12.406715,12.342564,3,3,4,0,3,296.000,3,0,0,2901954560
989,2.880536475,12.803423,12.364933,3,3,4,0,3,296.000,3,0,0,2901954560
990,2.892956599,12.420124,12.832524,3,3,4,0,3,296.000,3,0,0,2901995520
991,2.905546728,12.590129,12.399603,3,3,4,0,3,296.000,3,0,0,2902044672
992,2.917175284,11.628556,12.619310,3,3,4,0,3,296.000,3,0,0,2902044672
993,2.930036639,12.861355,11.595827,3,3,4,0,3,296.000,3,0,0,2902077440
994,2.941837450,11.800811,12.863343,3,3,4,0,3,296.000,3,0,0,2902106112
995,2.954200613,12.363163,11.797771,3,3,4,0,3,296.000,3,0,0,2902106112
996,2.966142947,11.942334,12.408125,3,3,4,0,3,296.000,3,0,0,2902134784
997,2.977673573,11.530626,11.913554,3,3,4,0,3,296.000,3,0,0,2902171648
998,2.989878192,12.204619,11.517634,3,3,4,0,3,296.000,3,0,0,2902200320
999,3.001953529,12.075337,12.209380,3,3,4,0,3,296.000,3,0,0,2902200320
1000,3.014311922,12.358393,12.068216,3,3,4,0,3,296.000,3,0,0,2902237184
1001,3.026427431,12.115509,12.386875,3,3,4,0,3,296.000,3,0,0,2902269952
1002,3.039759415,13.331984,12.113588,3,3,4,0,3,296.000,3,0,0,2902278144
1003,3.052063507,12.304092,13.301434,3,3,4,0,3,296.000,3,0,0,2902306816
1004,3.064118274,12.054767,12.308521,3,3,4,0,3,296.000,3,0,0,2902339584
1005,3.076598490,12.480216,12.077528,3,3,4,0,3,296.000,3,0,0,2902364160
1006,3.088950093,12.351603,12.454585,3,3,4,0,3,296.000,3,0,0,2902368256
1007,3.101102072,12.151979,12.343563,3,3,4,0,3,296.000,3,0,0,2902409216
1008,3.114308663,13.206591,12.117618,3,3,4,0,3,296.000,3,0,0,2902437888
1009,3.125926501,11.617838,13.185682,3,3,4,0,3,296.000,3,0,0,2902437888
1010,3.137538398,11.611897,11.614156,3,3,4,0,3,296.000,3,0,0,2902470656
1011,3.149231676,11.693278,11.641648,3,3,4,0,3,296.000,3,0,0,2902507520
1012,3.162219573,12.987897,11.660747,3,3,4,0,3,296.000,3,0,0,2902507520
1013,3.174136576,11.917003,12.999228,3,3,4,0,3,296.000,3,0,0,2902540288
1014,3.186989951,12.853375,11.928204,3,3,4,0,3,296.000,3,0,0,2902577152
1015,3.199470606,12.480655,12.841344,3,3,4,0,3,296.000,3,0,0,2902605824
1016,3.211542444,12.071838,12.513677,3,3,4,0,3,296.000,3,0,0,2902609920
1017,3.223773724,12.231280,12.150898,3,3,4,0,3,296.000,3,0,0,2902675456
1018,3.236457554,12.683830,12.118468,3,3,4,0,3,296.000,3,0,0,2902712320
1019,3.249297228,12.839674,12.726272,3,3,4,0,3,296.000,3,0,0,2902724608
1020,3.261453927,12.156699,12.803763,3,3,4,0,3,296.000,3,0,0,2902765568
1021,3.274187069,12.733142,12.166879,3,3,4,0,3,296.000,3,0,0,2902798336
1022,3.286488880,12.301811,12.691190,3,3,4,0,3,296.000,3,0,0,2902851584
1023,3.298469395,11.980515,12.324323,3,3,4,0,3,296.000,3,0,0,2902851584
1024,3.310301497,11.832102,12.011936,3,3,4,0,3,296.000,3,0,0,2902888448
1025,3.322770603,12.469106,11.784670,3,3,4,0,3,296.000,3,0,0,2902921216
1026,3.335433633,12.663030,12.462526,3,3,4,0,3,296.000,3,0,0,2902921216
1027,3.347403497,11.969864,12.726811,3,3,4,0,3,296.000,3,0,0,2902958080
1028,3.358256458,10.852961,12.193790,3,3,4,0,3,296.000,3,0,0,2902999040
1029,3.369945526,11.689068,11.230738,3,3,4,0,3,296.000,3,0,0,2903003136
1030,3.381747058,11.801532,11.137926,3,3,4,0,3,296.000,3,0,0,2903040000
1031,3.393111198,11.364140,11.778771,3,3,4,0,3,296.000,3,0,0,2903085056
1032,3.404649894,11.538696,11.384471,3,3,4,0,3,296.000,3,0,0,2903085056
1033,3.416762502,12.112608,11.514865,3,3,4,0,3,296.000,3,0,0,2903121920
1034,3.428659835,11.897333,12.109288,3,3,4,0,3,296.000,3,0,0,2903154688
1035,3.440546247,11.886412,11.895523,3,3,4,0,3,296.000,3,0,0,2903154688
1036,3.452871550,12.325303,11.905683,3,3,4,0,3,296.000,3,0,0,2903187456
1037,3.464982058,12.110508,12.299382,3,3,4,0,3,296.000,3,0,0,2903216128
1038,3.477274729,12.292671,12.138298,3,3,4,0,3,296.000,3,0,0,2903244800
1039,3.489608943,12.334214,12.310523,3,3,4,0,3,296.000,3,0,0,2903269376
1040,3.502137579,12.528636,12.306602,3,3,4,0,3,296.000,3,0,0,2903326720
1041,3.514044222,11.906643,12.532597,3,3,4,0,3,296.000,3,0,0,2903359488
1042,3.526095649,12.051427,11.906213,3,3,4,0,3,296.000,3,0,0,2903367680
1043,3.537886670,11.791021,12.052366,3,3,4,0,3,296.000,3,0,0,2903400448
1044,3.549486496,11.599826,11.791411,3,3,4,0,3,296.000,3,0,0,2903437312
1045,3.561473871,11.987375,11.624748,3,3,4,0,3,296.000,3,0,0,2903437312
1046,3.573644251,12.170380,12.009595,3,3,4,0,3,296.000,3,0,0,2903478272
1047,3.585539483,11.895232,12.130618,3,3,4,0,3,296.000,3,0,0,2903515136
1048,3.597186141,11.646658,11.914174,3,3,4,0,3,296.000,3,0,0,2903515136
1049,3.608479130,11.292989,11.615306,3,3,4,0,3,296.000,3,0,0,2903547904
1050,3.619886573,11.407443,11.314641,3,3,4,0,3,296.000,3,0,0,2903584768
1051,3.631606341,11.719768,11.376621,3,3,4,0,3,296.000,3,0,0,2903584768
1052,3.642880552,11.274211,11.726320,3,3,4,0,3,296.000,3,0,0,2903625728
1053,3.654674283,11.793731,11.273779,3,3,4,0,3,296.000,3,0,0,2903658496
1054,3.666443952,11.769669,11.805691,3,3,4,0,3,296.000,3,0,0,2903658496
1055,3.678447737,12.003785,11.789691,3,3,4,0,3,296.000,3,0,0,2903691264
1056,3.690609716,12.161979,11.991365,3,3,4,0,3,296.000,3,0,0,2903724032
1057,3.702443038,11.833322,12.124108,3,3,4,0,3,296.000,3,0,0,2903724032
1058,3.713349049,10.906011,11.860242,3,3,4,0,3,296.000,3,0,0,2903752704
1059,3.725092099,11.743050,10.901491,3,3,4,0,3,296.000,3,0,0,2903797760
1060,3.736561572,11.469473,11.730749,3,3,4,0,3,296.000,3,0,0,2903797760
1061,3.748120108,11.558536,11.488535,3,3,4,0,3,296.000,3,0,0,2903830528
1062,3.760234006,12.113898,11.548925,3,3,4,0,3,296.000,3,0,0,2903875584
1063,3.771902504,11.668498,12.119207,3,3,4,0,3,296.000,3,0,0,2903879680
1064,3.783676594,11.774090,11.638838,3,3,4,0,3,296.000,3,0,0,2903912448
1065,3.795483655,11.807061,11.786451,3,3,4,0,3,296.000,3,0,0,2903949312
1066,3.807295477,11.811822,11.836312,3,3,4,0,3,296.000,3,0,0,2903949312
1067,3.819045397,11.749920,11.827231,3,3,4,0,3,296.000,3,0,0,2903986176
1068,3.831227306,12.181909,11.701719,3,3,4,0,3,296.000,3,0,0,2904018944
1069,3.843428375,12.201069,12.176229,3,3,4,0,3,296.000,3,0,0,2904047616
1070,3.856674378,13.246003,12.238701,3,3,4,0,3,296.000,3,0,0,2904047616
1071,3.870166867,13.492489,13.211492,3,3,4,0,3,296.000,3,0,0,2904084480
1072,3.883274527,13.107660,13.497208,3,3,4,0,3,296.000,3,0,0,2904113152
1073,3.895618129,12.343602,13.107330,3,3,4,0,3,296.000,3,0,0,2904137728
1074,3.908064185,12.446056,12.352093,3,3,4,0,3,296.000,3,0,0,2904137728
1075,3.920141432,12.077247,12.444755,3,3,4,0,3,296.000,3,0,0,2904195072
1076,3.932227179,12.085747,12.092837,3,3,4,0,3,296.000,3,0,0,2904231936
1077,3.944489980,12.262801,12.086418,3,3,4,0,3,296.000,3,0,0,2904231936
1078,3.956878144,12.388164,12.267782,3,3,4,0,3,296.000,3,0,0,2904264704
1079,3.969932763,13.054619,12.359972,3,3,4,0,3,296.000,3,0,0,2904297472
1080,3.982529351,12.596588,13.056199,3,3,4,0,3,296.000,3,0,0,2904322048
1081,3.994897425,12.368074,12.658500,3,3,4,0,3,296.000,3,0,0,2904322048
1082,4.007504283,12.606858,12.333793,3,3,4,0,3,296.000,3,0,0,2904363008
1083,4.019997280,12.492997,13.157691,3,3,4,0,3,296.000,3,0,0,2904395776
1084,4.030873831,10.876551,11.909303,3,3,4,0,3,296.000,3,0,0,2904395776
1085,4.041598817,10.724986,10.880571,3,3,4,0,3,296.000,3,0,0,2904432640
1086,4.052291224,10.692407,10.726957,3,3,4,0,3,296.000,3,0,0,2904461312
1087,4.063075753,10.784529,10.736897,3,3,4,0,3,296.000,3,0,0,2904461312
1088,4.074235569,11.159816,10.733897,3,3,4,0,3,296.000,3,0,0,2904502272
1089,4.084632379,10.396810,11.164087,3,3,4,0,3,296.000,3,0,0,2904502272
1090,4.096287557,11.655178,10.386000,3,3,4,0,3,296.000,3,0,0,2904543232
1091,4.108787113,12.499556,11.707839,3,3,4,0,3,296.000,3,0,0,2904571904
1092,4.120737527,11.950414,12.458446,3,3,4,0,3,296.000,3,0,0,2904584192
1093,4.132297883,11.560356,11.959344,3,3,4,0,3,296.000,3,0,0,2904629248
1094,4.141770032,9.472149,11.609016,3,3,4,0,3,296.000,3,0,0,2904670208
1095,4.151265902,9.495870,9.417709,3,3,4,0,3,296.000,3,0,0,2904674304
1096,4.161230173,9.964271,9.488339,3,3,4,0,3,296.000,3,0,0,2904719360
1097,4.170721982,9.491809,9.967361,3,3,4,0,3,296.000,3,0,0,2904719360
1098,4.179881725,9.159743,9.483030,3,3,4,0,3,296.000,3,0,0,2904764416
1099,4.191109204,11.227479,9.158462,3,3,4,0,3,296.000,3,0,0,2904784896
1100,4.201301349,10.192145,11.229358,3,3,4,0,3,296.000,3,0,0,2904801280
1101,4.211475203,10.173854,10.220296,3,3,4,0,3,296.000,3,0,0,2904846336
1102,4.221864664,10.389461,10.183125,3,3,4,0,3,296.000,3,0,0,2904866816
1103,4.232240823,10.376159,10.349800,3,3,4,0,3,296.000,3,0,0,2904907776
1104,4.243178335,10.937512,10.403009,3,3,4,0,3,296.000,3,0,0,2904911872
1105,4.253226497,10.048162,10.951912,3,3,4,0,3,296.000,3,0,0,2904948736
1106,4.263866602,10.640105,10.006572,3,3,4,0,3,296.000,3,0,0,2904989696
1107,4.274779143,10.912541,10.641575,3,3,4,0,3,296.000,3,0,0,2904989696
1108,4.285695944,10.916801,10.911652,3,3,4,0,3,296.000,3,0,0,2905034752
1109,4.295664955,9.969011,10.998683,3,3,4,0,3,296.000,3,0,0,2905034752
1110,4.306057195,10.392240,9.997661,3,3,4,0,3,296.000,3,0,0,2905063424
1111,4.316902785,10.845590,10.387379,3,3,4,0,3,296.000,3,0,0,2905108480
1112,4.327190832,10.288047,10.835430,3,3,4,0,3,296.000,3,0,0,2905108480
1113,4.338707817,11.516985,10.283937,3,3,4,0,3,296.000,3,0,0,2905145344
1114,4.350115079,11.407262,11.491815,3,3,4,0,3,296.000,3,0,0,2905174016
1115,4.360419817,10.304738,11.392841,3,3,4,0,3,296.000,3,0,0,2905174016
1116,4.371153325,10.733508,10.292158,3,3,4,0,3,296.000,3,0,0,2905219072
1117,4.382061546,10.908221,10.693896,3,3,4,0,3,296.000,3,0,0,2905223168
1118,4.392825603,10.764057,10.935902,3,3,4,0,3,296.000,3,0,0,2905264128
1119,4.403023029,10.197426,10.764198,3,3,4,0,3,296.000,3,0,0,2905300992
1120,4.413964321,10.941292,10.216696,3,3,4,0,3,296.000,3,0,0,2905300992
1121,4.424346600,10.382279,10.954632,3,3,4,0,3,296.000,3,0,0,2905341952
1122,4.434792241,10.445641,10.378809,3,3,4,0,3,296.000,3,0,0,2905346048
1123,4.444918475,10.126234,10.386661,3,3,4,0,3,296.000,3,0,0,2905382912
1124,4.454861455,9.942980,10.175445,4,3,4,0,3,296.000,3,0,0,2905546752
