frame,wall_ms,sim_ms,phase,power,dormant,revision,panel_health,physics,debris_x,debris_y,debris_z,player_x,player_y,player_z,health,ammo,rival_health,infected_health
310,17.792743,211.744871,1,0,1,0,68.000,0,6500.000,700.000,110.000,0.000,0.000,90.000,100.000,60,-1.000,-1.000
311,22.664021,33.335108,1,0,1,0,68.000,0,6500.000,700.000,110.000,0.000,0.000,90.000,100.000,60,-1.000,-1.000
312,35.195829,33.334557,1,0,1,0,68.000,0,6500.000,700.000,110.000,0.000,0.000,90.000,100.000,60,-1.000,-1.000
313,30.323250,33.334507,1,0,1,0,68.000,0,6500.000,700.000,110.000,0.000,0.000,90.000,100.000,60,-1.000,-1.000
314,32.988030,33.334148,1,0,1,0,68.000,0,6500.000,700.000,110.000,6140.000,390.000,90.000,100.000,60,-1.000,-1.000
315,36.441845,33.335636,1,0,0,0,68.000,0,6500.000,700.000,110.000,6140.000,390.000,90.000,100.000,60,-1.000,-1.000
316,35.660569,33.335457,1,0,0,0,68.000,0,6500.000,700.000,110.000,6140.000,390.000,90.000,100.000,60,-1.000,-1.000
317,28.621173,33.333738,1,0,0,0,68.000,0,6500.000,700.000,110.000,6140.000,390.000,90.000,100.000,60,-1.000,-1.000
318,34.290198,33.335237,1,0,0,0,68.000,0,6500.000,700.000,110.000,6140.000,390.000,90.000,100.000,60,-1.000,-1.000
319,32.216323,33.334057,1,0,0,0,68.000,0,6500.000,700.000,110.000,6140.000,390.000,90.000,100.000,60,-1.000,-1.000
320,32.174841,33.334736,1,0,0,0,68.000,0,6500.000,700.000,110.000,6140.000,390.000,90.000,100.000,60,-1.000,-1.000
321,33.042961,33.334398,1,0,0,0,68.000,0,6500.000,700.000,110.000,6140.000,390.000,90.000,100.000,60,-1.000,-1.000
322,33.457780,33.335277,1,0,0,0,68.000,0,6500.000,700.000,110.000,6140.000,390.000,90.000,100.000,60,-1.000,-1.000
323,33.261545,33.333907,1,0,0,0,68.000,0,6500.000,700.000,110.000,6140.000,390.000,90.000,100.000,60,-1.000,-1.000
324,33.237995,33.335088,1,0,0,0,68.000,0,6500.000,700.000,110.000,6140.000,390.000,90.000,100.000,60,-1.000,-1.000
325,33.294396,33.334157,1,0,0,0,68.000,0,6500.000,700.000,110.000,6140.000,390.000,90.000,100.000,60,-1.000,-1.000
326,33.196345,33.334686,1,0,0,0,68.000,0,6500.000,700.000,110.000,6140.000,390.000,90.000,100.000,60,-1.000,-1.000
327,33.337857,33.334928,1,0,0,0,68.000,0,6500.000,700.000,110.000,6140.000,390.000,90.000,100.000,60,-1.000,-1.000
328,33.642934,33.334737,1,0,0,0,68.000,0,6500.000,700.000,110.000,6140.000,390.000,90.000,100.000,60,-1.000,-1.000
329,33.067411,33.333767,1,0,0,0,68.000,0,6500.000,700.000,110.000,6140.000,390.000,90.000,100.000,60,-1.000,-1.000
330,33.297226,33.335548,1,0,0,0,68.000,0,6500.000,700.000,110.000,6140.000,390.000,90.000,100.000,60,-1.000,-1.000
331,33.610974,33.335356,1,0,0,0,68.000,0,6500.000,700.000,110.000,6140.000,390.000,90.000,100.000,60,-1.000,-1.000
332,32.931987,33.335427,1,0,0,0,68.000,0,6500.000,700.000,110.000,6140.000,390.000,90.000,100.000,60,-1.000,-1.000
333,33.599174,33.333848,1,0,0,0,68.000,0,6500.000,700.000,110.000,6140.000,390.000,90.000,100.000,60,-1.000,-1.000
334,33.463020,33.333757,1,0,0,0,68.000,0,6500.000,700.000,110.000,6140.000,390.000,90.000,100.000,60,-1.000,-1.000
335,32.994460,33.334977,1,0,0,0,68.000,0,6500.000,700.000,110.000,6140.000,390.000,90.000,100.000,60,-1.000,-1.000
336,33.459689,33.334687,1,0,0,0,68.000,0,6500.000,700.000,110.000,6140.000,390.000,90.000,100.000,60,-1.000,-1.000
337,33.462420,33.335487,1,0,0,0,68.000,0,6500.000,700.000,110.000,6140.000,390.000,90.000,100.000,60,-1.000,-1.000
338,33.249276,33.333807,1,0,0,0,68.000,0,6500.000,700.000,110.000,6140.000,390.000,90.000,100.000,60,-1.000,-1.000
339,33.368337,33.335468,1,0,0,0,68.000,0,6500.000,700.000,110.000,6140.000,390.000,90.000,100.000,60,-1.000,-1.000
340,33.442630,33.335397,1,0,0,0,68.000,0,6500.000,700.000,110.000,6140.000,390.000,90.000,100.000,60,-1.000,-1.000
341,33.396629,33.335187,1,0,0,0,68.000,0,6500.000,700.000,110.000,6140.000,390.000,90.000,100.000,60,-1.000,-1.000
342,33.525270,33.334927,1,0,0,0,68.000,0,6500.000,700.000,110.000,6140.000,390.000,90.000,100.000,60,-1.000,-1.000
343,33.151013,33.334847,1,0,0,0,68.000,0,6500.000,700.000,110.000,6140.000,390.000,90.000,100.000,60,-1.000,-1.000
344,33.310648,33.334447,1,0,0,0,68.000,0,6500.000,700.000,110.000,6140.000,390.000,90.000,100.000,60,-1.000,-1.000
345,33.317536,33.334908,1,0,0,0,68.000,0,6500.000,700.000,110.000,6140.000,390.000,90.000,100.000,60,-1.000,-1.000
346,33.314787,33.334377,1,0,0,0,68.000,0,6500.000,700.000,110.000,6140.000,390.000,90.000,100.000,60,-1.000,-1.000
347,33.312537,33.335077,1,0,0,0,68.000,0,6500.000,700.000,110.000,6140.000,390.000,90.000,100.000,60,-1.000,-1.000
348,33.507130,33.334517,1,0,0,0,68.000,0,6500.000,700.000,110.000,6140.000,390.000,90.000,100.000,60,-1.000,-1.000
349,33.124153,33.334867,1,0,0,0,68.000,0,6500.000,700.000,110.000,6140.000,390.000,90.000,100.000,60,-1.000,-1.000
350,33.181533,33.335097,1,0,0,0,68.000,0,6500.000,700.000,110.000,6140.000,390.000,90.000,100.000,60,-1.000,-1.000
351,33.091313,33.333798,1,0,0,0,68.000,0,6500.000,700.000,110.000,6140.000,390.000,90.000,100.000,60,-1.000,-1.000
352,33.133753,33.334887,1,0,0,0,68.000,0,6500.000,700.000,110.000,6140.000,390.000,90.000,100.000,60,-1.000,-1.000
353,33.205574,33.335096,1,0,0,0,68.000,0,6500.000,700.000,110.000,6140.000,390.000,90.000,100.000,60,-1.000,-1.000
354,33.511250,33.335677,1,0,0,0,68.000,0,6500.000,700.000,110.000,6140.000,390.000,90.000,100.000,60,-1.000,-1.000
355,33.227606,33.335588,1,0,0,0,68.000,0,6500.000,700.000,110.000,6140.000,390.000,90.000,100.000,60,-1.000,-1.000
356,33.558611,33.335407,1,0,0,0,68.000,0,6500.000,700.000,110.000,6140.000,390.000,90.000,100.000,60,-1.000,-1.000
357,33.170714,33.335147,1,0,0,0,68.000,0,6500.000,700.000,110.000,6140.000,390.000,90.000,100.000,60,-1.000,-1.000
358,33.180523,33.334818,1,0,0,0,68.000,0,6500.000,700.000,110.000,6140.000,390.000,90.000,100.000,60,-1.000,-1.000
359,33.600084,33.335576,1,0,0,0,68.000,0,6500.000,700.000,110.000,6140.000,390.000,90.000,100.000,60,-1.000,-1.000
360,33.573552,33.335617,1,0,0,0,68.000,0,6500.000,700.000,110.000,6140.000,390.000,90.000,100.000,60,-1.000,-1.000
361,33.309057,33.335218,1,0,0,0,68.000,0,6500.000,700.000,110.000,6140.000,390.000,90.000,100.000,60,-1.000,-1.000
362,33.182123,33.334017,1,0,0,0,68.000,0,6500.000,700.000,110.000,6140.000,390.000,90.000,100.000,60,-1.000,-1.000
363,33.082862,33.333767,1,0,0,0,68.000,0,6500.000,700.000,110.000,6140.000,390.000,90.000,100.000,60,-1.000,-1.000
364,34.621766,33.335498,26,0,0,0,68.000,0,6500.000,700.000,110.000,6140.000,390.000,90.000,100.000,60,-1.000,-1.000
365,716.359061,33.335546,26,0,0,0,68.000,0,6500.000,700.000,110.000,6140.000,390.000,90.000,100.000,60,-1.000,-1.000
366,8.356174,688.247770,26,0,0,0,68.000,0,6500.000,700.000,110.000,6140.000,390.000,90.000,100.000,60,-1.000,-1.000
367,27.799245,33.334246,26,0,0,0,68.000,0,6500.000,700.000,110.000,6140.000,390.000,90.000,100.000,60,-1.000,-1.000
368,33.341007,33.334208,2,0,0,0,68.000,0,6500.000,700.000,110.000,6140.000,390.000,90.000,100.000,60,-1.000,-1.000
369,34.827210,33.334267,2,1,0,1,68.000,0,6500.000,700.000,110.000,6140.000,390.000,90.000,100.000,60,-1.000,-1.000
370,33.296866,33.334467,2,1,0,1,68.000,0,6500.000,700.000,110.000,6140.000,390.000,90.000,100.000,60,-1.000,-1.000
371,32.982420,33.334768,2,1,0,1,68.000,0,6500.000,700.000,110.000,6140.000,390.000,90.000,100.000,60,-1.000,-1.000
372,33.320717,33.335687,2,1,0,1,68.000,0,6500.000,700.000,110.000,6140.000,390.000,90.000,100.000,60,-1.000,-1.000
373,33.247375,33.335306,2,1,0,1,68.000,0,6500.000,700.000,110.000,6140.000,390.000,90.000,100.000,60,-1.000,-1.000
374,33.390068,33.335388,2,1,0,1,68.000,0,6500.000,700.000,110.000,6140.000,390.000,90.000,100.000,60,-1.000,-1.000
375,33.578273,33.334957,2,1,0,1,68.000,0,6500.000,700.000,110.000,6140.000,390.000,90.000,100.000,60,-1.000,-1.000
376,33.388188,33.334577,2,1,0,1,68.000,0,6500.000,700.000,110.000,6140.000,390.000,90.000,100.000,60,-1.000,-1.000
377,33.275276,33.335038,2,1,0,1,68.000,0,6500.000,700.000,110.000,6140.000,390.000,90.000,100.000,60,-1.000,-1.000
378,34.497873,33.334366,2,1,0,1,68.000,0,6500.000,700.000,110.000,6140.000,390.000,90.000,100.000,60,-1.000,-1.000
379,32.501108,33.334927,2,1,0,1,68.000,0,6500.000,700.000,110.000,6140.000,390.000,90.000,100.000,60,-1.000,-1.000
380,33.441780,33.335498,3,1,0,1,68.000,0,6500.000,700.000,110.000,6140.000,390.000,90.000,100.000,60,-1.000,-1.000
381,33.171454,33.335057,3,1,0,1,68.000,0,6500.000,700.000,110.000,5900.000,390.000,90.000,100.000,60,-1.000,-1.000
382,32.933638,33.334657,3,1,0,1,68.000,0,6500.000,700.000,110.000,5900.000,390.000,90.000,100.000,60,-1.000,-1.000
383,33.327697,33.335727,3,1,0,1,68.000,0,6500.000,700.000,110.000,5900.000,390.000,90.000,100.000,60,-1.000,-1.000
384,33.204044,33.334507,3,1,0,1,68.000,0,6500.000,700.000,110.000,5900.000,390.000,90.000,100.000,60,-1.000,-1.000
385,33.647174,33.334387,3,1,0,1,68.000,0,6500.000,700.000,110.000,5900.000,390.000,90.000,100.000,60,-1.000,-1.000
386,33.326527,33.334167,3,1,0,1,68.000,0,6500.000,700.000,110.000,5900.000,390.000,90.000,100.000,60,-1.000,-1.000
387,33.212575,33.335338,3,1,0,1,68.000,0,6500.000,700.000,110.000,5900.000,390.000,90.000,100.000,60,-1.000,-1.000
388,33.239355,33.334237,3,1,0,1,68.000,0,6500.000,700.000,110.000,5900.000,390.000,90.000,100.000,60,-1.000,-1.000
389,33.361917,33.334276,3,1,0,1,68.000,0,6500.000,700.000,110.000,5900.000,390.000,90.000,100.000,60,-1.000,-1.000
390,33.357908,33.334438,3,1,0,1,68.000,0,6500.000,700.000,110.000,5900.000,390.000,90.000,100.000,60,-1.000,-1.000
391,33.730675,33.335687,3,1,0,1,68.000,0,6500.000,700.000,110.000,5900.000,390.000,90.000,100.000,60,-1.000,-1.000
392,33.271717,33.334377,3,1,0,1,68.000,0,6500.000,700.000,110.000,5900.000,390.000,90.000,100.000,60,-1.000,-1.000
393,33.244545,33.334608,3,1,0,1,68.000,0,6500.000,700.000,110.000,5900.000,390.000,90.000,100.000,60,-1.000,-1.000
394,33.508930,33.335406,3,1,0,1,68.000,0,6500.000,700.000,110.000,5900.000,390.000,90.000,100.000,60,-1.000,-1.000
395,33.337178,33.335137,3,1,0,1,68.000,0,6500.000,700.000,110.000,5900.000,390.000,90.000,100.000,60,-1.000,-1.000
396,33.178674,33.334838,3,1,0,1,68.000,0,6500.000,700.000,110.000,5900.000,390.000,90.000,100.000,60,-1.000,-1.000
397,33.521221,33.334147,3,1,0,1,68.000,0,6500.000,700.000,110.000,5900.000,390.000,90.000,100.000,60,-1.000,-1.000
398,33.320168,33.335367,3,1,0,1,68.000,0,6500.000,700.000,110.000,5900.000,390.000,90.000,100.000,60,-1.000,-1.000
399,33.099282,33.335358,3,1,0,1,68.000,0,6500.000,700.000,110.000,5900.000,390.000,90.000,100.000,60,-1.000,-1.000
400,33.123292,33.333717,3,1,0,1,68.000,0,6500.000,700.000,110.000,5900.000,390.000,90.000,100.000,60,-1.000,-1.000
401,33.240575,33.334257,3,1,0,1,68.000,0,6500.000,700.000,110.000,5900.000,390.000,90.000,100.000,60,-1.000,-1.000
402,33.369617,33.334347,3,1,0,1,68.000,0,6500.000,700.000,110.000,5900.000,390.000,90.000,100.000,60,-1.000,-1.000
403,33.279177,33.334607,3,1,0,1,68.000,0,6500.000,700.000,110.000,5900.000,390.000,90.000,100.000,60,-1.000,-1.000
404,33.344607,33.335177,3,1,0,1,68.000,0,6500.000,700.000,110.000,5900.000,390.000,90.000,100.000,60,-1.000,-1.000
405,33.496410,33.334718,3,1,0,1,68.000,0,6500.000,700.000,110.000,5900.000,390.000,90.000,100.000,60,-1.000,-1.000
406,33.297577,33.334847,3,1,0,1,68.000,0,6500.000,700.000,110.000,5900.000,390.000,90.000,100.000,60,-1.000,-1.000
407,33.330667,33.334957,3,1,0,1,68.000,0,6500.000,700.000,110.000,5900.000,390.000,90.000,100.000,60,-1.000,-1.000
408,33.186773,33.333867,3,1,0,1,68.000,0,6500.000,700.000,110.000,5900.000,390.000,90.000,100.000,60,-1.000,-1.000
409,33.411830,33.335667,3,1,0,1,68.000,0,6500.000,700.000,110.000,5900.000,390.000,90.000,100.000,60,-1.000,-1.000
410,33.414468,33.335627,4,1,0,1,68.000,0,6500.000,700.000,110.000,5900.000,390.000,90.000,100.000,60,-1.000,-1.000
411,33.504992,33.335538,4,1,0,1,68.000,0,6500.000,700.000,110.000,6200.000,610.000,90.000,100.000,60,-1.000,-1.000
412,33.159173,33.335477,4,1,0,1,68.000,0,6500.000,700.000,110.000,6200.000,610.000,90.000,100.000,60,-1.000,-1.000
413,33.284136,33.335456,4,1,0,1,68.000,0,6500.000,700.000,110.000,6200.000,610.000,90.000,100.000,60,-1.000,-1.000
414,33.283705,33.333908,4,1,0,1,68.000,0,6500.000,700.000,110.000,6200.000,610.000,90.000,100.000,60,-1.000,-1.000
415,33.332588,33.334867,4,1,0,1,68.000,0,6500.000,700.000,110.000,6200.000,610.000,90.000,100.000,60,-1.000,-1.000
416,33.321717,33.334067,4,1,0,1,68.000,0,6500.000,700.000,110.000,6200.000,610.000,90.000,100.000,60,-1.000,-1.000
417,33.360457,33.334147,4,1,0,1,68.000,0,6500.000,700.000,110.000,6200.000,610.000,90.000,100.000,60,-1.000,-1.000
418,33.153643,33.334168,4,1,0,1,68.000,0,6500.000,700.000,110.000,6200.000,610.000,90.000,100.000,60,-1.000,-1.000
419,33.734496,33.334556,4,1,0,1,68.000,0,6500.000,700.000,110.000,6200.000,610.000,90.000,100.000,60,-1.000,-1.000
420,33.271336,33.334977,4,1,0,1,68.000,0,6500.000,700.000,110.000,6200.000,610.000,90.000,100.000,60,-1.000,-1.000
421,33.144423,33.334288,4,1,0,1,68.000,0,6500.000,700.000,110.000,6200.000,610.000,90.000,100.000,60,-1.000,-1.000
422,33.116723,33.334237,4,1,0,1,68.000,0,6500.000,700.000,110.000,6200.000,610.000,90.000,100.000,60,-1.000,-1.000
423,33.316656,33.334367,4,1,0,1,68.000,0,6500.000,700.000,110.000,6200.000,610.000,90.000,100.000,60,-1.000,-1.000
424,33.382818,33.335248,4,1,0,1,68.000,0,6500.000,700.000,110.000,6200.000,610.000,90.000,100.000,60,-1.000,-1.000
425,33.529842,33.335556,4,1,0,1,68.000,0,6500.000,700.000,110.000,6200.000,610.000,90.000,100.000,60,-1.000,-1.000
426,33.114152,33.334647,4,1,0,1,68.000,0,6500.000,700.000,110.000,6200.000,610.000,90.000,100.000,60,-1.000,-1.000
427,33.334557,33.334208,4,1,0,1,68.000,0,6500.000,700.000,110.000,6200.000,610.000,90.000,100.000,60,-1.000,-1.000
428,33.389839,33.334317,4,1,0,1,68.000,0,6500.000,700.000,110.000,6200.000,610.000,90.000,100.000,60,-1.000,-1.000
429,33.441619,33.335147,4,1,0,1,68.000,0,6500.000,700.000,110.000,6200.000,610.000,90.000,100.000,60,-1.000,-1.000
430,33.321987,33.334488,4,1,0,1,68.000,0,6500.000,700.000,110.000,6200.000,610.000,90.000,100.000,60,-1.000,-1.000
431,33.083971,33.335036,4,1,0,1,68.000,0,6500.000,700.000,110.000,6200.000,610.000,90.000,100.000,60,-1.000,-1.000
432,33.434921,33.334697,4,1,0,1,68.000,0,6500.000,700.000,110.000,6200.000,610.000,90.000,100.000,60,-1.000,-1.000
433,33.320446,33.335678,4,1,0,1,68.000,0,6500.000,700.000,110.000,6200.000,610.000,90.000,100.000,60,-1.000,-1.000
434,33.438830,33.334087,4,1,0,1,68.000,0,6500.000,700.000,110.000,6200.000,610.000,90.000,100.000,60,-1.000,-1.000
435,33.299356,33.334507,4,1,0,1,68.000,0,6500.000,700.000,110.000,6200.000,610.000,90.000,100.000,60,-1.000,-1.000
436,33.336567,33.334128,4,1,0,1,68.000,0,6500.000,700.000,110.000,6200.000,610.000,90.000,100.000,60,-1.000,-1.000
437,33.252425,33.334556,4,1,0,1,68.000,0,6500.000,700.000,110.000,6200.000,610.000,90.000,100.000,60,-1.000,-1.000
438,33.349738,33.334807,4,1,0,1,68.000,0,6500.000,700.000,110.000,6200.000,610.000,90.000,100.000,60,-1.000,-1.000
439,33.521331,33.335518,4,1,0,1,68.000,0,6500.000,700.000,110.000,6200.000,610.000,90.000,100.000,60,-1.000,-1.000
440,33.583133,33.334147,5,1,0,1,68.000,0,6500.000,700.000,110.000,6200.000,610.000,90.000,100.000,60,-1.000,-1.000
441,34.949583,33.334467,5,1,0,2,34.000,0,6500.000,700.000,110.000,6200.000,610.000,90.000,100.000,59,-1.000,-1.000
442,31.431834,33.334787,5,1,0,2,34.000,0,6500.000,700.000,110.000,6200.000,610.000,90.000,100.000,59,-1.000,-1.000
443,33.644285,33.335257,6,1,0,2,34.000,0,6500.000,700.000,110.000,6200.000,610.000,90.000,100.000,59,-1.000,-1.000
444,200.895703,33.334367,6,1,0,2,34.000,0,6500.000,700.000,110.000,6200.000,610.000,90.000,100.000,59,-1.000,-1.000
445,7.066066,171.691197,6,1,0,2,34.000,0,6500.000,700.000,110.000,6200.000,610.000,90.000,100.000,59,-1.000,-1.000
446,29.044892,33.333897,6,1,0,2,34.000,0,6500.000,700.000,110.000,6200.000,610.000,90.000,100.000,59,-1.000,-1.000
447,32.877107,33.334367,6,1,0,2,34.000,0,6500.000,700.000,110.000,6200.000,610.000,90.000,100.000,59,-1.000,-1.000
448,34.120795,33.334597,6,1,0,2,34.000,0,6500.000,700.000,110.000,6200.000,610.000,90.000,100.000,59,-1.000,-1.000
449,34.144244,33.334847,6,1,0,2,34.000,0,6500.000,700.000,110.000,6200.000,610.000,90.000,100.000,59,-1.000,-1.000
450,33.630193,33.334677,6,1,0,2,34.000,0,6500.000,700.000,110.000,6200.000,610.000,90.000,100.000,59,-1.000,-1.000
451,33.002190,33.335078,6,1,0,2,34.000,0,6500.000,700.000,110.000,6200.000,610.000,90.000,100.000,59,-1.000,-1.000
452,33.175515,33.335397,6,1,0,2,34.000,0,6500.000,700.000,110.000,6200.000,610.000,90.000,100.000,59,-1.000,-1.000
453,33.417488,33.334837,6,1,0,2,34.000,0,6500.000,700.000,110.000,6200.000,610.000,90.000,100.000,59,-1.000,-1.000
454,33.326527,33.334077,7,1,0,2,34.000,0,6500.000,700.000,110.000,6200.000,610.000,90.000,100.000,59,-1.000,-1.000
455,35.668039,33.333857,7,1,0,3,0.000,1,6512.960,700.000,111.543,6200.000,610.000,90.000,100.000,58,-1.000,-1.000
456,31.524197,33.333967,7,1,0,3,0.000,1,6525.574,700.000,111.984,6200.000,610.000,90.000,100.000,58,-1.000,-1.000
457,33.362358,33.335678,8,1,0,3,0.000,1,6537.852,700.000,111.354,6200.000,610.000,90.000,100.000,58,-1.000,-1.000
458,33.223314,33.334757,8,1,0,3,0.000,1,6549.802,700.000,109.681,6200.000,610.000,90.000,100.000,58,-1.000,-1.000
459,34.440842,33.333936,8,1,0,3,0.000,1,6561.434,700.000,106.993,6200.000,610.000,90.000,100.000,58,-1.000,-1.000
460,32.369816,33.335008,8,1,0,3,0.000,1,6572.725,700.002,103.359,6200.000,610.000,90.000,100.000,58,-1.000,-1.000
461,33.197374,33.335487,8,1,0,3,0.000,1,6583.086,700.515,99.916,6200.000,610.000,90.000,100.000,58,-1.000,-1.000
462,33.179484,33.334157,8,1,0,3,0.000,1,6593.076,701.082,95.668,6200.000,610.000,90.000,100.000,58,-1.000,-1.000
463,33.366668,33.335478,8,1,0,3,0.000,1,6602.714,701.688,90.620,6200.000,610.000,90.000,100.000,58,-1.000,-1.000
464,33.446519,33.335477,8,1,0,3,0.000,1,6612.010,702.329,84.788,6200.000,610.000,90.000,100.000,58,-1.000,-1.000
465,33.030901,33.333756,8,1,0,3,0.000,1,6620.976,703.000,78.189,6200.000,610.000,90.000,100.000,58,-1.000,-1.000
466,33.861479,33.334398,8,1,0,3,0.000,1,6629.617,703.695,70.838,6200.000,610.000,90.000,100.000,58,-1.000,-1.000
467,32.919038,33.334877,8,1,0,3,0.000,1,6637.854,704.405,62.877,6200.000,610.000,90.000,100.000,58,-1.000,-1.000
468,33.414008,33.335317,8,1,0,3,0.000,1,6645.413,705.125,54.717,6200.000,610.000,90.000,100.000,58,-1.000,-1.000
469,33.377358,33.335098,8,1,0,3,0.000,1,6652.689,705.830,45.832,6200.000,610.000,90.000,100.000,58,-1.000,-1.000
470,32.733724,33.334247,8,1,0,3,0.000,1,6659.680,706.515,36.253,6200.000,610.000,90.000,100.000,58,-1.000,-1.000
471,33.329558,33.334096,8,1,0,3,0.000,1,6666.340,707.173,26.078,6200.000,610.000,90.000,100.000,58,-1.000,-1.000
472,33.497180,33.334948,8,1,0,3,0.000,1,6672.564,707.794,15.482,6200.000,610.000,90.000,100.000,58,-1.000,-1.000
473,33.082621,33.334907,8,1,0,3,0.000,1,6677.305,708.281,5.999,6200.000,610.000,90.000,100.000,58,-1.000,-1.000
474,33.576683,33.334477,8,1,0,3,0.000,1,6678.061,708.630,7.946,6200.000,610.000,90.000,100.000,58,-1.000,-1.000
475,33.718415,33.335487,8,1,0,3,0.000,1,6678.374,708.778,9.061,6200.000,610.000,90.000,100.000,58,-1.000,-1.000
476,33.228086,33.333948,8,1,0,3,0.000,1,6678.598,708.859,9.232,6200.000,610.000,90.000,100.000,58,-1.000,-1.000
477,33.439269,33.335467,8,1,0,3,0.000,1,6678.723,708.910,8.634,6200.000,610.000,90.000,100.000,58,-1.000,-1.000
478,33.401738,33.335506,8,1,0,3,0.000,1,6678.828,708.914,7.274,6200.000,610.000,90.000,100.000,58,-1.000,-1.000
479,33.179145,33.335388,8,1,0,3,0.000,1,6678.934,708.908,6.000,6200.000,610.000,90.000,100.000,58,-1.000,-1.000
480,33.449939,33.334917,8,1,0,3,0.000,1,6678.917,708.931,6.000,6200.000,610.000,90.000,100.000,58,-1.000,-1.000
481,33.443389,33.334257,8,1,0,3,0.000,1,6678.932,708.934,6.000,6200.000,610.000,90.000,100.000,58,-1.000,-1.000
482,33.215876,33.333988,8,1,0,3,0.000,1,6678.914,708.908,6.000,6200.000,610.000,90.000,100.000,58,-1.000,-1.000
483,33.161953,33.333636,8,1,0,3,0.000,1,6678.922,708.923,6.000,6200.000,610.000,90.000,100.000,58,-1.000,-1.000
484,33.459079,33.334017,8,1,0,3,0.000,1,6678.906,708.915,6.000,6200.000,610.000,90.000,100.000,58,-1.000,-1.000
485,33.331538,33.334278,8,1,0,3,0.000,1,6678.921,708.920,6.000,6200.000,610.000,90.000,100.000,58,-1.000,-1.000
486,34.627075,33.333497,8,1,0,3,0.000,1,6678.912,708.909,6.000,6200.000,610.000,90.000,100.000,58,-1.000,-1.000
487,32.067229,33.334757,8,1,0,3,0.000,1,6678.928,708.932,6.000,6200.000,610.000,90.000,100.000,58,-1.000,-1.000
488,33.232665,33.333808,8,1,0,3,0.000,1,6678.895,708.906,6.000,6200.000,610.000,90.000,100.000,58,-1.000,-1.000
489,33.251156,33.335176,8,1,0,3,0.000,1,6678.928,708.931,6.000,6200.000,610.000,90.000,100.000,58,-1.000,-1.000
490,33.356367,33.335797,8,1,0,3,0.000,1,6678.907,708.916,6.000,6200.000,610.000,90.000,100.000,58,-1.000,-1.000
491,33.355177,33.334368,8,1,0,3,0.000,1,6678.922,708.922,6.000,6200.000,610.000,90.000,100.000,58,-1.000,-1.000
492,33.290697,33.334817,8,1,0,3,0.000,1,6678.914,708.910,6.000,6200.000,610.000,90.000,100.000,58,-1.000,-1.000
493,33.443459,33.335007,8,1,0,3,0.000,1,6678.930,708.933,6.000,6200.000,610.000,90.000,100.000,58,-1.000,-1.000
494,33.313917,33.334938,8,1,0,3,0.000,1,6678.905,708.917,6.000,6200.000,610.000,90.000,100.000,58,-1.000,-1.000
495,33.491531,33.333996,8,1,0,3,0.000,1,6678.923,708.928,6.000,6200.000,610.000,90.000,100.000,58,-1.000,-1.000
496,32.951929,33.334577,8,1,0,3,0.000,1,6678.923,708.928,6.000,6200.000,610.000,90.000,100.000,58,-1.000,-1.000
497,33.366137,33.335038,8,1,0,3,0.000,1,6678.923,708.928,6.000,6200.000,610.000,90.000,100.000,58,-1.000,-1.000
498,33.150513,33.335487,8,1,0,3,0.000,1,6678.923,708.928,6.000,6200.000,610.000,90.000,100.000,58,-1.000,-1.000
499,33.664925,33.334727,8,1,0,3,0.000,1,6678.923,708.928,6.000,6200.000,610.000,90.000,100.000,58,-1.000,-1.000
500,33.104422,33.333997,8,1,0,3,0.000,1,6678.923,708.928,6.000,6200.000,610.000,90.000,100.000,58,-1.000,-1.000
501,33.240975,33.334817,8,1,0,3,0.000,1,6678.923,708.928,6.000,6200.000,610.000,90.000,100.000,58,-1.000,-1.000
502,33.632654,33.334057,8,1,0,3,0.000,1,6678.923,708.928,6.000,6200.000,610.000,90.000,100.000,58,-1.000,-1.000
503,33.132182,33.334318,8,1,0,3,0.000,1,6678.923,708.928,6.000,6200.000,610.000,90.000,100.000,58,-1.000,-1.000
504,33.324827,33.334957,8,1,0,3,0.000,1,6678.923,708.928,6.000,6200.000,610.000,90.000,100.000,58,-1.000,-1.000
505,33.239506,33.335647,8,1,0,3,0.000,1,6678.923,708.928,6.000,6200.000,610.000,90.000,100.000,58,-1.000,-1.000
506,33.425838,33.334186,8,1,0,3,0.000,1,6678.923,708.928,6.000,6200.000,610.000,90.000,100.000,58,-1.000,-1.000
507,33.326737,33.333918,8,1,0,3,0.000,1,6678.923,708.928,6.000,6200.000,610.000,90.000,100.000,58,-1.000,-1.000
508,33.354558,33.334297,8,1,0,3,0.000,1,6678.923,708.928,6.000,6200.000,610.000,90.000,100.000,58,-1.000,-1.000
509,33.246035,33.333887,8,1,0,3,0.000,1,6678.923,708.928,6.000,6200.000,610.000,90.000,100.000,58,-1.000,-1.000
510,33.383928,33.335408,8,1,0,3,0.000,1,6678.923,708.928,6.000,6200.000,610.000,90.000,100.000,58,-1.000,-1.000
511,33.349418,33.333716,8,1,0,3,0.000,1,6678.923,708.928,6.000,6200.000,610.000,90.000,100.000,58,-1.000,-1.000
512,33.344787,33.334967,8,1,0,3,0.000,1,6678.923,708.928,6.000,6200.000,610.000,90.000,100.000,58,-1.000,-1.000
513,33.318757,33.334878,8,1,0,3,0.000,1,6678.923,708.928,6.000,6200.000,610.000,90.000,100.000,58,-1.000,-1.000
514,33.389219,33.334267,8,1,0,3,0.000,1,6678.923,708.928,6.000,6200.000,610.000,90.000,100.000,58,-1.000,-1.000
515,33.255585,33.334257,8,1,0,3,0.000,1,6678.923,708.928,6.000,6200.000,610.000,90.000,100.000,58,-1.000,-1.000
516,33.357467,33.333857,8,1,0,3,0.000,1,6678.923,708.928,6.000,6200.000,610.000,90.000,100.000,58,-1.000,-1.000
517,33.886870,33.335167,27,1,0,3,0.000,1,6678.923,708.928,6.000,6200.000,610.000,90.000,100.000,58,-1.000,-1.000
518,203.118181,33.335127,27,1,0,3,0.000,1,6678.923,708.928,6.000,6200.000,610.000,90.000,100.000,58,-1.000,-1.000
519,7.734972,173.950937,27,1,0,3,0.000,1,6678.923,708.928,6.000,6200.000,610.000,90.000,100.000,58,-1.000,-1.000
520,27.845375,33.333638,27,1,0,3,0.000,1,6678.923,708.928,6.000,6200.000,610.000,90.000,100.000,58,-1.000,-1.000
521,33.364268,33.334026,27,1,0,3,0.000,1,6678.923,708.928,6.000,6200.000,610.000,90.000,100.000,58,-1.000,-1.000
522,33.923460,33.333697,27,1,0,3,0.000,1,6678.923,708.928,6.000,6200.000,610.000,90.000,100.000,58,-1.000,-1.000
523,33.968511,33.335218,27,1,0,3,0.000,1,6678.923,708.928,6.000,6200.000,610.000,90.000,100.000,58,-1.000,-1.000
524,33.486010,33.335087,27,1,0,3,0.000,1,6678.923,708.928,6.000,6200.000,610.000,90.000,100.000,58,-1.000,-1.000
525,33.261987,33.334457,27,1,0,3,0.000,1,6678.923,708.928,6.000,6200.000,610.000,90.000,100.000,58,-1.000,-1.000
526,33.352677,33.334627,27,1,0,3,0.000,1,6678.923,708.928,6.000,6200.000,610.000,90.000,100.000,58,-1.000,-1.000
527,33.394138,33.334707,27,1,0,3,0.000,1,6678.923,708.928,6.000,6200.000,610.000,90.000,100.000,58,-1.000,-1.000
528,33.362788,33.335107,9,1,0,3,0.000,1,6678.923,708.928,6.000,6200.000,610.000,90.000,100.000,58,-1.000,-1.000
529,34.009002,33.334987,9,1,0,3,0.000,1,6678.923,708.928,6.000,6300.000,700.000,90.000,100.000,58,-1.000,-1.000
530,32.772624,33.334298,9,1,0,3,0.000,1,6678.923,708.928,6.000,6300.000,700.000,90.000,100.000,58,-1.000,-1.000
531,33.175065,33.334166,9,1,0,3,0.000,1,6678.923,708.928,6.000,6300.000,700.000,90.000,100.000,58,-1.000,-1.000
532,33.251415,33.335417,9,1,0,3,0.000,1,6678.923,708.928,6.000,6300.000,700.000,90.000,100.000,58,-1.000,-1.000
533,33.425589,33.335568,9,1,0,3,0.000,1,6678.923,708.928,6.000,6300.000,700.000,90.000,100.000,58,-1.000,-1.000
534,33.288227,33.335067,9,1,0,3,0.000,1,6678.923,708.928,6.000,6300.000,700.000,90.000,100.000,58,-1.000,-1.000
535,33.452269,33.334817,9,1,0,3,0.000,1,6678.923,708.928,6.000,6300.000,700.000,90.000,100.000,58,-1.000,-1.000
536,33.351957,33.334498,9,1,0,3,0.000,1,6678.923,708.928,6.000,6300.000,700.000,90.000,100.000,58,-1.000,-1.000
537,33.812958,33.334037,9,1,0,3,0.000,1,6678.923,708.928,6.000,6300.000,700.000,90.000,100.000,58,-1.000,-1.000
538,32.737114,33.334987,9,1,0,3,0.000,1,6678.923,708.928,6.000,6300.000,700.000,90.000,100.000,58,-1.000,-1.000
539,33.159693,33.334657,9,1,0,3,0.000,1,6678.923,708.928,6.000,6300.000,700.000,90.000,100.000,58,-1.000,-1.000
540,33.639315,33.334167,9,1,0,3,0.000,1,6678.923,708.928,6.000,6300.000,700.000,90.000,100.000,58,-1.000,-1.000
541,33.160683,33.335327,9,1,0,3,0.000,1,6678.923,708.928,6.000,6300.000,700.000,90.000,100.000,58,-1.000,-1.000
542,33.421018,33.333918,9,1,0,3,0.000,1,6678.923,708.928,6.000,6300.000,700.000,90.000,100.000,58,-1.000,-1.000
543,73.011145,73.130507,9,1,0,3,0.000,1,6678.923,708.928,6.000,6300.000,700.000,90.000,100.000,58,-1.000,-1.000
544,33.293806,33.334997,9,1,0,3,0.000,1,6678.923,708.928,6.000,6300.000,700.000,90.000,100.000,58,-1.000,-1.000
545,33.447890,33.335597,9,1,0,3,0.000,1,6678.923,708.928,6.000,6300.000,700.000,90.000,100.000,58,-1.000,-1.000
546,33.207564,33.334407,9,1,0,3,0.000,1,6678.923,708.928,6.000,6300.000,700.000,90.000,100.000,58,-1.000,-1.000
547,33.512022,33.334347,9,1,0,3,0.000,1,6678.923,708.928,6.000,6300.000,700.000,90.000,100.000,58,-1.000,-1.000
548,33.321006,33.335357,9,1,0,3,0.000,1,6678.923,708.928,6.000,6300.000,700.000,90.000,100.000,58,-1.000,-1.000
549,33.406189,33.335418,9,1,0,3,0.000,1,6678.923,708.928,6.000,6300.000,700.000,90.000,100.000,58,-1.000,-1.000
550,33.269426,33.335277,9,1,0,3,0.000,1,6678.923,708.928,6.000,6300.000,700.000,90.000,100.000,58,-1.000,-1.000
551,33.401019,33.335237,9,1,0,3,0.000,1,6678.923,708.928,6.000,6300.000,700.000,90.000,100.000,58,-1.000,-1.000
552,33.193323,33.334827,9,1,0,3,0.000,1,6678.923,708.928,6.000,6300.000,700.000,90.000,100.000,58,-1.000,-1.000
553,33.390278,33.335217,9,1,0,3,0.000,1,6678.923,708.928,6.000,6300.000,700.000,90.000,100.000,58,-1.000,-1.000
554,33.567823,33.334687,9,1,0,3,0.000,1,6678.923,708.928,6.000,6300.000,700.000,90.000,100.000,58,-1.000,-1.000
555,33.135263,33.334758,9,1,0,3,0.000,1,6678.923,708.928,6.000,6300.000,700.000,90.000,100.000,58,-1.000,-1.000
556,33.455200,33.335127,9,1,0,3,0.000,1,6678.923,708.928,6.000,6300.000,700.000,90.000,100.000,58,-1.000,-1.000
557,33.406568,33.334317,10,1,0,3,0.000,1,6678.923,708.928,6.000,6300.000,700.000,90.000,100.000,58,-1.000,-1.000
558,33.399109,33.335127,10,1,0,3,0.000,1,6678.923,708.928,6.000,6302.667,700.000,90.000,100.000,58,-1.000,-1.000
559,33.246776,33.334747,10,1,0,3,0.000,1,6678.923,708.928,6.000,6308.001,700.000,90.000,100.000,58,-1.000,-1.000
560,33.341727,33.334927,10,1,0,3,0.000,1,6678.923,708.928,6.000,6316.002,700.000,90.000,100.000,58,-1.000,-1.000
561,33.450919,33.335028,10,1,0,3,0.000,1,6678.923,708.928,6.000,6326.669,700.000,90.000,100.000,58,-1.000,-1.000
562,33.055381,33.335437,10,1,0,3,0.000,1,6678.923,708.928,6.000,6340.004,700.000,90.000,100.000,58,-1.000,-1.000
563,33.464060,33.334957,10,1,0,3,0.000,1,6678.923,708.928,6.000,6356.006,700.000,90.000,100.000,58,-1.000,-1.000
564,33.379198,33.334227,10,1,0,3,0.000,1,6678.923,708.928,6.000,6373.340,700.000,90.000,100.000,58,-1.000,-1.000
565,33.314667,33.334447,10,1,0,3,0.000,1,6678.923,708.928,6.000,6390.673,700.000,90.000,100.000,58,-1.000,-1.000
566,33.459490,33.334887,10,1,0,3,0.000,1,6678.923,708.928,6.000,6408.008,700.000,90.000,100.000,58,-1.000,-1.000
567,33.211434,33.335748,10,1,0,3,0.000,1,6678.923,708.928,6.000,6425.342,700.000,90.000,100.000,58,-1.000,-1.000
568,33.354698,33.334277,10,1,0,3,0.000,1,6678.923,708.928,6.000,6442.676,700.000,90.000,100.000,58,-1.000,-1.000
569,33.346867,33.335056,10,1,0,3,0.000,1,6678.923,708.928,6.000,6460.010,700.000,90.000,100.000,58,-1.000,-1.000
570,33.338457,33.334837,10,1,0,3,0.000,1,6678.923,708.928,6.000,6477.344,700.000,90.000,100.000,58,-1.000,-1.000
571,33.307777,33.334518,10,1,0,3,0.000,1,6678.923,708.928,6.000,6494.678,700.000,90.000,100.000,58,-1.000,-1.000
572,33.330827,33.335157,10,1,0,3,0.000,1,6678.923,708.928,6.000,6512.013,700.000,90.000,100.000,58,-1.000,-1.000
573,33.248665,33.334767,10,1,0,3,0.000,1,6678.923,708.928,6.000,6529.347,700.000,90.000,100.000,58,-1.000,-1.000
574,33.288446,33.334788,10,1,0,3,0.000,1,6678.923,708.928,6.000,6546.681,700.000,90.000,100.000,58,-1.000,-1.000
575,33.490841,33.334856,10,1,0,3,0.000,1,6678.923,708.928,6.000,6564.015,700.000,90.000,100.000,58,-1.000,-1.000
576,33.338947,33.335587,10,1,0,3,0.000,1,6678.923,708.928,6.000,6581.349,700.000,90.000,100.000,58,-1.000,-1.000
577,33.247225,33.335538,10,1,0,3,0.000,1,6678.923,708.928,6.000,6598.684,700.000,90.000,100.000,58,-1.000,-1.000
578,33.376419,33.335487,10,1,0,3,0.000,1,6678.923,708.928,6.000,6616.018,700.000,90.000,100.000,58,-1.000,-1.000
579,33.399808,33.334127,10,1,0,3,0.000,1,6678.923,708.928,6.000,6633.352,700.000,90.000,100.000,58,-1.000,-1.000
580,33.209774,33.334948,10,1,0,3,0.000,1,6678.923,708.928,6.000,6650.686,700.000,90.000,100.000,58,-1.000,-1.000
581,33.483801,33.334036,10,1,0,3,0.000,1,6678.923,708.928,6.000,6668.020,700.000,90.000,100.000,58,-1.000,-1.000
582,33.863989,33.334977,10,1,0,3,0.000,1,6678.923,708.928,6.000,6685.354,700.000,90.000,96.800,58,-1.000,-1.000
583,32.771604,33.335388,10,1,0,3,0.000,1,6678.923,708.928,6.000,6702.689,700.000,90.000,96.800,58,-1.000,-1.000
584,33.613644,33.335177,11,1,0,3,0.000,1,6678.923,708.928,6.000,6720.023,700.000,90.000,96.800,58,-1.000,-1.000
585,31.965857,33.333997,11,1,0,3,0.000,1,6678.923,708.928,6.000,6770.000,700.000,90.000,96.800,58,-1.000,-1.000
586,32.821706,33.334027,11,1,0,3,0.000,1,6678.923,708.928,6.000,6770.000,700.000,90.000,96.800,58,-1.000,-1.000
587,33.326046,33.333697,11,1,0,3,0.000,1,6678.923,708.928,6.000,6770.000,700.000,90.000,96.800,58,-1.000,-1.000
588,33.240295,33.334077,11,1,0,3,0.000,1,6678.923,708.928,6.000,6770.000,700.000,90.000,96.800,58,-1.000,-1.000
589,33.472281,33.333908,11,1,0,3,0.000,1,6678.923,708.928,6.000,6770.000,700.000,90.000,96.800,58,-1.000,-1.000
590,33.511080,33.334297,11,1,0,3,0.000,1,6678.923,708.928,6.000,6770.000,700.000,90.000,93.600,58,-1.000,-1.000
591,33.025121,33.334016,11,1,0,3,0.000,1,6678.923,708.928,6.000,6770.000,700.000,90.000,93.600,58,-1.000,-1.000
592,33.466030,33.333488,11,1,0,3,0.000,1,6678.923,708.928,6.000,6770.000,700.000,90.000,93.600,58,-1.000,-1.000
593,33.442229,33.333857,11,1,0,3,0.000,1,6678.923,708.928,6.000,6770.000,700.000,90.000,93.600,58,-1.000,-1.000
594,33.247775,33.333967,11,1,0,3,0.000,1,6678.923,708.928,6.000,6770.000,700.000,90.000,93.600,58,-1.000,-1.000
595,33.445600,33.333848,11,1,0,3,0.000,1,6678.923,708.928,6.000,6770.000,700.000,90.000,93.600,58,-1.000,-1.000
596,33.177274,33.333726,11,1,0,3,0.000,1,6678.923,708.928,6.000,6770.000,700.000,90.000,93.600,58,-1.000,-1.000
597,33.390868,33.334027,11,1,0,3,0.000,1,6678.923,708.928,6.000,6770.000,700.000,90.000,93.600,58,-1.000,-1.000
598,33.439540,33.334138,11,1,0,3,0.000,1,6678.923,708.928,6.000,6770.000,700.000,90.000,90.400,58,-1.000,-1.000
599,33.163433,33.333577,11,1,0,3,0.000,1,6678.923,708.928,6.000,6770.000,700.000,90.000,90.400,58,-1.000,-1.000
600,33.346147,33.333947,11,1,0,3,0.000,1,6678.923,708.928,6.000,6770.000,700.000,90.000,90.400,58,-1.000,-1.000
601,33.435760,33.333936,11,1,0,3,0.000,1,6678.923,708.928,6.000,6770.000,700.000,90.000,90.400,58,-1.000,-1.000
602,33.407119,33.333818,11,1,0,3,0.000,1,6678.923,708.928,6.000,6770.000,700.000,90.000,90.400,58,-1.000,-1.000
603,33.062171,33.333937,11,1,0,3,0.000,1,6678.923,708.928,6.000,6770.000,700.000,90.000,90.400,58,-1.000,-1.000
604,33.319616,33.333837,11,1,0,3,0.000,1,6678.923,708.928,6.000,6770.000,700.000,90.000,90.400,58,-1.000,-1.000
605,34.726798,33.334238,12,1,0,3,0.000,1,6678.923,708.928,6.000,6770.000,700.000,90.000,90.400,58,100.000,70.000
606,33.027431,33.333616,12,1,0,3,0.000,1,6678.923,708.928,6.000,6770.000,700.000,90.000,87.200,58,100.000,70.000
607,32.985149,33.333957,12,1,0,3,0.000,1,6678.923,708.928,6.000,6770.000,700.000,90.000,87.200,58,100.000,70.000
608,33.771567,33.333688,12,1,0,3,0.000,1,6678.923,708.928,6.000,6770.000,700.000,90.000,87.200,58,100.000,70.000
609,32.875857,33.333577,12,1,0,3,0.000,1,6678.923,708.928,6.000,6770.000,700.000,90.000,87.200,58,100.000,70.000
610,33.275146,33.334487,12,1,0,3,0.000,1,6678.923,708.928,6.000,6770.000,700.000,90.000,87.200,58,100.000,70.000
611,33.225544,33.333527,12,1,0,3,0.000,1,6678.923,708.928,6.000,6770.000,700.000,90.000,87.200,58,100.000,70.000
612,33.358899,33.333877,12,1,0,3,0.000,1,6678.923,708.928,6.000,6770.000,700.000,90.000,87.200,58,100.000,70.000
613,33.546741,33.333997,12,1,0,3,0.000,1,6678.923,708.928,6.000,6770.000,700.000,90.000,87.200,58,96.800,66.800
614,33.464641,33.333438,12,1,0,3,0.000,1,6678.923,708.928,6.000,6770.000,700.000,90.000,84.000,58,96.800,66.800
615,33.116842,33.334297,12,1,0,3,0.000,1,6678.923,708.928,6.000,6770.000,700.000,90.000,84.000,58,96.800,66.800
616,33.139103,33.334237,12,1,0,3,0.000,1,6678.923,708.928,6.000,6770.000,700.000,90.000,84.000,58,96.800,66.800
617,33.543931,33.333848,12,1,0,3,0.000,1,6678.923,708.928,6.000,6770.000,700.000,90.000,84.000,58,96.800,66.800
618,33.477111,33.333916,12,1,0,3,0.000,1,6678.923,708.928,6.000,6770.000,700.000,90.000,84.000,58,96.800,66.800
619,33.154003,33.333657,12,1,0,3,0.000,1,6678.923,708.928,6.000,6770.000,700.000,90.000,84.000,58,96.800,66.800
620,33.266345,33.334048,12,1,0,3,0.000,1,6678.923,708.928,6.000,6770.000,700.000,90.000,84.000,58,96.800,66.800
621,33.659015,33.333927,12,1,0,3,0.000,1,6678.923,708.928,6.000,6770.000,700.000,90.000,84.000,58,93.600,63.600
622,33.479230,33.334077,12,1,0,3,0.000,1,6678.923,708.928,6.000,6770.000,700.000,90.000,80.800,58,93.600,63.600
623,33.185324,33.333907,12,1,0,3,0.000,1,6678.923,708.928,6.000,6770.000,700.000,90.000,80.800,58,93.600,63.600
624,33.130963,33.333717,12,1,0,3,0.000,1,6678.923,708.928,6.000,6770.000,700.000,90.000,80.800,58,93.600,63.600
625,33.682074,33.333857,12,1,0,3,0.000,1,6678.923,708.928,6.000,6770.000,700.000,90.000,80.800,58,93.600,63.600
626,33.299847,33.334218,12,1,0,3,0.000,1,6678.923,708.928,6.000,6770.000,700.000,90.000,80.800,58,93.600,63.600
627,33.495861,33.333987,12,1,0,3,0.000,1,6678.923,708.928,6.000,6770.000,700.000,90.000,80.800,58,93.600,63.600
628,32.994629,33.334077,12,1,0,3,0.000,1,6678.923,708.928,6.000,6770.000,700.000,90.000,80.800,58,93.600,63.600
629,33.515712,33.333616,12,1,0,3,0.000,1,6678.923,708.928,6.000,6770.000,700.000,90.000,80.800,58,90.400,60.400
630,33.902729,33.334358,12,1,0,3,0.000,1,6678.923,708.928,6.000,6770.000,700.000,90.000,77.599,58,90.400,60.400
631,32.402957,33.333437,12,1,0,3,0.000,1,6678.923,708.928,6.000,6770.000,700.000,90.000,77.599,58,90.400,60.400
632,33.347207,33.333757,12,1,0,3,0.000,1,6678.923,708.928,6.000,6770.000,700.000,90.000,77.599,58,90.400,60.400
633,33.632564,33.334188,12,1,0,3,0.000,1,6678.923,708.928,6.000,6770.000,700.000,90.000,77.599,58,90.400,60.400
634,33.086812,33.333747,12,1,0,3,0.000,1,6678.923,708.928,6.000,6770.000,700.000,90.000,77.599,58,90.400,60.400
635,34.670447,33.335137,12,1,0,3,0.000,1,6678.923,708.928,6.000,6770.000,700.000,90.000,77.599,58,90.400,60.400
636,33.001089,33.334077,12,1,0,3,0.000,1,6678.923,708.928,6.000,6770.000,700.000,90.000,77.599,58,90.400,60.400
637,33.358668,33.335347,12,1,0,3,0.000,1,6678.923,708.928,6.000,6770.000,700.000,90.000,77.599,58,87.200,57.200
638,33.811388,33.335577,12,1,0,3,0.000,1,6678.923,708.928,6.000,6770.000,700.000,90.000,74.399,58,87.200,57.200
639,32.735223,33.333768,12,1,0,3,0.000,1,6678.923,708.928,6.000,6770.000,700.000,90.000,74.399,58,87.200,57.200
640,33.447940,33.335697,12,1,0,3,0.000,1,6678.923,708.928,6.000,6770.000,700.000,90.000,74.399,58,87.200,57.200
641,33.414969,33.334276,12,1,0,3,0.000,1,6678.923,708.928,6.000,6770.000,700.000,90.000,74.399,58,87.200,57.200
642,33.171113,33.334838,12,1,0,3,0.000,1,6678.923,708.928,6.000,6770.000,700.000,90.000,74.399,58,87.200,57.200
643,33.247766,33.335767,12,1,0,3,0.000,1,6678.923,708.928,6.000,6770.000,700.000,90.000,74.399,58,87.200,57.200
644,33.508121,33.333887,12,1,0,3,0.000,1,6678.923,708.928,6.000,6770.000,700.000,90.000,74.399,58,87.200,57.200
645,34.049043,33.335268,12,1,0,3,0.000,1,6678.923,708.928,6.000,6770.000,700.000,90.000,74.399,58,84.000,54.000
646,32.570490,33.335007,12,1,0,3,0.000,1,6678.923,708.928,6.000,6770.000,700.000,90.000,71.199,58,84.000,54.000
647,32.850937,33.334046,12,1,0,3,0.000,1,6678.923,708.928,6.000,6770.000,700.000,90.000,71.199,58,84.000,54.000
648,33.321676,33.334208,12,1,0,3,0.000,1,6678.923,708.928,6.000,6770.000,700.000,90.000,71.199,58,84.000,54.000
649,33.479030,33.334317,12,1,0,3,0.000,1,6678.923,708.928,6.000,6770.000,700.000,90.000,71.199,58,84.000,54.000
650,33.338158,33.334327,28,1,0,3,0.000,1,6678.923,708.928,6.000,6770.000,700.000,90.000,71.199,58,84.000,54.000
651,200.438182,33.334738,28,1,0,3,0.000,1,6678.923,708.928,6.000,6770.000,700.000,90.000,71.199,58,84.000,54.000
652,7.664210,170.703424,28,1,0,3,0.000,1,6678.923,708.928,6.000,6770.000,700.000,90.000,67.151,58,79.551,49.551
653,27.877057,33.333918,28,1,0,3,0.000,1,6678.923,708.928,6.000,6770.000,700.000,90.000,67.151,58,79.551,49.551
654,34.310768,33.334727,28,1,0,3,0.000,1,6678.923,708.928,6.000,6770.000,700.000,90.000,67.151,58,79.551,49.551
655,33.966841,33.333916,28,1,0,3,0.000,1,6678.923,708.928,6.000,6770.000,700.000,90.000,67.151,58,79.551,49.551
656,33.109172,33.334818,28,1,0,3,0.000,1,6678.923,708.928,6.000,6770.000,700.000,90.000,67.151,58,79.551,49.551
657,33.341917,33.334477,28,1,0,3,0.000,1,6678.923,708.928,6.000,6770.000,700.000,90.000,67.151,58,79.551,49.551
658,33.455021,33.335637,28,1,0,3,0.000,1,6678.923,708.928,6.000,6770.000,700.000,90.000,67.151,58,79.551,49.551
659,33.318216,33.335707,28,1,0,3,0.000,1,6678.923,708.928,6.000,6770.000,700.000,90.000,67.151,58,79.551,49.551
660,33.929531,33.334968,28,1,0,3,0.000,1,6678.923,708.928,6.000,6770.000,700.000,90.000,63.951,58,76.351,46.351
661,32.780075,33.334547,13,1,0,3,0.000,1,6678.923,708.928,6.000,6770.000,700.000,90.000,63.951,58,76.351,46.351
662,33.513480,33.335636,13,1,0,3,0.000,1,6678.923,708.928,6.000,6140.000,390.000,90.000,63.951,58,76.351,46.351
663,33.576213,33.335618,13,1,0,3,0.000,1,6678.923,708.928,6.000,6140.000,390.000,90.000,63.951,58,76.351,46.351
664,32.965009,33.334777,13,1,0,3,0.000,1,6678.923,708.928,6.000,6140.000,390.000,90.000,63.951,58,76.351,46.351
665,33.321017,33.333957,13,1,0,3,0.000,1,6678.923,708.928,6.000,6140.000,390.000,90.000,63.951,58,76.351,46.351
666,33.254915,33.335168,13,1,0,3,0.000,1,6678.923,708.928,6.000,6140.000,390.000,90.000,63.951,58,76.351,46.351
667,33.270886,33.334817,13,1,0,3,0.000,1,6678.923,708.928,6.000,6140.000,390.000,90.000,63.951,58,76.351,46.351
668,33.634464,33.335486,13,1,0,3,0.000,1,6678.923,708.928,6.000,6140.000,390.000,90.000,63.951,58,73.151,43.151
669,33.083091,33.334668,13,1,0,3,0.000,1,6678.923,708.928,6.000,6140.000,390.000,90.000,63.951,58,73.151,43.151
670,33.387779,33.334707,13,1,0,3,0.000,1,6678.923,708.928,6.000,6140.000,390.000,90.000,63.951,58,73.151,43.151
671,33.270876,33.335027,13,1,0,3,0.000,1,6678.923,708.928,6.000,6140.000,390.000,90.000,63.951,58,73.151,43.151
672,33.341947,33.334098,13,1,0,3,0.000,1,6678.923,708.928,6.000,6140.000,390.000,90.000,63.951,58,73.151,43.151
673,33.408769,33.335237,13,1,0,3,0.000,1,6678.923,708.928,6.000,6140.000,390.000,90.000,63.951,58,73.151,43.151
674,33.170313,33.334856,13,1,0,3,0.000,1,6678.923,708.928,6.000,6140.000,390.000,90.000,63.951,58,73.151,43.151
675,33.545202,33.335118,13,1,0,3,0.000,1,6678.923,708.928,6.000,6140.000,390.000,90.000,63.951,58,73.151,43.151
676,33.535822,33.334457,14,1,0,3,0.000,1,6678.923,708.928,6.000,6140.000,390.000,90.000,63.951,58,69.951,39.951
677,34.251297,33.334967,14,0,0,4,0.000,1,6678.923,708.928,6.000,6140.000,390.000,90.000,63.951,58,69.951,39.951
678,32.142591,33.334358,14,0,0,4,0.000,1,6678.923,708.928,6.000,6140.000,390.000,90.000,63.951,58,69.951,39.951
679,33.422029,33.333857,15,0,0,4,0.000,1,6678.923,708.928,6.000,6140.000,390.000,90.000,63.951,58,69.951,39.951
680,33.575082,33.334656,15,0,0,4,0.000,1,6678.923,708.928,6.000,6770.000,700.000,90.000,63.951,58,69.951,39.951
681,33.027200,33.334278,15,0,0,4,0.000,1,6678.923,708.928,6.000,6770.000,700.000,90.000,63.951,58,69.951,39.951
682,33.438090,33.335607,15,0,0,4,0.000,1,6678.923,708.928,6.000,6770.000,700.000,90.000,63.951,58,69.951,39.951
683,33.420339,33.334967,15,0,0,4,0.000,1,6678.923,708.928,6.000,6770.000,700.000,90.000,63.951,58,69.951,39.951
684,33.358577,33.335748,15,0,0,4,0.000,1,6678.923,708.928,6.000,6770.000,700.000,90.000,63.951,58,69.951,39.951
685,33.157384,33.334436,15,0,0,4,0.000,1,6678.923,708.928,6.000,6770.000,700.000,90.000,63.951,58,69.951,39.951
686,33.272816,33.333807,15,0,0,4,0.000,1,6678.923,708.928,6.000,6770.000,700.000,90.000,63.951,58,69.951,39.951
687,33.331867,33.335078,15,0,0,4,0.000,1,6678.923,708.928,6.000,6770.000,700.000,90.000,63.951,58,69.951,39.951
688,33.647794,33.334267,15,0,0,4,0.000,1,6678.923,708.928,6.000,6770.000,700.000,90.000,63.951,58,69.951,39.951
689,32.985400,33.334897,15,0,0,4,0.000,1,6678.923,708.928,6.000,6770.000,700.000,90.000,63.951,58,69.951,39.951
690,33.259595,33.333777,15,0,0,4,0.000,1,6678.923,708.928,6.000,6770.000,700.000,90.000,63.951,58,69.951,39.951
691,33.352417,33.334707,15,0,0,4,0.000,1,6678.923,708.928,6.000,6770.000,700.000,90.000,63.951,58,69.951,39.951
692,33.370269,33.335237,15,0,0,4,0.000,1,6678.923,708.928,6.000,6770.000,700.000,90.000,63.951,58,69.951,39.951
693,33.301126,33.335447,15,0,0,4,0.000,1,6678.923,708.928,6.000,6770.000,700.000,90.000,63.951,58,69.951,39.951
694,33.197524,33.334318,15,0,0,4,0.000,1,6678.923,708.928,6.000,6770.000,700.000,90.000,63.951,58,69.951,39.951
695,33.448809,33.334037,15,0,0,4,0.000,1,6678.923,708.928,6.000,6770.000,700.000,90.000,63.951,58,69.951,39.951
696,33.367948,33.334236,15,0,0,4,0.000,1,6678.923,708.928,6.000,6770.000,700.000,90.000,63.951,58,69.951,39.951
697,33.372738,33.334928,15,0,0,4,0.000,1,6678.923,708.928,6.000,6770.000,700.000,90.000,63.951,58,69.951,39.951
698,33.385909,33.335347,15,0,0,4,0.000,1,6678.923,708.928,6.000,6770.000,700.000,90.000,63.951,58,69.951,39.951
699,33.844798,33.334547,15,0,0,4,0.000,1,6678.923,708.928,6.000,6770.000,700.000,90.000,63.951,58,69.951,39.951
700,33.551032,33.335348,15,0,0,4,0.000,1,6678.923,708.928,6.000,6770.000,700.000,90.000,63.951,58,69.951,39.951
701,33.131622,33.334837,15,0,0,4,0.000,1,6678.923,708.928,6.000,6770.000,700.000,90.000,63.951,58,69.951,39.951
702,33.106162,33.335436,15,0,0,4,0.000,1,6678.923,708.928,6.000,6770.000,700.000,90.000,63.951,58,69.951,39.951
703,33.553593,33.334858,15,0,0,4,0.000,1,6678.923,708.928,6.000,6770.000,700.000,90.000,63.951,58,69.951,39.951
704,33.413608,33.335637,15,0,0,4,0.000,1,6678.923,708.928,6.000,6770.000,700.000,90.000,63.951,58,69.951,39.951
705,33.090872,33.335297,15,0,0,4,0.000,1,6678.923,708.928,6.000,6770.000,700.000,90.000,63.951,58,69.951,39.951
706,33.022890,33.335438,15,0,0,4,0.000,1,6678.923,708.928,6.000,6770.000,700.000,90.000,63.951,58,69.951,39.951
707,32.472809,33.334186,15,0,0,4,0.000,1,6678.923,708.928,6.000,6770.000,700.000,90.000,63.951,58,69.951,39.951
708,32.907718,33.333727,15,0,0,4,0.000,1,6678.923,708.928,6.000,6770.000,700.000,90.000,63.951,58,69.951,39.951
709,33.567881,33.333918,16,0,0,4,0.000,1,6678.923,708.928,6.000,6770.000,700.000,90.000,63.951,58,69.951,39.951
710,33.233945,33.334057,16,0,0,4,0.000,1,6678.923,708.928,6.000,6770.000,700.000,90.000,63.951,58,69.951,39.951
711,33.945061,33.334017,16,0,0,4,0.000,1,6678.923,708.928,6.000,6770.000,700.000,90.000,63.951,58,69.951,39.951
712,34.181836,33.334058,16,0,0,4,0.000,1,6678.923,708.928,6.000,6770.000,700.000,90.000,63.951,58,69.951,39.951
713,33.298007,33.334356,16,0,0,4,0.000,1,6678.923,708.928,6.000,6770.000,700.000,90.000,63.951,58,69.951,39.951
714,33.667433,33.335067,16,0,0,4,0.000,1,6678.923,708.928,6.000,6770.000,700.000,90.000,63.951,58,69.951,39.951
715,33.197885,33.333798,16,0,0,4,0.000,1,6678.923,708.928,6.000,6770.000,700.000,90.000,63.951,58,69.951,39.951
716,33.217195,33.335577,16,0,0,4,0.000,1,6678.923,708.928,6.000,6770.000,700.000,90.000,63.951,58,69.951,39.951
717,33.433369,33.334807,16,0,0,4,0.000,1,6678.923,708.928,6.000,6770.000,700.000,90.000,63.951,58,69.951,39.951
718,33.146563,33.335318,16,0,0,4,0.000,1,6678.923,708.928,6.000,6770.000,700.000,90.000,63.951,58,69.951,39.951
719,33.092571,33.335026,16,0,0,4,0.000,1,6678.923,708.928,6.000,6770.000,700.000,90.000,63.951,58,69.951,39.951
720,33.532332,33.335427,16,0,0,4,0.000,1,6678.923,708.928,6.000,6770.000,700.000,90.000,63.951,58,69.951,39.951
721,33.414619,33.334857,16,0,0,4,0.000,1,6678.923,708.928,6.000,6770.000,700.000,90.000,63.951,58,69.951,39.951
722,33.304957,33.334698,16,0,0,4,0.000,1,6678.923,708.928,6.000,6770.000,700.000,90.000,63.951,58,69.951,39.951
723,33.406988,33.335377,16,0,0,4,0.000,1,6678.923,708.928,6.000,6770.000,700.000,90.000,63.951,58,69.951,39.951
724,33.107212,33.334036,16,0,0,4,0.000,1,6678.923,708.928,6.000,6770.000,700.000,90.000,63.951,58,69.951,39.951
725,33.430340,33.335458,16,0,0,4,0.000,1,6678.923,708.928,6.000,6770.000,700.000,90.000,63.951,58,69.951,39.951
726,33.228705,33.335557,16,0,0,4,0.000,1,6678.923,708.928,6.000,6770.000,700.000,90.000,63.951,58,69.951,39.951
727,33.348977,33.333957,16,0,0,4,0.000,1,6678.923,708.928,6.000,6770.000,700.000,90.000,63.951,58,69.951,39.951
728,33.423419,33.333868,16,0,0,4,0.000,1,6678.923,708.928,6.000,6770.000,700.000,90.000,63.951,58,69.951,39.951
729,33.544792,33.333917,16,0,0,4,0.000,1,6678.923,708.928,6.000,6770.000,700.000,90.000,63.951,58,69.951,39.951
730,33.538832,33.333746,16,0,0,4,0.000,1,6678.923,708.928,6.000,6770.000,700.000,90.000,63.951,58,69.951,39.951
731,34.038783,33.334528,16,0,0,4,0.000,1,6678.923,708.928,6.000,6770.000,700.000,90.000,63.951,58,69.951,39.951
732,32.361305,33.335127,16,0,0,4,0.000,1,6678.923,708.928,6.000,6770.000,700.000,90.000,63.951,58,69.951,39.951
733,32.566159,33.333777,16,0,0,4,0.000,1,6678.923,708.928,6.000,6770.000,700.000,90.000,63.951,58,69.951,39.951
734,33.974852,33.333958,16,0,0,4,0.000,1,6678.923,708.928,6.000,6770.000,700.000,90.000,63.951,58,69.951,39.951
735,33.053961,33.334216,16,0,0,4,0.000,1,6678.923,708.928,6.000,6770.000,700.000,90.000,63.951,58,69.951,39.951
736,33.478151,33.335537,16,0,0,4,0.000,1,6678.923,708.928,6.000,6770.000,700.000,90.000,63.951,58,69.951,39.951
737,33.277425,33.334868,16,0,0,4,0.000,1,6678.923,708.928,6.000,6770.000,700.000,90.000,63.951,58,69.951,39.951
738,33.240785,33.335187,16,0,0,4,0.000,1,6678.923,708.928,6.000,6770.000,700.000,90.000,63.951,58,69.951,39.951
739,33.442550,33.335147,16,0,0,4,0.000,1,6678.923,708.928,6.000,6770.000,700.000,90.000,63.951,58,69.951,39.951
740,33.369258,33.363508,16,0,0,4,0.000,1,6678.923,708.928,6.000,6770.000,700.000,90.000,63.951,58,69.951,39.951
741,33.281625,33.335037,16,0,0,4,0.000,1,6678.923,708.928,6.000,6770.000,700.000,90.000,63.951,58,69.951,39.951
742,33.567983,33.335697,16,0,0,4,0.000,1,6678.923,708.928,6.000,6770.000,700.000,90.000,63.951,58,69.951,39.951
743,33.140723,33.335108,16,0,0,4,0.000,1,6678.923,708.928,6.000,6770.000,700.000,90.000,63.951,58,69.951,39.951
744,33.539262,33.335096,16,0,0,4,0.000,1,6678.923,708.928,6.000,6770.000,700.000,90.000,63.951,58,69.951,39.951
745,33.294566,33.335467,16,0,0,4,0.000,1,6678.923,708.928,6.000,6770.000,700.000,90.000,63.951,58,69.951,39.951
746,33.241495,33.334318,16,0,0,4,0.000,1,6678.923,708.928,6.000,6770.000,700.000,90.000,63.951,58,69.951,39.951
747,33.280415,33.334097,16,0,0,4,0.000,1,6678.923,708.928,6.000,6770.000,700.000,90.000,63.951,58,69.951,39.951
748,33.320298,33.334007,16,0,0,4,0.000,1,6678.923,708.928,6.000,6770.000,700.000,90.000,63.951,58,69.951,39.951
749,33.339307,33.334418,16,0,0,4,0.000,1,6678.923,708.928,6.000,6770.000,700.000,90.000,63.951,58,69.951,39.951
750,33.598783,33.423338,16,0,0,4,0.000,1,6678.923,708.928,6.000,6770.000,700.000,90.000,63.951,58,69.951,39.951
751,33.232355,33.334097,16,0,0,4,0.000,1,6678.923,708.928,6.000,6770.000,700.000,90.000,63.951,58,69.951,39.951
752,33.095552,33.335678,16,0,0,4,0.000,1,6678.923,708.928,6.000,6770.000,700.000,90.000,63.951,58,69.951,39.951
753,33.808427,33.334267,16,0,0,4,0.000,1,6678.923,708.928,6.000,6770.000,700.000,90.000,63.951,58,69.951,39.951
754,33.706445,33.334787,22,0,0,4,0.000,1,6678.923,708.928,6.000,6770.000,700.000,90.000,63.951,58,-1.000,-1.000
755,33.486631,33.335167,22,0,0,4,0.000,1,6678.923,708.928,6.000,6140.000,390.000,90.000,63.951,58,-1.000,-1.000
756,34.213877,33.335797,22,0,0,4,0.000,1,6678.923,708.928,6.000,6140.000,390.000,90.000,63.951,58,-1.000,-1.000
757,32.283803,33.334237,22,0,0,4,0.000,1,6678.923,708.928,6.000,6140.000,390.000,90.000,63.951,58,-1.000,-1.000
758,32.936249,33.334178,22,0,0,4,0.000,1,6678.923,708.928,6.000,6140.000,390.000,90.000,63.951,58,-1.000,-1.000
759,33.423109,33.334357,22,0,0,4,0.000,1,6678.923,708.928,6.000,6140.000,390.000,90.000,63.951,58,-1.000,-1.000
760,33.017060,33.334067,22,0,0,4,0.000,1,6678.923,708.928,6.000,6140.000,390.000,90.000,63.951,58,-1.000,-1.000
761,33.420189,33.335376,22,0,0,4,0.000,1,6678.923,708.928,6.000,6140.000,390.000,90.000,63.951,58,-1.000,-1.000
762,33.426430,33.334378,22,0,0,4,0.000,1,6678.923,708.928,6.000,6140.000,390.000,90.000,63.951,58,-1.000,-1.000
763,33.433479,33.334027,22,0,0,4,0.000,1,6678.923,708.928,6.000,6140.000,390.000,90.000,63.951,58,-1.000,-1.000
764,32.966979,33.334357,22,0,0,4,0.000,1,6678.923,708.928,6.000,6140.000,390.000,90.000,63.951,58,-1.000,-1.000
765,34.015852,33.335398,22,0,0,4,0.000,1,6678.923,708.928,6.000,6140.000,390.000,90.000,63.951,58,-1.000,-1.000
766,32.891178,33.334466,22,0,0,4,0.000,1,6678.923,708.928,6.000,6140.000,390.000,90.000,63.951,58,-1.000,-1.000
767,33.341667,33.334397,22,0,0,4,0.000,1,6678.923,708.928,6.000,6140.000,390.000,90.000,63.951,58,-1.000,-1.000
768,33.716725,33.333978,22,0,0,4,0.000,1,6678.923,708.928,6.000,6140.000,390.000,90.000,63.951,58,-1.000,-1.000
769,33.298697,33.430909,23,0,0,4,0.000,1,6678.923,708.928,6.000,6140.000,390.000,90.000,63.951,58,-1.000,-1.000
770,34.267367,33.335527,23,1,0,5,0.000,1,6678.923,708.928,6.000,6140.000,390.000,90.000,63.951,58,-1.000,-1.000
771,32.360456,33.334268,23,1,0,5,0.000,1,6678.923,708.928,6.000,6140.000,390.000,90.000,63.951,58,-1.000,-1.000
772,33.048261,33.334656,23,1,0,5,0.000,1,6678.923,708.928,6.000,6140.000,390.000,90.000,63.951,58,-1.000,-1.000
773,33.631563,33.335307,23,1,0,5,0.000,1,6678.923,708.928,6.000,6140.000,390.000,90.000,63.951,58,-1.000,-1.000
774,33.519312,33.333738,23,1,0,5,0.000,1,6678.923,708.928,6.000,6140.000,390.000,90.000,63.951,58,-1.000,-1.000
775,33.304826,33.335477,23,1,0,5,0.000,1,6678.923,708.928,6.000,6140.000,390.000,90.000,63.951,58,-1.000,-1.000
776,33.144693,33.333887,23,1,0,5,0.000,1,6678.923,708.928,6.000,6140.000,390.000,90.000,63.951,58,-1.000,-1.000
777,33.569603,33.335618,23,1,0,5,0.000,1,6678.923,708.928,6.000,6140.000,390.000,90.000,63.951,58,-1.000,-1.000
778,33.230064,33.334456,23,1,0,5,0.000,1,6678.923,708.928,6.000,6140.000,390.000,90.000,63.951,58,-1.000,-1.000
779,33.544492,33.335397,23,1,0,5,0.000,1,6678.923,708.928,6.000,6140.000,390.000,90.000,63.951,58,-1.000,-1.000
780,33.355108,33.335118,23,1,0,5,0.000,1,6678.923,708.928,6.000,6140.000,390.000,90.000,63.951,58,-1.000,-1.000
781,33.487340,33.333927,17,1,0,5,0.000,1,6678.923,708.928,6.000,6140.000,390.000,90.000,63.951,58,-1.000,-1.000
782,34.558664,33.334777,17,1,0,5,0.000,1,6678.923,708.928,6.000,6140.000,390.000,90.000,63.951,58,-1.000,-1.000
783,36.558809,33.335037,17,1,0,5,0.000,1,6678.923,708.928,6.000,6140.000,390.000,90.000,63.951,58,-1.000,-1.000
784,34.010432,33.334847,17,1,0,5,0.000,1,6678.923,708.928,6.000,6140.000,390.000,90.000,63.951,58,-1.000,-1.000
785,31.357033,33.334607,17,1,0,5,0.000,1,6678.923,708.928,6.000,6140.000,390.000,90.000,63.951,58,-1.000,-1.000
786,30.324811,33.333838,17,1,0,5,0.000,1,6678.923,708.928,6.000,16500.000,700.000,90.000,63.951,58,-1.000,-1.000
787,34.615966,33.334617,17,1,1,5,0.000,0,6678.923,708.928,6.000,16500.000,700.000,90.000,63.951,58,-1.000,-1.000
788,33.261515,33.335226,17,1,1,5,0.000,0,6678.923,708.928,6.000,16500.000,700.000,90.000,63.951,58,-1.000,-1.000
789,32.032538,33.334108,17,1,1,5,0.000,0,6678.923,708.928,6.000,16500.000,700.000,90.000,63.951,58,-1.000,-1.000
790,32.491799,33.334857,17,1,1,5,0.000,0,6678.923,708.928,6.000,16500.000,700.000,90.000,63.951,58,-1.000,-1.000
791,33.222805,33.333837,17,1,1,5,0.000,0,6678.923,708.928,6.000,16500.000,700.000,90.000,63.951,58,-1.000,-1.000
792,33.094671,33.333898,17,1,1,5,0.000,0,6678.923,708.928,6.000,16500.000,700.000,90.000,63.951,58,-1.000,-1.000
793,33.522031,33.333787,17,1,1,5,0.000,0,6678.923,708.928,6.000,16500.000,700.000,90.000,63.951,58,-1.000,-1.000
794,33.363889,33.334576,17,1,1,5,0.000,0,6678.923,708.928,6.000,16500.000,700.000,90.000,63.951,58,-1.000,-1.000
795,32.657411,33.334078,17,1,1,5,0.000,0,6678.923,708.928,6.000,16500.000,700.000,90.000,63.951,58,-1.000,-1.000
796,33.088832,33.334847,17,1,1,5,0.000,0,6678.923,708.928,6.000,16500.000,700.000,90.000,63.951,58,-1.000,-1.000
797,33.882299,33.334987,17,1,1,5,0.000,0,6678.923,708.928,6.000,16500.000,700.000,90.000,63.951,58,-1.000,-1.000
798,33.448880,33.334958,17,1,1,5,0.000,0,6678.923,708.928,6.000,16500.000,700.000,90.000,63.951,58,-1.000,-1.000
799,33.290466,33.334327,17,1,1,5,0.000,0,6678.923,708.928,6.000,16500.000,700.000,90.000,63.951,58,-1.000,-1.000
800,33.272086,33.335476,17,1,1,5,0.000,0,6678.923,708.928,6.000,16500.000,700.000,90.000,63.951,58,-1.000,-1.000
801,33.293787,33.334237,17,1,1,5,0.000,0,6678.923,708.928,6.000,16500.000,700.000,90.000,63.951,58,-1.000,-1.000
802,33.196354,33.334738,17,1,1,5,0.000,0,6678.923,708.928,6.000,16500.000,700.000,90.000,63.951,58,-1.000,-1.000
803,33.486960,33.334227,17,1,1,5,0.000,0,6678.923,708.928,6.000,16500.000,700.000,90.000,63.951,58,-1.000,-1.000
804,33.282206,33.335337,17,1,1,5,0.000,0,6678.923,708.928,6.000,16500.000,700.000,90.000,63.951,58,-1.000,-1.000
805,33.430529,33.334417,17,1,1,5,0.000,0,6678.923,708.928,6.000,16500.000,700.000,90.000,63.951,58,-1.000,-1.000
806,33.429129,33.335347,17,1,1,5,0.000,0,6678.923,708.928,6.000,16500.000,700.000,90.000,63.951,58,-1.000,-1.000
807,33.387879,33.334567,17,1,1,5,0.000,0,6678.923,708.928,6.000,16500.000,700.000,90.000,63.951,58,-1.000,-1.000
808,33.267105,33.335088,17,1,1,5,0.000,0,6678.923,708.928,6.000,16500.000,700.000,90.000,63.951,58,-1.000,-1.000
809,33.329247,33.334477,17,1,1,5,0.000,0,6678.923,708.928,6.000,16500.000,700.000,90.000,63.951,58,-1.000,-1.000
810,33.344148,33.334927,17,1,1,5,0.000,0,6678.923,708.928,6.000,16500.000,700.000,90.000,63.951,58,-1.000,-1.000
811,33.384098,33.335607,17,1,1,5,0.000,0,6678.923,708.928,6.000,16500.000,700.000,90.000,63.951,58,-1.000,-1.000
812,33.256695,33.334687,17,1,1,5,0.000,0,6678.923,708.928,6.000,16500.000,700.000,90.000,63.951,58,-1.000,-1.000
813,33.409199,33.334967,17,1,1,5,0.000,0,6678.923,708.928,6.000,16500.000,700.000,90.000,63.951,58,-1.000,-1.000
814,33.357938,33.334828,17,1,1,5,0.000,0,6678.923,708.928,6.000,16500.000,700.000,90.000,63.951,58,-1.000,-1.000
815,33.279545,33.335447,17,1,1,5,0.000,0,6678.923,708.928,6.000,16500.000,700.000,90.000,63.951,58,-1.000,-1.000
816,33.372769,33.334967,17,1,1,5,0.000,0,6678.923,708.928,6.000,16500.000,700.000,90.000,63.951,58,-1.000,-1.000
817,33.382098,33.334107,17,1,1,5,0.000,0,6678.923,708.928,6.000,16500.000,700.000,90.000,63.951,58,-1.000,-1.000
818,33.352787,33.334847,17,1,1,5,0.000,0,6678.923,708.928,6.000,16500.000,700.000,90.000,63.951,58,-1.000,-1.000
819,33.463421,33.334417,17,1,1,5,0.000,0,6678.923,708.928,6.000,16500.000,700.000,90.000,63.951,58,-1.000,-1.000
820,33.376787,33.334538,17,1,1,5,0.000,0,6678.923,708.928,6.000,16500.000,700.000,90.000,63.951,58,-1.000,-1.000
821,33.084452,33.334727,17,1,1,5,0.000,0,6678.923,708.928,6.000,16500.000,700.000,90.000,63.951,58,-1.000,-1.000
822,33.178604,33.335447,17,1,1,5,0.000,0,6678.923,708.928,6.000,16500.000,700.000,90.000,63.951,58,-1.000,-1.000
823,33.670904,33.334027,17,1,1,5,0.000,0,6678.923,708.928,6.000,16500.000,700.000,90.000,63.951,58,-1.000,-1.000
824,33.271386,33.334557,17,1,1,5,0.000,0,6678.923,708.928,6.000,16500.000,700.000,90.000,63.951,58,-1.000,-1.000
825,33.675505,33.334717,17,1,1,5,0.000,0,6678.923,708.928,6.000,16500.000,700.000,90.000,63.951,58,-1.000,-1.000
826,33.095612,33.334898,17,1,1,5,0.000,0,6678.923,708.928,6.000,16500.000,700.000,90.000,63.951,58,-1.000,-1.000
827,33.262135,33.334617,17,1,1,5,0.000,0,6678.923,708.928,6.000,16500.000,700.000,90.000,63.951,58,-1.000,-1.000
828,33.352118,33.334096,17,1,1,5,0.000,0,6678.923,708.928,6.000,16500.000,700.000,90.000,63.951,58,-1.000,-1.000
829,33.368128,33.355289,17,1,1,5,0.000,0,6678.923,708.928,6.000,16500.000,700.000,90.000,63.951,58,-1.000,-1.000
830,33.359737,33.335707,17,1,1,5,0.000,0,6678.923,708.928,6.000,16500.000,700.000,90.000,63.951,58,-1.000,-1.000
831,33.241726,33.334096,17,1,1,5,0.000,0,6678.923,708.928,6.000,16500.000,700.000,90.000,63.951,58,-1.000,-1.000
832,33.133933,33.334828,17,1,1,5,0.000,0,6678.923,708.928,6.000,16500.000,700.000,90.000,63.951,58,-1.000,-1.000
833,33.408218,33.333827,17,1,1,5,0.000,0,6678.923,708.928,6.000,16500.000,700.000,90.000,63.951,58,-1.000,-1.000
834,33.302016,33.335257,17,1,1,5,0.000,0,6678.923,708.928,6.000,16500.000,700.000,90.000,63.951,58,-1.000,-1.000
835,33.271936,33.334067,17,1,1,5,0.000,0,6678.923,708.928,6.000,16500.000,700.000,90.000,63.951,58,-1.000,-1.000
836,33.354578,33.333997,17,1,1,5,0.000,0,6678.923,708.928,6.000,16500.000,700.000,90.000,63.951,58,-1.000,-1.000
837,33.574603,33.333807,17,1,1,5,0.000,0,6678.923,708.928,6.000,16500.000,700.000,90.000,63.951,58,-1.000,-1.000
838,33.249315,33.334887,17,1,1,5,0.000,0,6678.923,708.928,6.000,16500.000,700.000,90.000,63.951,58,-1.000,-1.000
839,33.341727,33.335148,17,1,1,5,0.000,0,6678.923,708.928,6.000,16500.000,700.000,90.000,63.951,58,-1.000,-1.000
840,33.397159,33.334117,17,1,1,5,0.000,0,6678.923,708.928,6.000,16500.000,700.000,90.000,63.951,58,-1.000,-1.000
841,33.321526,33.334037,17,1,1,5,0.000,0,6678.923,708.928,6.000,16500.000,700.000,90.000,63.951,58,-1.000,-1.000
842,33.233505,33.334527,17,1,1,5,0.000,0,6678.923,708.928,6.000,16500.000,700.000,90.000,63.951,58,-1.000,-1.000
843,33.320617,33.335127,17,1,1,5,0.000,0,6678.923,708.928,6.000,16500.000,700.000,90.000,63.951,58,-1.000,-1.000
844,33.456000,33.335087,17,1,1,5,0.000,0,6678.923,708.928,6.000,16500.000,700.000,90.000,63.951,58,-1.000,-1.000
845,33.266495,33.333848,17,1,1,5,0.000,0,6678.923,708.928,6.000,16500.000,700.000,90.000,63.951,58,-1.000,-1.000
846,33.415859,33.334777,17,1,1,5,0.000,0,6678.923,708.928,6.000,16500.000,700.000,90.000,63.951,58,-1.000,-1.000
847,33.263496,33.334226,17,1,1,5,0.000,0,6678.923,708.928,6.000,16500.000,700.000,90.000,63.951,58,-1.000,-1.000
848,33.548112,33.334668,17,1,1,5,0.000,0,6678.923,708.928,6.000,16500.000,700.000,90.000,63.951,58,-1.000,-1.000
849,33.315227,33.335147,17,1,1,5,0.000,0,6678.923,708.928,6.000,16500.000,700.000,90.000,63.951,58,-1.000,-1.000
850,33.187614,33.334777,17,1,1,5,0.000,0,6678.923,708.928,6.000,16500.000,700.000,90.000,63.951,58,-1.000,-1.000
851,33.291766,33.335508,17,1,1,5,0.000,0,6678.923,708.928,6.000,16500.000,700.000,90.000,63.951,58,-1.000,-1.000
852,33.348747,33.335137,17,1,1,5,0.000,0,6678.923,708.928,6.000,16500.000,700.000,90.000,63.951,58,-1.000,-1.000
853,33.386039,33.333976,17,1,1,5,0.000,0,6678.923,708.928,6.000,16500.000,700.000,90.000,63.951,58,-1.000,-1.000
854,33.230274,33.334958,17,1,1,5,0.000,0,6678.923,708.928,6.000,16500.000,700.000,90.000,63.951,58,-1.000,-1.000
855,33.380408,33.335677,17,1,1,5,0.000,0,6678.923,708.928,6.000,16500.000,700.000,90.000,63.951,58,-1.000,-1.000
856,33.281567,33.335637,17,1,1,5,0.000,0,6678.923,708.928,6.000,16500.000,700.000,90.000,63.951,58,-1.000,-1.000
857,33.333847,33.333838,17,1,1,5,0.000,0,6678.923,708.928,6.000,16500.000,700.000,90.000,63.951,58,-1.000,-1.000
858,33.468349,33.335017,17,1,1,5,0.000,0,6678.923,708.928,6.000,16500.000,700.000,90.000,63.951,58,-1.000,-1.000
859,33.302087,33.334356,17,1,1,5,0.000,0,6678.923,708.928,6.000,16500.000,700.000,90.000,63.951,58,-1.000,-1.000
860,33.300856,33.335448,17,1,1,5,0.000,0,6678.923,708.928,6.000,16500.000,700.000,90.000,63.951,58,-1.000,-1.000
861,33.444570,33.335547,17,1,1,5,0.000,0,6678.923,708.928,6.000,16500.000,700.000,90.000,63.951,58,-1.000,-1.000
862,33.199145,33.334267,17,1,1,5,0.000,0,6678.923,708.928,6.000,16500.000,700.000,90.000,63.951,58,-1.000,-1.000
863,33.335116,33.334158,17,1,1,5,0.000,0,6678.923,708.928,6.000,16500.000,700.000,90.000,63.951,58,-1.000,-1.000
864,33.221035,33.335207,17,1,1,5,0.000,0,6678.923,708.928,6.000,16500.000,700.000,90.000,63.951,58,-1.000,-1.000
865,33.401728,33.335236,17,1,1,5,0.000,0,6678.923,708.928,6.000,16500.000,700.000,90.000,63.951,58,-1.000,-1.000
866,33.304367,33.334797,17,1,1,5,0.000,0,6678.923,708.928,6.000,16500.000,700.000,90.000,63.951,58,-1.000,-1.000
867,33.403599,33.334638,17,1,1,5,0.000,0,6678.923,708.928,6.000,16500.000,700.000,90.000,63.951,58,-1.000,-1.000
868,33.285705,33.334557,17,1,1,5,0.000,0,6678.923,708.928,6.000,16500.000,700.000,90.000,63.951,58,-1.000,-1.000
869,33.346548,33.334947,17,1,1,5,0.000,0,6678.923,708.928,6.000,16500.000,700.000,90.000,63.951,58,-1.000,-1.000
870,33.350778,33.334148,17,1,1,5,0.000,0,6678.923,708.928,6.000,16500.000,700.000,90.000,63.951,58,-1.000,-1.000
871,33.586373,33.335426,18,1,1,5,0.000,0,6678.923,708.928,6.000,16500.000,700.000,90.000,63.951,58,-1.000,-1.000
872,33.136822,33.334997,18,1,1,5,0.000,0,6678.923,708.928,6.000,16500.000,700.000,90.000,63.951,58,-1.000,-1.000
873,33.422519,33.333948,18,1,1,5,0.000,0,6678.923,708.928,6.000,16500.000,700.000,90.000,63.951,58,-1.000,-1.000
874,33.264315,33.335227,18,1,1,5,0.000,0,6678.923,708.928,6.000,16500.000,700.000,90.000,63.951,58,-1.000,-1.000
875,33.757257,33.333667,18,1,1,5,0.000,0,6678.923,708.928,6.000,16500.000,700.000,90.000,63.951,58,-1.000,-1.000
876,33.042121,33.335628,18,1,1,5,0.000,0,6678.923,708.928,6.000,16500.000,700.000,90.000,63.951,58,-1.000,-1.000
877,33.491441,33.334436,18,1,1,5,0.000,0,6678.923,708.928,6.000,16500.000,700.000,90.000,63.951,58,-1.000,-1.000
878,33.112712,33.335057,18,1,1,5,0.000,0,6678.923,708.928,6.000,16500.000,700.000,90.000,63.951,58,-1.000,-1.000
879,33.361957,33.334778,18,1,1,5,0.000,0,6678.923,708.928,6.000,16500.000,700.000,90.000,63.951,58,-1.000,-1.000
880,33.405580,33.335717,18,1,1,5,0.000,0,6678.923,708.928,6.000,16500.000,700.000,90.000,63.951,58,-1.000,-1.000
881,33.453549,33.334397,18,1,1,5,0.000,0,6678.923,708.928,6.000,16500.000,700.000,90.000,63.951,58,-1.000,-1.000
882,33.040801,33.334628,18,1,1,5,0.000,0,6678.923,708.928,6.000,16500.000,700.000,90.000,63.951,58,-1.000,-1.000
883,33.334867,33.334476,18,1,1,5,0.000,0,6678.923,708.928,6.000,16500.000,700.000,90.000,63.951,58,-1.000,-1.000
884,33.291806,33.334797,18,1,1,5,0.000,0,6678.923,708.928,6.000,16500.000,700.000,90.000,63.951,58,-1.000,-1.000
885,33.371458,33.333848,18,1,1,5,0.000,0,6678.923,708.928,6.000,16500.000,700.000,90.000,63.951,58,-1.000,-1.000
886,33.267865,33.335417,18,1,1,5,0.000,0,6678.923,708.928,6.000,16500.000,700.000,90.000,63.951,58,-1.000,-1.000
887,33.371589,33.334287,18,1,1,5,0.000,0,6678.923,708.928,6.000,16500.000,700.000,90.000,63.951,58,-1.000,-1.000
888,33.338757,33.335688,18,1,1,5,0.000,0,6678.923,708.928,6.000,16500.000,700.000,90.000,63.951,58,-1.000,-1.000
889,33.341177,33.334026,18,1,1,5,0.000,0,6678.923,708.928,6.000,16500.000,700.000,90.000,63.951,58,-1.000,-1.000
890,33.359908,33.335037,18,1,1,5,0.000,0,6678.923,708.928,6.000,16500.000,700.000,90.000,63.951,58,-1.000,-1.000
891,33.337117,33.333768,18,1,1,5,0.000,0,6678.923,708.928,6.000,16500.000,700.000,90.000,63.951,58,-1.000,-1.000
892,33.214525,33.334837,18,1,1,5,0.000,0,6678.923,708.928,6.000,16500.000,700.000,90.000,63.951,58,-1.000,-1.000
893,33.468420,33.334737,18,1,1,5,0.000,0,6678.923,708.928,6.000,16500.000,700.000,90.000,63.951,58,-1.000,-1.000
894,33.294416,33.334727,18,1,1,5,0.000,0,6678.923,708.928,6.000,16500.000,700.000,90.000,63.951,58,-1.000,-1.000
895,33.234055,33.335817,18,1,1,5,0.000,0,6678.923,708.928,6.000,16500.000,700.000,90.000,63.951,58,-1.000,-1.000
896,33.337247,33.335397,18,1,1,5,0.000,0,6678.923,708.928,6.000,16500.000,700.000,90.000,63.951,58,-1.000,-1.000
897,33.460420,33.335467,18,1,1,5,0.000,0,6678.923,708.928,6.000,16500.000,700.000,90.000,63.951,58,-1.000,-1.000
898,33.169624,33.334948,18,1,1,5,0.000,0,6678.923,708.928,6.000,16500.000,700.000,90.000,63.951,58,-1.000,-1.000
899,33.431399,33.334597,18,1,1,5,0.000,0,6678.923,708.928,6.000,16500.000,700.000,90.000,63.951,58,-1.000,-1.000
900,33.358858,33.335377,18,1,1,5,0.000,0,6678.923,708.928,6.000,16500.000,700.000,90.000,63.951,58,-1.000,-1.000
901,33.239105,33.334377,18,1,1,5,0.000,0,6678.923,708.928,6.000,16500.000,700.000,90.000,63.951,58,-1.000,-1.000
902,33.384347,33.334787,18,1,1,5,0.000,0,6678.923,708.928,6.000,16500.000,700.000,90.000,63.951,58,-1.000,-1.000
903,33.315208,33.335107,18,1,1,5,0.000,0,6678.923,708.928,6.000,16500.000,700.000,90.000,63.951,58,-1.000,-1.000
904,33.287086,33.334018,18,1,1,5,0.000,0,6678.923,708.928,6.000,16500.000,700.000,90.000,63.951,58,-1.000,-1.000
905,33.485300,33.334597,18,1,1,5,0.000,0,6678.923,708.928,6.000,16500.000,700.000,90.000,63.951,58,-1.000,-1.000
906,33.350218,33.333876,18,1,1,5,0.000,0,6678.923,708.928,6.000,16500.000,700.000,90.000,63.951,58,-1.000,-1.000
907,33.322126,33.334008,18,1,1,5,0.000,0,6678.923,708.928,6.000,16500.000,700.000,90.000,63.951,58,-1.000,-1.000
908,33.250806,33.334037,18,1,1,5,0.000,0,6678.923,708.928,6.000,16500.000,700.000,90.000,63.951,58,-1.000,-1.000
909,33.546912,33.334547,18,1,1,5,0.000,0,6678.923,708.928,6.000,16500.000,700.000,90.000,63.951,58,-1.000,-1.000
910,33.222284,33.334958,18,1,1,5,0.000,0,6678.923,708.928,6.000,16500.000,700.000,90.000,63.951,58,-1.000,-1.000
911,33.282956,33.335117,18,1,1,5,0.000,0,6678.923,708.928,6.000,16500.000,700.000,90.000,63.951,58,-1.000,-1.000
912,33.283347,33.335166,18,1,1,5,0.000,0,6678.923,708.928,6.000,16500.000,700.000,90.000,63.951,58,-1.000,-1.000
913,33.302396,33.333978,18,1,1,5,0.000,0,6678.923,708.928,6.000,16500.000,700.000,90.000,63.951,58,-1.000,-1.000
914,33.367188,33.335217,18,1,1,5,0.000,0,6678.923,708.928,6.000,16500.000,700.000,90.000,63.951,58,-1.000,-1.000
915,33.398329,33.335277,18,1,1,5,0.000,0,6678.923,708.928,6.000,16500.000,700.000,90.000,63.951,58,-1.000,-1.000
916,33.223664,33.335028,18,1,1,5,0.000,0,6678.923,708.928,6.000,16500.000,700.000,90.000,63.951,58,-1.000,-1.000
917,33.357717,33.335607,18,1,1,5,0.000,0,6678.923,708.928,6.000,16500.000,700.000,90.000,63.951,58,-1.000,-1.000
918,33.397670,33.335546,18,1,1,5,0.000,0,6678.923,708.928,6.000,16500.000,700.000,90.000,63.951,58,-1.000,-1.000
919,33.353057,33.335508,18,1,1,5,0.000,0,6678.923,708.928,6.000,16500.000,700.000,90.000,63.951,58,-1.000,-1.000
920,33.263525,33.335177,18,1,1,5,0.000,0,6678.923,708.928,6.000,16500.000,700.000,90.000,63.951,58,-1.000,-1.000
921,33.826678,33.333997,18,1,1,5,0.000,0,6678.923,708.928,6.000,16500.000,700.000,90.000,63.951,58,-1.000,-1.000
922,32.942049,33.334898,18,1,1,5,0.000,0,6678.923,708.928,6.000,16500.000,700.000,90.000,63.951,58,-1.000,-1.000
923,33.345997,33.335067,18,1,1,5,0.000,0,6678.923,708.928,6.000,16500.000,700.000,90.000,63.951,58,-1.000,-1.000
924,33.621524,33.335066,18,1,1,5,0.000,0,6678.923,708.928,6.000,16500.000,700.000,90.000,63.951,58,-1.000,-1.000
925,33.047401,33.335178,18,1,1,5,0.000,0,6678.923,708.928,6.000,16500.000,700.000,90.000,63.951,58,-1.000,-1.000
926,33.319996,33.334367,18,1,1,5,0.000,0,6678.923,708.928,6.000,16500.000,700.000,90.000,63.951,58,-1.000,-1.000
927,33.267185,33.334067,18,1,1,5,0.000,0,6678.923,708.928,6.000,16500.000,700.000,90.000,63.951,58,-1.000,-1.000
928,33.232396,33.335717,18,1,1,5,0.000,0,6678.923,708.928,6.000,16500.000,700.000,90.000,63.951,58,-1.000,-1.000
929,33.366958,33.335448,18,1,1,5,0.000,0,6678.923,708.928,6.000,16500.000,700.000,90.000,63.951,58,-1.000,-1.000
930,33.372657,33.334176,18,1,1,5,0.000,0,6678.923,708.928,6.000,16500.000,700.000,90.000,63.951,58,-1.000,-1.000
931,33.501612,33.334857,19,1,1,5,0.000,0,6678.923,708.928,6.000,16500.000,700.000,90.000,63.951,58,-1.000,-1.000
932,36.330953,33.333738,19,1,1,5,0.000,0,6678.923,708.928,6.000,16500.000,700.000,90.000,63.951,58,-1.000,-1.000
933,48.379210,33.334467,19,1,1,5,0.000,0,6678.923,708.928,6.000,16500.000,700.000,90.000,63.951,58,-1.000,-1.000
934,16.359162,33.335467,19,1,1,5,0.000,0,6678.923,708.928,6.000,16500.000,700.000,90.000,63.951,58,-1.000,-1.000
935,32.485577,33.334598,19,1,1,5,0.000,0,6678.923,708.928,6.000,16500.000,700.000,90.000,63.951,58,-1.000,-1.000
936,34.434213,33.334096,19,1,1,5,0.000,0,6678.923,708.928,6.000,6140.000,390.000,90.000,63.951,58,-1.000,-1.000
937,35.179007,33.335007,19,1,0,5,0.000,1,6678.923,708.928,6.000,6140.000,390.000,90.000,63.951,58,-1.000,-1.000
938,31.930006,33.335678,19,1,0,5,0.000,1,6678.923,708.928,6.000,6140.000,390.000,90.000,63.951,58,-1.000,-1.000
939,32.199752,33.334417,19,1,0,5,0.000,1,6678.923,708.928,6.000,6140.000,390.000,90.000,63.951,58,-1.000,-1.000
940,34.027443,33.335007,19,1,0,5,0.000,1,6678.923,708.928,6.000,6140.000,390.000,90.000,63.951,58,-1.000,-1.000
941,32.494059,33.333867,19,1,0,5,0.000,1,6678.923,708.928,6.000,6140.000,390.000,90.000,63.951,58,-1.000,-1.000
942,33.083111,33.334587,19,1,0,5,0.000,1,6678.923,708.928,6.000,6140.000,390.000,90.000,63.951,58,-1.000,-1.000
943,32.883868,33.335017,19,1,0,5,0.000,1,6678.923,708.928,6.000,6140.000,390.000,90.000,63.951,58,-1.000,-1.000
944,33.606222,33.335118,19,1,0,5,0.000,1,6678.923,708.928,6.000,6140.000,390.000,90.000,63.951,58,-1.000,-1.000
945,33.541012,33.334457,19,1,0,5,0.000,1,6678.923,708.928,6.000,6140.000,390.000,90.000,63.951,58,-1.000,-1.000
946,33.292076,33.334007,19,1,0,5,0.000,1,6678.923,708.928,6.000,6140.000,390.000,90.000,63.951,58,-1.000,-1.000
947,33.138533,33.334237,19,1,0,5,0.000,1,6678.923,708.928,6.000,6140.000,390.000,90.000,63.951,58,-1.000,-1.000
948,33.441359,33.334737,19,1,0,5,0.000,1,6678.923,708.928,6.000,6140.000,390.000,90.000,63.951,58,-1.000,-1.000
949,33.488951,33.335457,19,1,0,5,0.000,1,6678.923,708.928,6.000,6140.000,390.000,90.000,63.951,58,-1.000,-1.000
950,33.274466,33.334658,19,1,0,5,0.000,1,6678.923,708.928,6.000,6140.000,390.000,90.000,63.951,58,-1.000,-1.000
951,33.520731,33.335357,19,1,0,5,0.000,1,6678.923,708.928,6.000,6140.000,390.000,90.000,63.951,58,-1.000,-1.000
952,33.076692,33.333766,19,1,0,5,0.000,1,6678.923,708.928,6.000,6140.000,390.000,90.000,63.951,58,-1.000,-1.000
953,33.329146,33.334348,19,1,0,5,0.000,1,6678.923,708.928,6.000,6140.000,390.000,90.000,63.951,58,-1.000,-1.000
954,33.405640,33.334107,19,1,0,5,0.000,1,6678.923,708.928,6.000,6140.000,390.000,90.000,63.951,58,-1.000,-1.000
955,33.434899,33.333927,19,1,0,5,0.000,1,6678.923,708.928,6.000,6140.000,390.000,90.000,63.951,58,-1.000,-1.000
956,33.293966,33.334148,19,1,0,5,0.000,1,6678.923,708.928,6.000,6140.000,390.000,90.000,63.951,58,-1.000,-1.000
957,33.514171,33.334447,19,1,0,5,0.000,1,6678.923,708.928,6.000,6140.000,390.000,90.000,63.951,58,-1.000,-1.000
958,33.000260,33.334806,19,1,0,5,0.000,1,6678.923,708.928,6.000,6140.000,390.000,90.000,63.951,58,-1.000,-1.000
959,33.204834,33.333817,19,1,0,5,0.000,1,6678.923,708.928,6.000,6140.000,390.000,90.000,63.951,58,-1.000,-1.000
960,33.620974,33.333738,19,1,0,5,0.000,1,6678.923,708.928,6.000,6140.000,390.000,90.000,63.951,58,-1.000,-1.000
961,33.073561,33.334357,19,1,0,5,0.000,1,6678.923,708.928,6.000,6140.000,390.000,90.000,63.951,58,-1.000,-1.000
962,33.311377,33.334297,19,1,0,5,0.000,1,6678.923,708.928,6.000,6140.000,390.000,90.000,63.951,58,-1.000,-1.000
963,33.379147,33.334447,19,1,0,5,0.000,1,6678.923,708.928,6.000,6140.000,390.000,90.000,63.951,58,-1.000,-1.000
964,33.262646,33.334727,19,1,0,5,0.000,1,6678.923,708.928,6.000,6140.000,390.000,90.000,63.951,58,-1.000,-1.000
965,33.376658,33.334937,19,1,0,5,0.000,1,6678.923,708.928,6.000,6140.000,390.000,90.000,63.951,58,-1.000,-1.000
966,33.482830,33.333868,19,1,0,5,0.000,1,6678.923,708.928,6.000,6140.000,390.000,90.000,63.951,58,-1.000,-1.000
967,33.302408,33.334097,19,1,0,5,0.000,1,6678.923,708.928,6.000,6140.000,390.000,90.000,63.951,58,-1.000,-1.000
968,33.812116,33.334696,19,1,0,5,0.000,1,6678.923,708.928,6.000,6140.000,390.000,90.000,63.951,58,-1.000,-1.000
969,32.870267,33.334288,19,1,0,5,0.000,1,6678.923,708.928,6.000,6140.000,390.000,90.000,63.951,58,-1.000,-1.000
970,33.397410,33.334087,19,1,0,5,0.000,1,6678.923,708.928,6.000,6140.000,390.000,90.000,63.951,58,-1.000,-1.000
971,33.521630,33.334237,19,1,0,5,0.000,1,6678.923,708.928,6.000,6140.000,390.000,90.000,63.951,58,-1.000,-1.000
972,33.198244,33.334308,19,1,0,5,0.000,1,6678.923,708.928,6.000,6140.000,390.000,90.000,63.951,58,-1.000,-1.000
973,33.144433,33.335377,19,1,0,5,0.000,1,6678.923,708.928,6.000,6140.000,390.000,90.000,63.951,58,-1.000,-1.000
974,33.660955,33.334796,19,1,0,5,0.000,1,6678.923,708.928,6.000,6140.000,390.000,90.000,63.951,58,-1.000,-1.000
975,33.102122,33.335468,19,1,0,5,0.000,1,6678.923,708.928,6.000,6140.000,390.000,90.000,63.951,58,-1.000,-1.000
976,33.198444,33.334437,19,1,0,5,0.000,1,6678.923,708.928,6.000,6140.000,390.000,90.000,63.951,58,-1.000,-1.000
977,33.503041,33.335317,19,1,0,5,0.000,1,6678.923,708.928,6.000,6140.000,390.000,90.000,63.951,58,-1.000,-1.000
978,33.392508,33.334918,19,1,0,5,0.000,1,6678.923,708.928,6.000,6140.000,390.000,90.000,63.951,58,-1.000,-1.000
979,33.124612,33.335257,19,1,0,5,0.000,1,6678.923,708.928,6.000,6140.000,390.000,90.000,63.951,58,-1.000,-1.000
980,33.555813,33.335426,19,1,0,5,0.000,1,6678.923,708.928,6.000,6140.000,390.000,90.000,63.951,58,-1.000,-1.000
981,33.267115,33.335638,19,1,0,5,0.000,1,6678.923,708.928,6.000,6140.000,390.000,90.000,63.951,58,-1.000,-1.000
982,33.171824,33.335077,19,1,0,5,0.000,1,6678.923,708.928,6.000,6140.000,390.000,90.000,63.951,58,-1.000,-1.000
983,33.475841,33.335427,19,1,0,5,0.000,1,6678.923,708.928,6.000,6140.000,390.000,90.000,63.951,58,-1.000,-1.000
984,33.281645,33.334108,19,1,0,5,0.000,1,6678.923,708.928,6.000,6140.000,390.000,90.000,63.951,58,-1.000,-1.000
985,33.434010,33.334517,19,1,0,5,0.000,1,6678.923,708.928,6.000,6140.000,390.000,90.000,63.951,58,-1.000,-1.000
986,33.128143,33.334286,19,1,0,5,0.000,1,6678.923,708.928,6.000,6140.000,390.000,90.000,63.951,58,-1.000,-1.000
987,33.267635,33.333848,19,1,0,5,0.000,1,6678.923,708.928,6.000,6140.000,390.000,90.000,63.951,58,-1.000,-1.000
988,33.372188,33.334317,19,1,0,5,0.000,1,6678.923,708.928,6.000,6140.000,390.000,90.000,63.951,58,-1.000,-1.000
989,33.205894,33.333767,19,1,0,5,0.000,1,6678.923,708.928,6.000,6140.000,390.000,90.000,63.951,58,-1.000,-1.000
990,33.480831,33.333817,19,1,0,5,0.000,1,6678.923,708.928,6.000,6140.000,390.000,90.000,63.951,58,-1.000,-1.000
991,33.140743,33.333928,21,1,0,5,0.000,1,6678.923,708.928,6.000,6140.000,390.000,90.000,63.951,58,-1.000,-1.000
992,200.225077,33.335276,21,1,0,5,0.000,1,6678.923,708.928,6.000,6140.000,390.000,90.000,63.951,58,-1.000,-1.000
993,8.414037,170.376558,21,1,0,5,0.000,1,6678.923,708.928,6.000,6140.000,390.000,90.000,63.951,58,-1.000,-1.000
994,27.110199,33.334227,21,1,0,5,0.000,1,6678.923,708.928,6.000,6140.000,390.000,90.000,63.951,58,-1.000,-1.000
995,34.165885,33.334197,21,1,0,5,0.000,1,6678.923,708.928,6.000,6140.000,390.000,90.000,63.951,58,-1.000,-1.000
996,33.457130,33.334887,21,1,0,5,0.000,1,6678.923,708.928,6.000,6140.000,390.000,90.000,63.951,58,-1.000,-1.000
997,33.907710,33.334878,21,1,0,5,0.000,1,6678.923,708.928,6.000,6140.000,390.000,90.000,63.951,58,-1.000,-1.000
998,33.372178,33.335327,21,1,0,5,0.000,1,6678.923,708.928,6.000,6140.000,390.000,90.000,63.951,58,-1.000,-1.000
999,33.303866,33.334626,21,1,0,5,0.000,1,6678.923,708.928,6.000,6140.000,390.000,90.000,63.951,58,-1.000,-1.000
1000,33.262326,33.333758,21,1,0,5,0.000,1,6678.923,708.928,6.000,6140.000,390.000,90.000,63.951,58,-1.000,-1.000
1001,33.509911,33.334637,21,1,0,5,0.000,1,6678.923,708.928,6.000,6140.000,390.000,90.000,63.951,58,-1.000,-1.000
1002,33.300476,33.334247,24,1,0,5,0.000,1,6678.923,708.928,6.000,6140.000,390.000,90.000,63.951,58,-1.000,-1.000
1003,33.797708,33.335068,24,1,0,5,0.000,1,6678.923,708.928,6.000,6770.000,700.000,90.000,63.951,58,-1.000,-1.000
1004,32.941398,33.334836,24,1,0,5,0.000,1,6678.923,708.928,6.000,6770.000,700.000,90.000,63.951,58,-1.000,-1.000
1005,33.228565,33.333747,24,1,0,5,0.000,1,6678.923,708.928,6.000,6770.000,700.000,90.000,63.951,58,-1.000,-1.000
1006,33.832778,33.335678,24,1,0,5,0.000,1,6678.923,708.928,6.000,6770.000,700.000,90.000,63.951,58,-1.000,-1.000
1007,33.216165,33.334807,24,1,0,5,0.000,1,6678.923,708.928,6.000,6770.000,700.000,90.000,63.951,58,-1.000,-1.000
1008,33.064621,33.333927,24,1,0,5,0.000,1,6678.923,708.928,6.000,6770.000,700.000,90.000,63.951,58,-1.000,-1.000
1009,33.382218,33.335568,24,1,0,5,0.000,1,6678.923,708.928,6.000,6770.000,700.000,90.000,63.951,58,-1.000,-1.000
1010,32.965389,33.335356,24,1,0,5,0.000,1,6678.923,708.928,6.000,6770.000,700.000,90.000,63.951,58,-1.000,-1.000
1011,33.957141,33.335077,24,1,0,5,0.000,1,6678.923,708.928,6.000,6770.000,700.000,90.000,60.750,58,-1.000,-1.000
1012,32.843506,33.333988,24,1,0,5,0.000,1,6678.923,708.928,6.000,6770.000,700.000,90.000,60.750,58,-1.000,-1.000
1013,33.508121,33.334197,24,1,0,5,0.000,1,6678.923,708.928,6.000,6770.000,700.000,90.000,60.750,58,-1.000,-1.000
1014,33.193824,33.335037,24,1,0,5,0.000,1,6678.923,708.928,6.000,6770.000,700.000,90.000,60.750,58,-1.000,-1.000
1015,33.291286,33.334458,24,1,0,5,0.000,1,6678.923,708.928,6.000,6770.000,700.000,90.000,60.750,58,-1.000,-1.000
1016,33.618294,33.334606,24,1,0,5,0.000,1,6678.923,708.928,6.000,6770.000,700.000,90.000,60.750,58,-1.000,-1.000
1017,33.012850,33.334407,25,1,0,5,0.000,1,6678.923,708.928,6.000,6770.000,700.000,90.000,60.750,58,-1.000,-1.000
1018,33.324697,33.334178,25,1,0,5,0.000,1,6678.923,708.928,6.000,6770.000,700.000,90.000,60.750,58,-1.000,-1.000
1019,34.045303,33.334737,25,1,0,5,0.000,1,6678.923,708.928,6.000,6770.000,700.000,90.000,57.550,58,-1.000,-1.000
1020,32.912647,33.334737,25,1,0,5,0.000,1,6678.923,708.928,6.000,6770.000,700.000,90.000,57.550,58,-1.000,-1.000
1021,33.360278,33.334756,25,1,0,5,0.000,1,6678.923,708.928,6.000,6770.000,700.000,90.000,57.550,58,-1.000,-1.000
1022,33.159443,33.334428,25,1,0,5,0.000,1,6678.923,708.928,6.000,6770.000,700.000,90.000,57.550,58,-1.000,-1.000
1023,33.424500,33.334167,25,1,0,5,0.000,1,6678.923,708.928,6.000,6770.000,700.000,90.000,57.550,58,-1.000,-1.000
1024,33.321806,33.335257,25,1,0,5,0.000,1,6678.923,708.928,6.000,6770.000,700.000,90.000,57.550,58,-1.000,-1.000
1025,33.465910,33.334698,25,1,0,5,0.000,1,6678.923,708.928,6.000,6770.000,700.000,90.000,57.550,58,-1.000,-1.000
1026,33.581813,33.335186,25,1,0,5,0.000,1,6678.923,708.928,6.000,6770.000,700.000,90.000,57.550,58,-1.000,-1.000
1027,33.754037,33.334727,25,1,0,5,0.000,1,6678.923,708.928,6.000,6770.000,700.000,90.000,54.350,58,-1.000,-1.000
1028,32.685812,33.335058,25,1,0,5,0.000,1,6678.923,708.928,6.000,6770.000,700.000,90.000,54.350,58,-1.000,-1.000
1029,33.303347,33.355657,25,1,0,5,0.000,1,6678.923,708.928,6.000,6770.000,700.000,90.000,54.350,58,-1.000,-1.000
1030,33.244525,33.334797,25,1,0,5,0.000,1,6678.923,708.928,6.000,6770.000,700.000,90.000,54.350,58,-1.000,-1.000
1031,33.467679,33.335108,25,1,0,5,0.000,1,6678.923,708.928,6.000,6770.000,700.000,90.000,54.350,58,-1.000,-1.000
1032,33.128484,33.335707,25,1,0,5,0.000,1,6678.923,708.928,6.000,6770.000,700.000,90.000,54.350,58,-1.000,-1.000
1033,33.270585,33.334947,25,1,0,5,0.000,1,6678.923,708.928,6.000,6770.000,700.000,90.000,54.350,58,-1.000,-1.000
1034,33.401529,33.334918,25,1,0,5,0.000,1,6678.923,708.928,6.000,6770.000,700.000,90.000,54.350,58,-1.000,-1.000
1035,33.775357,33.334616,25,1,0,5,0.000,1,6678.923,708.928,6.000,6770.000,700.000,90.000,51.150,58,-1.000,-1.000
1036,32.859726,33.334467,25,1,0,5,0.000,1,6678.923,708.928,6.000,6770.000,700.000,90.000,51.150,58,-1.000,-1.000
1037,33.360068,33.335278,25,1,0,5,0.000,1,6678.923,708.928,6.000,6770.000,700.000,90.000,51.150,58,-1.000,-1.000
1038,33.335847,33.335527,25,1,0,5,0.000,1,6678.923,708.928,6.000,6770.000,700.000,90.000,51.150,58,-1.000,-1.000
1039,33.414659,33.335367,25,1,0,5,0.000,1,6678.923,708.928,6.000,6770.000,700.000,90.000,51.150,58,-1.000,-1.000
