frame,wall_seconds,wall_delta_ms,sim_delta_ms,phase,x,y,z,visible_cells,loaded_cells,used_physical_bytes,health,ammo,pressure,safety_holds
877,0.124379692,124.379692,11.393001,0,0.000,0.000,88.000,12,12,2905559040,100.000,60,0.000,2
878,0.156464236,32.084544,105.826414,0,0.000,0.000,90.000,12,12,2924589056,100.000,60,0.000,2
879,0.170096506,13.632270,33.122438,0,0.000,0.000,90.000,12,12,2926395392,100.000,60,0.000,2
880,0.186342673,16.246167,12.735609,0,0.000,0.000,90.000,12,12,2926768128,100.000,60,0.000,2
881,0.204094943,17.752270,16.283059,0,0.000,0.000,90.000,12,12,2926993408,100.000,60,0.000,2
882,0.218956880,14.861937,17.651697,0,0.000,0.000,90.000,12,12,2927357952,100.000,60,0.000,2
883,0.233751824,14.794944,14.876647,0,0.000,0.000,90.000,12,12,2927460352,100.000,60,0.000,2
884,0.245318899,11.567075,14.782605,0,0.000,0.000,90.000,12,12,2927484928,100.000,60,0.000,2
885,0.257800563,12.481664,11.561243,0,0.000,0.000,90.000,12,12,2927513600,100.000,60,0.000,2
886,0.269642342,11.841779,12.449354,0,0.000,0.000,90.000,12,12,2927579136,100.000,60,0.000,2
887,0.282294211,12.651869,11.856461,0,0.000,0.000,90.000,12,12,2927652864,100.000,60,0.000,2
888,0.293800413,11.506202,12.670837,0,0.000,0.000,90.000,12,12,2927681536,100.000,60,0.000,2
889,0.306917622,13.117209,11.466103,0,0.000,0.000,90.000,12,12,2927747072,100.000,60,0.000,2
890,0.318729901,11.812279,13.131768,0,0.000,0.000,90.000,12,12,2927779840,100.000,60,0.000,2
891,0.331034852,12.304951,11.913892,0,0.000,0.000,90.000,12,12,2927808512,100.000,60,0.000,2
892,0.342778649,11.743797,12.192608,0,0.000,0.000,90.000,12,12,2927853568,100.000,60,0.000,2
893,0.355065970,12.287321,11.740038,0,0.000,0.000,90.000,12,12,2927894528,100.000,60,0.000,2
894,0.367436451,12.370481,12.287990,0,0.000,0.000,90.000,12,12,2927923200,100.000,60,0.000,2
895,0.379573198,12.136747,12.398552,0,0.000,0.000,90.000,12,12,2927951872,100.000,60,0.000,2
896,0.390013567,10.440369,12.139447,0,0.000,0.000,90.000,12,12,2928058368,100.000,60,0.000,2
897,0.401807196,11.793629,10.423749,0,0.000,0.000,90.000,12,12,2928132096,100.000,60,0.000,2
898,0.414267800,12.460604,11.830530,0,0.000,0.000,90.000,12,12,2928222208,100.000,60,0.000,2
899,0.426374496,12.106696,12.527204,0,0.000,0.000,90.000,12,12,2928259072,100.000,60,0.000,2
900,0.438802328,12.427832,12.043165,0,0.000,0.000,90.000,12,12,2928312320,100.000,60,0.000,2
901,0.451018638,12.216310,12.409433,0,0.000,0.000,90.000,12,12,2928320512,100.000,60,0.000,2
902,0.464004863,12.986225,12.195248,0,0.000,0.000,90.000,12,12,2928369664,100.000,60,0.000,2
903,0.476579169,12.574306,13.075837,0,0.000,0.000,90.000,12,12,2928410624,100.000,60,0.000,2
904,0.489276288,12.697119,12.489615,0,0.000,0.000,90.000,12,12,2928410624,100.000,60,0.000,2
905,0.501552537,12.276249,12.726879,0,0.000,0.000,90.000,12,12,2928443392,100.000,60,0.000,2
906,0.515182177,13.629640,12.281900,0,0.000,0.000,90.000,12,12,2928484352,100.000,60,0.000,2
907,0.527930327,12.748150,13.665730,0,0.000,0.000,90.000,12,12,2928517120,100.000,60,0.000,2
908,0.540861821,12.931494,12.681149,0,0.000,0.000,90.000,12,12,2928590848,100.000,60,0.000,2
909,0.553752664,12.890843,12.936544,0,0.000,0.000,90.000,12,12,2928627712,100.000,60,0.000,2
910,0.567315092,13.562428,12.874573,0,0.000,0.000,90.000,12,12,2928660480,100.000,60,0.000,2
911,0.581109865,13.794773,13.681300,0,0.000,0.000,90.000,12,12,2928701440,100.000,60,0.000,2
912,0.595450070,14.340205,13.796983,0,0.000,0.000,90.000,12,12,2928730112,100.000,60,0.000,2
913,0.609108171,13.658101,14.318454,0,0.000,0.000,90.000,12,12,2928742400,100.000,60,0.000,2
914,0.622538325,13.430154,13.687041,0,0.000,0.000,90.000,12,12,2928779264,100.000,60,0.000,2
915,0.636453901,13.915576,13.351583,0,0.000,0.000,90.000,12,12,2928836608,100.000,60,0.000,2
916,0.650713764,14.259863,14.035190,0,0.000,0.000,90.000,12,12,2928885760,100.000,60,0.000,2
917,0.664415255,13.701491,14.222392,0,0.000,0.000,90.000,12,12,2928939008,100.000,60,0.000,2
918,0.678670428,14.255173,13.615708,0,0.000,0.000,90.000,12,12,2928963584,100.000,60,0.000,2
919,0.691220514,12.550086,14.237414,0,0.000,0.000,90.000,12,12,2929008640,100.000,60,0.000,2
920,0.703433622,12.213108,12.635437,0,0.000,0.000,90.000,12,12,2929045504,100.000,60,0.000,2
921,0.716330706,12.897084,12.156527,0,0.000,0.000,90.000,12,12,2929045504,100.000,60,0.000,2
922,0.729161538,12.830832,12.913923,0,0.000,0.000,90.000,12,12,2929086464,100.000,60,0.000,2
923,0.741499219,12.337681,12.904744,0,0.000,0.000,90.000,12,12,2929139712,100.000,60,0.000,2
924,0.752799827,11.300608,12.078255,0,0.000,0.000,90.000,12,12,2929225728,100.000,60,0.000,2
925,0.762923889,10.124062,11.289439,0,0.000,0.000,90.000,12,12,2929229824,100.000,60,0.000,2
926,0.770969066,8.045177,10.150403,0,0.000,0.000,90.000,12,12,2929270784,100.000,60,0.000,2
927,0.779095785,8.126719,8.048447,0,0.000,0.000,90.000,12,12,2929340416,100.000,60,0.000,2
928,0.787419247,8.323462,8.113058,0,0.000,0.000,90.000,12,12,2929418240,100.000,60,0.000,2
929,0.795783981,8.364734,8.395524,0,0.000,0.000,90.000,12,12,2929418240,100.000,60,0.000,2
930,0.804126055,8.342074,8.286763,0,0.000,0.000,90.000,12,12,2929467392,100.000,60,0.000,2
931,0.812513609,8.387554,8.346143,0,0.000,0.000,90.000,12,12,2929467392,100.000,60,0.000,2
932,0.820720019,8.206410,8.374023,0,0.000,0.000,90.000,12,12,2929471488,100.000,60,0.000,2
933,0.829389860,8.669841,8.176420,0,0.000,0.000,90.000,12,12,2929524736,100.000,60,0.000,2
934,0.838286925,8.897065,8.676111,0,0.000,0.000,90.000,12,12,2929528832,100.000,60,0.000,2
935,0.846996546,8.709621,8.872465,0,0.000,0.000,90.000,12,12,2929602560,100.000,60,0.000,2
936,0.855892801,8.896255,8.706371,0,0.000,0.000,90.000,12,12,2929647616,100.000,60,0.000,2
937,0.864857438,8.964637,8.898166,0,0.000,0.000,90.000,12,12,2929659904,100.000,60,0.000,2
938,0.873494968,8.637530,8.967017,0,0.000,0.000,90.000,12,12,2929704960,100.000,60,0.000,2
939,0.881745439,8.250471,8.642149,0,0.000,0.000,90.000,12,12,2929717248,100.000,60,0.000,2
940,0.890352959,8.607520,8.234341,0,0.000,0.000,90.000,12,12,2929786880,100.000,60,0.000,2
941,0.899102131,8.749172,8.660740,0,0.000,0.000,90.000,12,12,2929790976,100.000,60,0.000,2
942,0.907666939,8.564808,8.946687,0,0.000,0.000,90.000,12,12,2929840128,100.000,60,0.000,2
943,0.915964181,8.297242,8.511886,0,0.000,0.000,90.000,12,12,2929856512,100.000,60,0.000,2
944,0.924824146,8.859965,8.298463,0,0.000,0.000,90.000,12,12,2929901568,100.000,60,0.000,2
945,0.933358153,8.534007,8.837945,0,0.000,0.000,90.000,12,12,2929901568,100.000,60,0.000,2
946,0.941902891,8.544738,8.521396,0,0.000,0.000,90.000,12,12,2929913856,100.000,60,0.000,2
947,0.950756565,8.853674,8.551389,0,0.000,0.000,90.000,12,12,2929954816,100.000,60,0.000,2
948,0.959501088,8.744523,8.849284,0,0.000,0.000,90.000,12,12,2929995776,100.000,60,0.000,2
949,0.968186159,8.685071,8.776812,0,0.000,0.000,90.000,12,12,2929999872,100.000,60,0.000,2
950,0.980175892,11.989733,8.613030,0,0.000,0.000,90.000,12,12,2930049024,100.000,60,0.000,2
951,0.990305605,10.129713,12.076815,0,0.000,0.000,90.000,12,12,2930053120,100.000,60,0.000,2
952,0.998944584,8.638979,10.158823,0,0.000,0.000,90.000,12,12,2930094080,100.000,60,0.000,2
953,1.007153215,8.208631,8.594719,0,0.000,0.000,90.000,12,12,2930094080,100.000,60,0.000,2
954,1.016510300,9.357085,8.230841,0,0.000,0.000,90.000,12,12,2930143232,100.000,60,0.000,2
955,1.024931005,8.420705,9.324844,0,0.000,0.000,90.000,12,12,2930143232,100.000,60,0.000,2
956,1.033164336,8.233331,8.479137,0,0.000,0.000,90.000,12,12,2930204672,100.000,60,0.000,2
957,1.041405017,8.240681,8.227001,0,0.000,0.000,90.000,12,12,2930216960,100.000,60,0.000,2
958,1.050609929,9.204912,8.326772,0,0.000,0.000,90.000,12,12,2930262016,100.000,60,0.000,2
959,1.060140859,9.530930,9.098030,0,0.000,0.000,90.000,12,12,2930270208,100.000,60,0.000,2
960,1.070328493,10.187634,9.519470,0,0.000,0.000,90.000,12,12,2930323456,100.000,60,0.000,2
961,1.080292421,9.963928,10.226684,0,0.000,0.000,90.000,12,12,2930331648,100.000,60,0.000,2
962,1.088724576,8.432155,10.019050,0,0.000,0.000,90.000,12,12,2930376704,100.000,60,0.000,2
963,1.097550890,8.826314,8.177590,0,0.000,0.000,90.000,12,12,2930376704,100.000,60,0.000,2
964,1.107071329,9.520439,8.987647,0,0.000,0.000,90.000,12,12,2930425856,100.000,60,0.000,2
965,1.115332231,8.260902,9.526780,0,0.000,0.000,90.000,12,12,2930429952,100.000,60,0.000,2
966,1.124012691,8.680460,8.278851,0,0.000,0.000,90.000,12,12,2930479104,100.000,60,0.000,2
967,1.132191332,8.178641,8.642351,0,0.000,0.000,90.000,12,12,2930479104,100.000,60,0.000,2
968,1.140742359,8.551027,8.211370,0,0.000,0.000,90.000,12,12,2930540544,100.000,60,0.000,2
969,1.149214746,8.472387,8.537037,0,0.000,0.000,90.000,12,12,2930540544,100.000,60,0.000,2
970,1.158223444,9.008698,8.487987,0,0.000,0.000,90.000,12,12,2930593792,100.000,60,0.000,2
971,1.167552288,9.328844,9.108560,0,0.000,0.000,90.000,12,12,2930601984,100.000,60,0.000,2
