render_tick,elapsed_seconds,file_cache,automatic
0,0.029489310,0,1065
1,0.511765803,0,5477
2,0.519221478,0,5477
3,0.535313532,0,5477
4,0.552070122,0,5465
5,0.580564330,0,5464
6,0.593893833,0,5464
7,0.612878912,0,5464
8,0.629738114,0,5455
9,0.649740865,0,5446
10,0.666950094,0,5442
11,0.685919512,0,5433
12,0.703893758,0,5415
13,0.724406461,0,5405
14,0.741972198,0,5395
15,0.760992417,0,5392
16,0.776955009,0,5380
17,0.794107407,0,5380
18,0.813027044,0,5370
19,0.829997429,0,5363
20,0.849003688,0,5339
21,0.866868352,0,5319
22,0.885392960,0,5311
23,0.902582329,0,5304
24,0.918937009,0,5303
25,0.935948465,0,5303
26,0.954879582,0,5290
27,0.970806773,0,5290
28,0.987870779,0,5290
29,1.005890327,0,5290
30,1.025148051,0,5281
31,1.042867312,0,5269
32,1.059860617,0,5257
33,1.078075538,0,5251
34,1.097007695,0,5242
35,1.116049515,0,5227
36,1.134058432,0,5227
37,1.151017776,0,5215
38,1.169672638,0,5188
39,1.190241381,0,5173
40,1.207205055,0,5168
41,1.224647880,0,5157
42,1.240844697,0,5152
43,1.257770990,0,5139
44,1.274751224,0,5139
45,1.291602646,0,5133
46,1.308077309,0,5127
47,1.323886607,0,5119
48,1.341886104,0,5015
49,1.360112226,0,4987
50,1.377969270,0,4984
51,1.396145500,0,4967
52,1.412728926,0,4944
53,1.429975566,0,4941
54,1.446927510,0,4913
55,1.465995520,0,4913
56,1.482950364,0,4895
57,1.500930091,0,4895
58,1.517993487,0,4817
59,1.537887386,0,4806
60,1.553889138,0,4787
61,1.571900195,0,4772
62,1.590927445,0,4754
63,1.608649836,0,4734
64,1.624842373,0,4722
65,1.643828441,0,4706
66,1.661837038,0,4682
67,1.677844351,0,4666
68,1.694884497,0,4654
69,1.712912134,0,4634
70,1.733107079,0,4611
71,1.753091360,0,4590
72,1.768986010,0,4561
73,1.786767833,0,4533
74,1.803901760,0,4503
75,1.821182361,0,4489
76,1.837963501,0,4467
77,1.854945626,0,4441
78,1.870882037,0,4429
79,1.888937585,0,4429
80,1.905794237,0,4429
81,1.925819468,0,4429
82,1.942998927,0,4429
83,1.959767447,0,4429
84,1.976830343,0,4429
85,1.993818187,0,4429
86,2.010838113,0,4429
87,2.027854668,0,4429
88,2.046096540,0,4429
89,2.062887270,0,4429
90,2.078884943,0,4429
91,2.096904410,0,4428
92,2.113833633,0,4428
93,2.130824768,0,4428
94,2.146878802,0,4428
95,2.163907377,0,4420
96,2.179873249,0,4420
97,2.197874296,0,4420
98,2.215823202,0,4420
99,2.234937163,0,4420
100,2.251826026,0,4417
101,2.269908964,0,4416
102,2.290724973,0,4405
103,2.308982996,0,4401
104,2.327901533,0,4399
105,2.345038450,0,4393
106,2.362868504,0,4386
107,2.382061547,0,4378
108,2.400949763,0,4377
109,2.419986393,0,4374
110,2.436774923,0,4368
111,2.453965702,0,4365
112,2.471971349,0,4364
113,2.489065886,0,4361
114,2.506928680,0,4361
115,2.525913458,0,4357
116,2.545058260,0,4353
117,2.563008426,0,4351
118,2.579639012,0,4348
119,2.597241361,0,4341
120,2.615912462,0,4333
121,2.631592037,0,4333
122,2.651091358,0,4324
123,2.667854798,0,4319
124,2.688613605,0,4314
125,2.705613839,0,4304
126,2.724306712,0,4300
127,2.741951111,0,4293
128,2.758178939,0,4279
129,2.775859189,0,4272
130,2.791818720,0,4265
131,2.811346141,0,4253
132,2.829535272,0,4246
133,2.847847155,0,4238
134,2.869486232,0,4232
135,2.883137664,0,4225
136,2.900839483,0,4217
137,2.917767557,0,4210
138,2.935794414,0,4204
139,2.952582784,0,4195
140,2.971529972,0,4188
141,2.985860108,0,4182
142,3.004599611,0,4171
143,3.021157416,0,4159
144,3.038527059,0,4153
145,3.054882599,0,4147
146,3.073033700,0,4140
147,3.091031707,0,4132
148,3.107915548,0,4126
149,3.125872614,0,4119
150,3.142740716,0,4110
151,3.160564189,0,4097
152,3.175973279,0,4091
153,3.193069147,0,4082
154,3.210758386,0,4081
155,3.227327422,0,4076
156,3.246118106,0,4076
157,3.262134389,0,4076
158,3.279849149,0,4071
159,3.301818793,0,4066
160,3.314753259,0,4061
161,3.331755553,0,4058
162,3.350025636,0,4048
163,3.365959987,0,4041
164,3.383837342,0,4038
165,3.400026248,0,4037
166,3.417795350,0,4036
167,3.436959613,0,4033
168,3.452965596,0,4033
169,3.471780411,0,4032
170,3.484936680,0,4032
171,3.504235817,0,4031
172,3.519074423,0,4030
173,3.537175963,0,4030
174,3.552925279,0,4030
175,3.568817950,0,4027
176,3.587996672,0,4023
177,3.607855340,0,4022
178,3.625440609,0,4020
179,3.643059196,0,4017
180,3.658832864,0,4017
181,3.675967422,0,4014
182,3.693810146,0,4007
183,3.710782450,0,4004
184,3.727775774,0,4000
185,3.746835724,0,3998
186,3.764774820,0,3993
187,3.781850896,0,3991
188,3.798766209,0,3989
189,3.817860270,0,3980
190,3.835787066,0,3977
191,3.853786202,0,3969
192,3.869989619,0,3961
193,3.887778082,0,3956
194,3.904778997,0,3954
195,3.920789210,0,3949
196,3.936784032,0,3942
197,3.952815356,0,3932
198,3.970125567,0,3921
199,3.986823825,0,3913
200,4.003837560,0,3908
201,4.021798576,0,3901
202,4.040864967,0,3894
203,4.058796672,0,3892
204,4.076559314,0,3890
205,4.093818764,0,3886
206,4.111815071,0,3883
207,4.128833776,0,3878
208,4.145795960,0,3877
209,4.163098151,0,3876
210,4.179937473,0,3872
211,4.198797749,0,3868
212,4.214838832,0,3865
213,4.232815889,0,3862
214,4.249893595,0,3858
215,4.267812760,0,3856
216,4.285896629,0,3854
217,4.302806222,0,3851
218,4.319795456,0,3847
219,4.337794733,0,3844
220,4.356803792,0,3842
221,4.375846662,0,3837
222,4.391899736,0,3834
223,4.409817701,0,3832
224,4.427841758,0,3830
225,4.444829093,0,3826
226,4.465210542,0,3822
227,4.482828340,0,3814
228,4.499995669,0,3810
229,4.517931514,0,3805
230,4.534937679,0,3801
231,4.550948792,0,3795
232,4.572105208,0,3788
233,4.589544213,0,3787
234,4.609387210,0,3780
235,4.626058798,0,3778
236,4.643164025,0,3777
237,4.663021623,0,3771
238,4.680576520,0,3766
239,4.698968075,0,3765
240,4.715985050,0,3761
241,4.733962837,0,3757
242,4.751971674,0,3756
243,4.771646468,0,3754
244,4.786659209,0,3749
245,4.802050608,0,3747
246,4.818960241,0,3744
247,4.835940365,0,3740
248,4.854058344,0,3739
249,4.871839237,0,3735
250,4.889384953,0,3731
251,4.907474962,0,3730
252,4.922902952,0,3729
253,4.940941930,0,3724
254,4.959186182,0,3720
255,4.975925331,0,3718
256,4.993934838,0,3713
257,5.011938635,0,3707
258,5.027892817,0,3707
259,5.044946703,0,3701
260,5.061923497,0,3699
261,5.078002251,0,3695
262,5.094890584,0,3689
263,5.111050280,0,3687
264,5.128192508,0,3684
265,5.146050102,0,3677
266,5.163895355,0,3674
267,5.181842091,0,3671
268,5.199911819,0,3669
269,5.216114936,0,3666
270,5.234012431,0,3663
271,5.249919912,0,3659
272,5.266130849,0,3653
273,5.283993473,0,3643
274,5.304956385,0,3639
275,5.322912241,0,3633
276,5.339068267,0,3628
277,5.356067892,0,3622
278,5.374078599,0,3619
279,5.392059815,0,3612
280,5.411022463,0,3611
281,5.427148969,0,3608
282,5.443924749,0,3607
283,5.460924833,0,3605
284,5.476997198,0,3596
285,5.494923433,0,3593
286,5.511949378,0,3584
287,5.530016406,0,3580
288,5.548530134,0,3576
289,5.566938761,0,3571
290,5.585071180,0,3560
291,5.602931844,0,3554
292,5.620559712,0,3552
293,5.636914853,0,3548
294,5.652915376,0,3541
295,5.671849222,0,3532
296,5.689980233,0,3530
297,5.708946691,0,3524
298,5.727948690,0,3513
299,5.745926837,0,3507
300,5.762919040,0,3504
301,5.782692986,0,3495
302,5.798900313,0,3487
303,5.817212508,0,3483
304,5.837095986,0,3479
305,5.853953567,0,3469
306,5.871988806,0,3460
307,5.889923290,0,3456
308,5.906951965,0,3448
309,5.925218759,0,3438
310,5.940900684,0,3435
311,5.956926707,0,3430
312,5.974073856,0,3429
313,5.992074193,0,3428
314,6.009165710,0,3424
315,6.024918886,0,3423
316,6.042903663,0,3420
317,6.059950948,0,3417
318,6.077205099,0,3412
319,6.094958170,0,3408
320,6.111951025,0,3405
321,6.130943173,0,3401
322,6.150903554,0,3397
323,6.166907936,0,3394
324,6.183929632,0,3391
325,6.201151412,0,3389
326,6.217926761,0,3384
327,6.235933788,0,3377
328,6.253068086,0,3373
329,6.271714807,0,3372
330,6.290937941,0,3367
331,6.308322265,0,3365
332,6.324911480,0,3362
333,6.343908308,0,3357
334,6.362136410,0,3354
335,6.378995012,0,3351
336,6.395900605,0,3348
337,6.411915718,0,3343
338,6.428928283,0,3340
339,6.448005543,0,3333
340,6.467377521,0,3326
341,6.486520503,0,3322
342,6.500992141,0,3315
343,6.517939335,0,3312
344,6.534911789,0,3304
345,6.551925674,0,3301
346,6.572323055,0,3293
347,6.587928298,0,3287
348,6.604111715,0,3282
349,6.621928808,0,3276
350,6.638119484,0,3261
351,6.653946813,0,3248
352,6.672232166,0,3231
353,6.688972326,0,3216
354,6.706947692,0,3198
355,6.723946757,0,3191
356,6.741071544,0,3181
357,6.758913587,0,3165
358,6.775980434,0,3157
359,6.791937496,0,3143
360,6.808961341,0,3128
361,6.827270484,0,3113
362,6.846018888,0,3098
363,6.863098124,0,3084
364,6.878171346,0,3075
365,6.894921846,0,3064
366,6.913971856,0,3055
367,6.930018719,0,3047
368,6.946963543,0,3038
369,6.963927997,0,3029
370,6.981037134,0,3022
371,6.997969338,0,3013
372,7.013934230,0,3005
373,7.031933546,0,2995
374,7.049197297,0,2985
375,7.066949628,0,2975
376,7.085897396,0,2966
377,7.104966816,0,2956
378,7.120177071,0,2948
379,7.138066986,0,2937
380,7.157065005,0,2926
381,7.175182924,0,2916
382,7.192068536,0,2910
383,7.209046931,0,2908
384,7.227322163,0,2905
385,7.244067103,0,2901
386,7.260108526,0,2899
387,7.278173635,0,2893
388,7.296250733,0,2887
389,7.314499476,0,2881
390,7.331173003,0,2872
391,7.348062695,0,2864
392,7.366727637,0,2854
393,7.384407506,0,2847
394,7.401073194,0,2839
395,7.419316996,0,2833
396,7.436040375,0,2827
397,7.453083141,0,2820
398,7.472320064,0,2813
399,7.489047643,0,2804
400,7.505056966,0,2796
401,7.522050491,0,2791
402,7.540033078,0,2784
403,7.558228738,0,2776
404,7.576249476,0,2766
405,7.595042420,0,2763
406,7.611061943,0,2758
407,7.628069118,0,2755
408,7.645129924,0,2747
409,7.663029389,0,2742
410,7.680074605,0,2733
411,7.697054789,0,2728
412,7.715150688,0,2722
413,7.732085781,0,2718
414,7.748004892,0,2713
415,7.765282523,0,2706
416,7.782990824,0,2703
417,7.799985108,0,2699
418,7.819324794,0,2693
419,7.838001006,0,2689
420,7.857146338,0,2683
421,7.876147657,0,2678
422,7.893932059,0,2678
423,7.910934064,0,2677
424,7.926942837,0,2677
425,7.945028456,0,2672
426,7.961874837,0,2670
427,7.979949546,0,2665
428,7.996910520,0,2663
429,8.014196030,0,2659
430,8.034002227,0,2655
431,8.049979249,0,2652
432,8.067037085,0,2647
433,8.083850476,0,2640
434,8.101905284,0,2630
435,8.118919979,0,2627
436,8.137196212,0,2623
437,8.154059264,0,2618
438,8.172418668,0,2611
439,8.189010864,0,2604
440,8.205027058,0,2601
441,8.223042575,0,2593
442,8.240013809,0,2583
443,8.256023252,0,2575
444,8.277019675,0,2563
445,8.291034253,0,2559
446,8.308515278,0,2551
447,8.326091666,0,2542
448,8.344484531,0,2539
449,8.362155041,0,2534
450,8.379276859,0,2528
451,8.398028302,0,2520
452,8.414032535,0,2517
453,8.430091539,0,2511
454,8.448231929,0,2502
455,8.466243946,0,2500
456,8.484685982,0,2497
457,8.501955553,0,2496
458,8.518261492,0,2496
459,8.537955067,0,2496
460,8.555953934,0,2496
461,8.574038402,0,2496
462,8.593970122,0,2495
463,8.613068713,0,2495
464,8.629943434,0,2495
465,8.648961203,0,2495
466,8.669406704,0,2495
467,8.685567890,0,2495
468,8.701973312,0,2494
469,8.719232833,0,2492
470,8.734962639,0,2489
471,8.751980014,0,2488
472,8.771603137,0,2486
473,8.788322996,0,2485
474,8.806381334,0,2482
475,8.822947099,0,2479
476,8.839930263,0,2477
477,8.856933328,0,2477
478,8.876268925,0,2476
479,8.892047792,0,2476
480,8.908083116,0,2474
481,8.926969902,0,2473
482,8.944001007,0,2472
483,8.960970191,0,2472
484,8.979017249,0,2468
485,8.996148798,0,2462
486,9.012986108,0,2458
487,9.031977867,0,2455
488,9.051024636,0,2452
489,9.066950358,0,2449
490,9.083495703,0,2447
491,9.100073218,0,2446
492,9.118022964,0,2444
493,9.134923066,0,2441
494,9.153947866,0,2441
495,9.172324161,0,2440
496,9.190278237,0,2437
497,9.207989717,0,2435
498,9.228983690,0,2431
499,9.246937555,0,2430
500,9.263935780,0,2428
501,9.284200297,0,2423
502,9.301088299,0,2420
503,9.318051863,0,2417
504,9.335021397,0,2416
505,9.352253618,0,2415
506,9.372577146,0,2414
507,9.390007729,0,2414
508,9.405055061,0,2413
509,9.422147538,0,2412
510,9.440008242,0,2412
511,9.458377857,0,2409
512,9.477119010,0,2409
513,9.493991602,0,2408
514,9.509999125,0,2407
515,9.528422721,0,2405
516,9.545022677,0,2404
517,9.561994451,0,2403
518,9.580024248,0,2401
519,9.597025103,0,2398
520,9.614001597,0,2395
521,9.632146237,0,2393
522,9.650038672,0,2389
523,9.667019066,0,2387
524,9.684910031,0,2386
525,9.702003917,0,2382
526,9.719005302,0,2380
527,9.736001367,0,2379
528,9.753022912,0,2374
529,9.772854629,0,2372
530,9.790445718,0,2369
531,9.807045273,0,2366
532,9.824021297,0,2364
533,9.841008332,0,2363
534,9.858975888,0,2360
535,9.877098077,0,2354
536,9.893047919,0,2353
537,9.911180048,0,2352
538,9.930127926,0,2348
539,9.946970388,0,2345
540,9.963974392,0,2343
541,9.981055939,0,2341
542,9.998137205,0,2336
543,10.014919355,0,2335
544,10.032062273,0,2332
545,10.048971426,0,2330
546,10.067387402,0,2326
547,10.085772748,0,2325
548,10.103156540,0,2323
549,10.120126375,0,2320
550,10.138004449,0,2317
551,10.155493864,0,2314
552,10.172595142,0,2312
553,10.189311309,0,2312
554,10.205990868,0,2312
555,10.223966024,0,2308
556,10.242085723,0,2305
557,10.260509849,0,2298
558,10.278077277,0,2294
559,10.296055083,0,2290
560,10.313047247,0,2286
561,10.330047532,0,2283
562,10.346097066,0,2277
563,10.362059898,0,2274
564,10.378574011,0,2270
565,10.400172978,0,2263
566,10.417057760,0,2260
567,10.434077386,0,2253
568,10.452163924,0,2250
569,10.472480942,0,2245
570,10.488032275,0,2240
571,10.507202577,0,2236
572,10.524090370,0,2230
573,10.540149194,0,2229
574,10.558101410,0,2225
575,10.575050353,0,2223
576,10.592394905,0,2221
577,10.610972165,0,2219
578,10.628065942,0,2216
579,10.648064183,0,2212
580,10.667006650,0,2209
581,10.683996795,0,2208
582,10.702957493,0,2206
583,10.720974710,0,2203
584,10.737150697,0,2200
585,10.755983392,0,2198
586,10.775321618,0,2195
587,10.791173917,0,2192
588,10.809977772,0,2189
589,10.827383686,0,2188
590,10.845984016,0,2185
591,10.864966414,0,2183
592,10.881011488,0,2181
593,10.899985526,0,2177
594,10.917926692,0,2175
595,10.935936099,0,2175
596,10.952927123,0,2174
597,10.968902306,0,2172
598,10.987199189,0,2171
599,11.004187973,0,2171
600,11.021113826,0,2169
601,11.036992737,0,2168
602,11.055973825,0,2166
603,11.073007180,0,2162
604,11.089968764,0,2161
605,11.107040301,0,2161
606,11.126474289,0,2160
607,11.144598048,0,2158
608,11.161222855,0,2158
609,11.181123844,0,2156
610,11.197073195,0,2155
611,11.213046938,0,2154
612,11.229386177,0,2151
613,11.246029445,0,2149
614,11.263299115,0,2148
615,11.280310060,0,2148
616,11.295945615,0,2147
617,11.313997683,0,2145
618,11.332328507,0,2144
619,11.348983864,0,2142
620,11.367098893,0,2140
621,11.384174020,0,2136
622,11.402047704,0,2130
623,11.417958134,0,2128
624,11.434971379,0,2125
625,11.452959925,0,2120
626,11.470486482,0,2116
627,11.486959105,0,2114
628,11.504678076,0,2110
629,11.522015489,0,2106
630,11.539005862,0,2104
631,11.556118000,0,2103
632,11.573259068,0,2099
633,11.589989526,0,2095
634,11.608020784,0,2092
635,11.624915446,0,2087
636,11.641110714,0,2084
637,11.656946752,0,2081
638,11.675988002,0,2076
639,11.694244105,0,2073
640,11.712020476,0,2070
641,11.729956632,0,2065
642,11.748002019,0,2062
643,11.765521166,0,2056
644,11.781020797,0,2053
645,11.798946302,0,2050
646,11.815952867,0,2046
647,11.833949334,0,2043
648,11.851966411,0,2042
649,11.872676488,0,2038
650,11.892100376,0,2035
651,11.909200854,0,2033
652,11.926975205,0,2030
653,11.944991542,0,2027
654,11.962951248,0,2025
655,11.979125514,0,2022
656,11.996592490,0,2021
657,12.013042992,0,2015
658,12.030931806,0,2013
659,12.050003567,0,2011
660,12.067014132,0,2008
661,12.085162842,0,2005
662,12.102922733,0,2001
663,12.120116612,0,1999
664,12.137010115,0,1998
665,12.153965078,0,1995
666,12.172927877,0,1990
667,12.190051674,0,1990
668,12.205931244,0,1989
669,12.223939531,0,1987
670,12.240976127,0,1984
671,12.258073073,0,1983
672,12.275874256,0,1981
673,12.290944128,0,1979
674,12.309098658,0,1977
675,12.325927249,0,1977
676,12.344015228,0,1977
677,12.362076306,0,1976
678,12.380161325,0,1973
679,12.397013226,0,1971
680,12.414148164,0,1968
681,12.431032906,0,1967
682,12.446985148,0,1967
683,12.463178855,0,1965
684,12.481977279,0,1964
685,12.499753771,0,1963
686,12.516570482,0,1960
687,12.533099996,0,1958
688,12.551060702,0,1957
689,12.569073959,0,1955
690,12.587543737,0,1954
691,12.603267323,0,1953
692,12.621130076,0,1950
693,12.637951867,0,1950
694,12.657960499,0,1947
695,12.678172484,0,1943
696,12.693942082,0,1941
697,12.710955617,0,1939
698,12.727924411,0,1937
699,12.745018308,0,1932
700,12.763129817,0,1928
701,12.783017965,0,1924
702,12.800912450,0,1918
703,12.816972804,0,1914
704,12.832930136,0,1911
705,12.849987462,0,1905
706,12.866917125,0,1904
707,12.885170337,0,1896
708,12.903250215,0,1894
709,12.918995393,0,1892
710,12.935281411,0,1886
711,12.952476180,0,1883
712,12.972803529,0,1881
713,12.985944839,0,1877
714,13.002903623,0,1873
715,13.021880121,0,1869
716,13.038948477,0,1865
717,13.056905883,0,1860
718,13.075154235,0,1857
719,13.093949220,0,1851
720,13.110947004,0,1845
721,13.130159898,0,1843
722,13.146943788,0,1838
723,13.163949553,0,1831
724,13.181654993,0,1821
725,13.197914541,0,1818
726,13.214899256,0,1815
727,13.233201759,0,1814
728,13.252015884,0,1813
729,13.269080100,0,1813
730,13.284950330,0,1809
731,13.301959205,0,1809
732,13.321059976,0,1804
733,13.339445781,0,1803
734,13.356305552,0,1803
735,13.372604551,0,1803
736,13.389954535,0,1800
737,13.406955729,0,1800
738,13.425590840,0,1800
739,13.443075945,0,1799
740,13.458923925,0,1799
741,13.478658779,0,1797
742,13.494977690,0,1796
743,13.512949726,0,1796
744,13.531006434,0,1795
745,13.549877920,0,1795
746,13.566950986,0,1794
747,13.584040753,0,1793
748,13.602342486,0,1792
749,13.618996473,0,1791
750,13.636197952,0,1790
751,13.653419262,0,1789
752,13.671647763,0,1787
753,13.688054976,0,1785
754,13.705180163,0,1784
755,13.723044687,0,1783
756,13.741934404,0,1782
757,13.759128852,0,1780
758,13.778010539,0,1779
759,13.795038434,0,1778
760,13.812050629,0,1778
761,13.829134266,0,1778
762,13.845242681,0,1777
763,13.861177492,0,1776
764,13.878262458,0,1773
765,13.895399726,0,1770
766,13.913368572,0,1769
767,13.932305510,0,1768
768,13.949102580,0,1768
769,13.967086417,0,1768
770,13.984360837,0,1764
771,14.001265470,0,1764
772,14.020192037,0,1764
773,14.038090212,0,1763
774,14.055069146,0,1763
775,14.073106464,0,1762
776,14.090032717,0,1760
777,14.107071252,0,1759
778,14.125067549,0,1759
779,14.142175996,0,1758
780,14.159076179,0,1758
781,14.178112608,0,1758
782,14.195248316,0,1757
783,14.211105516,0,1757
784,14.229432329,0,1755
785,14.246005955,0,1755
786,14.261940845,0,1755
787,14.280095906,0,1754
788,14.297030880,0,1754
789,14.314031605,0,1752
790,14.330958227,0,1752
791,14.348191327,0,1752
792,14.365983689,0,1750
793,14.382127166,0,1750
794,14.401048072,0,1750
795,14.418031306,0,1749
796,14.433949677,0,1748
797,14.452771672,0,1748
798,14.473207043,0,1747
799,14.491313132,0,1746
800,14.507022938,0,1745
801,14.526220382,0,1741
802,14.543636615,0,1739
803,14.562073111,0,1736
804,14.579169349,0,1733
805,14.596964741,0,1731
806,14.613904604,0,1729
807,14.632007583,0,1725
808,14.650043650,0,1722
809,14.666987644,0,1720
810,14.686721379,0,1719
811,14.699180985,0,1715
812,14.715948443,0,1712
813,14.733020900,0,1710
814,14.750677319,0,1708
815,14.765893094,0,1707
816,14.783016342,0,1700
817,14.800962737,0,1699
818,14.816962170,0,1693
819,14.834943316,0,1685
820,14.852972994,0,1679
821,14.871087563,0,1671
822,14.886609456,0,1666
823,14.903909017,0,1665
824,14.922922746,0,1664
825,14.938930809,0,1664
826,14.956910675,0,1662
827,14.973000200,0,1659
828,14.989920303,0,1657
829,15.007349737,0,1655
830,15.023132715,0,1655
831,15.039914385,0,1652
832,15.057890001,0,1651
833,15.074989538,0,1650
834,15.093181509,0,1650
835,15.110489961,0,1650
836,15.127946195,0,1646
837,15.145112903,0,1646
838,15.165241497,0,1644
839,15.183192073,0,1641
840,15.199888661,0,1641
841,15.216912526,0,1641
842,15.237909519,0,1641
843,15.256379917,0,1641
844,15.273071864,0,1639
845,15.292120594,0,1636
846,15.310066080,0,1635
847,15.326835069,0,1635
848,15.344869467,0,1635
849,15.361184296,0,1635
850,15.377101997,0,1633
851,15.392840684,0,1633
852,15.410853051,0,1632
853,15.430193927,0,1630
854,15.448097562,0,1630
855,15.463883010,0,1630
856,15.482176343,0,1629
857,15.498820101,0,1628
858,15.516817867,0,1626
859,15.534822104,0,1625
860,15.554263272,0,1623
861,15.571972213,0,1622
862,15.591004092,0,1620
863,15.609437578,0,1619
864,15.625812440,0,1617
865,15.643838467,0,1616
866,15.661917256,0,1616
867,15.679938893,0,1616
868,15.697159532,0,1613
869,15.715378464,0,1613
870,15.732131953,0,1611
871,15.748990195,0,1609
872,15.767210426,0,1605
873,15.784340174,0,1605
874,15.800800187,0,1605
875,15.818797304,0,1603
876,15.836271029,0,1602
877,15.851764931,0,1601
878,15.871787652,0,1601
879,15.887949358,0,1600
880,15.906008186,0,1599
881,15.923920661,0,1597
882,15.942316136,0,1594
883,15.958883722,0,1591
884,15.977322918,0,1586
885,15.994882345,0,1581
886,16.012107095,0,1579
887,16.028241760,0,1576
888,16.044842487,0,1574
889,16.061835311,0,1573
890,16.078259333,0,1572
891,16.093953189,0,1570
892,16.110845342,0,1564
893,16.130363951,0,1559
894,16.146825865,0,1555
895,16.164835982,0,1551
896,16.180966517,0,1548
897,16.200886946,0,1545
898,16.216862429,0,1540
899,16.234939187,0,1538
900,16.250823557,0,1537
901,16.267895103,0,1533
902,16.284503079,0,1527
903,16.299918109,0,1525
904,16.320915542,0,1521
905,16.339112413,0,1516
906,16.356126698,0,1514
907,16.372010848,0,1509
908,16.390863544,0,1504
909,16.408211626,0,1499
910,16.425899106,0,1492
911,16.442912551,0,1488
912,16.459899246,0,1484
913,16.477929833,0,1482
914,16.494842056,0,1476
915,16.513061887,0,1475
916,16.529872328,0,1470
917,16.545788898,0,1466
918,16.562772402,0,1461
919,16.581417434,0,1457
920,16.597788564,0,1454
921,16.615792461,0,1450
922,16.635813972,0,1446
923,16.652796357,0,1444
924,16.671711244,0,1443
925,16.690895448,0,1441
926,16.708907545,0,1440
927,16.725898058,0,1435
928,16.742910973,0,1434
929,16.759440678,0,1434
930,16.774988361,0,1433
931,16.793881117,0,1432
932,16.810900272,0,1429
933,16.827949649,0,1426
934,16.843927390,0,1424
935,16.859889862,0,1423
936,16.875914855,0,1423
937,16.893859591,0,1423
938,16.910049418,0,1418
939,16.926098432,0,1416
940,16.942986904,0,1415
941,16.958983776,0,1414
942,16.976297718,0,1412
943,16.993882775,0,1412
944,17.011866472,0,1406
945,17.029868609,0,1402
946,17.045906902,0,1397
947,17.063976610,0,1395
948,17.080923044,0,1393
949,17.098957411,0,1391
950,17.115019145,0,1386
951,17.131973729,0,1378
952,17.150914857,0,1371
953,17.167988463,0,1371
954,17.185610362,0,1369
955,17.203084488,0,1365
956,17.220063481,0,1360
957,17.236172267,0,1355
958,17.254145623,0,1351
959,17.272994348,0,1344
960,17.289107943,0,1337
961,17.308176584,0,1332
962,17.325064725,0,1326
963,17.343057052,0,1319
964,17.362092081,0,1318
965,17.379136527,0,1317
966,17.397324519,0,1317
967,17.414110448,0,1316
968,17.432088474,0,1314
969,17.452080105,0,1311
970,17.469235864,0,1309
971,17.486986745,0,1306
972,17.503493849,0,1306
973,17.521060526,0,1304
974,17.538177263,0,1304
975,17.555062495,0,1301
976,17.572671914,0,1288
977,17.592012530,0,1280
978,17.610959977,0,1274
979,17.630085429,0,1270
980,17.647916072,0,1266
981,17.666061632,0,1262
982,17.684214652,0,1258
983,17.699932259,0,1256
984,17.717031685,0,1252
985,17.733895827,0,1246
986,17.753051209,0,1243
987,17.772714513,0,1238
988,17.789573595,0,1232
989,17.806944087,0,1230
990,17.823954122,0,1227
991,17.841032369,0,1220
992,17.857968032,0,1218
993,17.875121830,0,1208
994,17.891034771,0,1206
995,17.908215629,0,1204
996,17.923952577,0,1203
997,17.942467005,0,1200
998,17.959974691,0,1192
999,17.977087078,0,1188
1000,17.995037313,0,1187
1001,18.011065727,0,1184
1002,18.027120930,0,1178
1003,18.043186375,0,1177
1004,18.062105472,0,1176
1005,18.080047497,0,1175
1006,18.098046534,0,1175
1007,18.114962087,0,1173
1008,18.133038685,0,1171
1009,18.150034130,0,1169
1010,18.168938767,0,1165
1011,18.185729587,0,1165
1012,18.204764007,0,1165
1013,18.222098288,0,1164
1014,18.238996511,0,1162
1015,18.258007440,0,1162
1016,18.275056336,0,1160
1017,18.292314796,0,1157
1018,18.310113048,0,1156
1019,18.327098593,0,1156
1020,18.343999215,0,1153
1021,18.362060903,0,1153
1022,18.380416358,0,1152
1023,18.397232319,0,1151
1024,18.414234953,0,1145
1025,18.431126476,0,1141
1026,18.447978857,0,1138
1027,18.467047978,0,1133
1028,18.483682405,0,1121
1029,18.504273778,0,1110
1030,18.524239118,0,1107
1031,18.541001698,0,1102
1032,18.559067046,0,1100
1033,18.577079703,0,1092
1034,18.594965847,0,1084
1035,18.611001721,0,1078
1036,18.628004846,0,1071
1037,18.646135405,0,1064
1038,18.662113517,0,1059
1039,18.682460075,0,1054
1040,18.698007229,0,1050
1041,18.714972963,0,1048
1042,18.733011710,0,1045
1043,18.753037712,0,1041
1044,18.772371327,0,1034
1045,18.790169980,0,1032
1046,18.808654967,0,1028
1047,18.826012900,0,1023
1048,18.844036707,0,1020
1049,18.861223726,0,1018
1050,18.878123269,0,1013
1051,18.895107893,0,1010
1052,18.914091282,0,1006
1053,18.933067110,0,1003
1054,18.951171439,0,1000
1055,18.969330869,0,998
1056,18.988107733,0,992
1057,19.004356471,0,991
1058,19.021137571,0,984
1059,19.038471083,0,968
1060,19.053203388,0,962
1061,19.072721107,0,959
1062,19.087591695,0,957
1063,19.103757112,0,954
1064,19.119075050,0,950
1065,19.136047424,0,949
1066,19.154022060,0,943
1067,19.172769533,0,942
1068,19.188031420,0,938
1069,19.205955595,0,936
1070,19.224067634,0,933
1071,19.241996899,0,930
1072,19.260392775,0,929
1073,19.278724508,0,923
1074,19.294418355,0,919
1075,19.310960850,0,918
1076,19.328054636,0,914
1077,19.345065931,0,912
1078,19.363072448,0,909
1079,19.380142704,0,907
1080,19.398549480,0,904
1081,19.416024785,0,901
1082,19.433181413,0,899
1083,19.451221051,0,894
1084,19.468061082,0,892
1085,19.486443497,0,889
1086,19.501096990,0,885
1087,19.518892352,0,882
1088,19.535951169,0,879
1089,19.552945233,0,878
1090,19.572335971,0,875
1091,19.589701073,0,872
1092,19.604944039,0,871
1093,19.622911425,0,867
1094,19.638871907,0,865
1095,19.656969655,0,861
1096,19.675721519,0,856
1097,19.690925134,0,854
1098,19.706905466,0,851
1099,19.722922949,0,848
1100,19.740964047,0,846
1101,19.759895594,0,844
1102,19.776920599,0,841
1103,19.793894924,0,839
1104,19.812984594,0,836
1105,19.828921066,0,832
1106,19.846952003,0,827
1107,19.863952988,0,824
1108,19.880021732,0,816
1109,19.897000086,0,813
1110,19.914895801,0,809
1111,19.931904476,0,806
1112,19.947922739,0,804
1113,19.965112688,0,800
1114,19.982526192,0,797
1115,19.998989914,0,793
1116,20.016932830,0,790
1117,20.032892802,0,788
1118,20.049886756,0,783
1119,20.065923480,0,779
1120,20.082841563,0,779
1121,20.099890328,0,775
1122,20.117851754,0,773
1123,20.136890214,0,770
1124,20.155144126,0,763
1125,20.170729970,0,760
1126,20.187003668,0,758
1127,20.204962944,0,751
1128,20.221912258,0,749
1129,20.238995874,0,743
1130,20.254969787,0,736
1131,20.272889552,0,729
1132,20.290961670,0,721
1133,20.308792203,0,717
1134,20.324939589,0,716
1135,20.340960452,0,712
1136,20.356986025,0,703
1137,20.377208161,0,692
1138,20.393272096,0,684
1139,20.411457536,0,677
1140,20.430235760,0,672
1141,20.448165265,0,669
1142,20.466023949,0,662
1143,20.483547155,0,655
1144,20.498985105,0,648
1145,20.517051493,0,634
1146,20.533999687,0,633
1147,20.553123198,0,631
1148,20.571032773,0,622
1149,20.586765900,0,614
1150,20.603440068,0,607
1151,20.621001415,0,602
1152,20.638985331,0,599
1153,20.658087162,0,596
1154,20.675383664,0,596
1155,20.692054881,0,594
1156,20.710097998,0,592
1157,20.726962410,0,591
1158,20.742965153,0,588
1159,20.760999480,0,586
1160,20.779088139,0,584
1161,20.796250297,0,584
1162,20.815996983,0,580
1163,20.835012792,0,578
1164,20.852113669,0,574
1165,20.871470356,0,562
1166,20.888014810,0,555
1167,20.905058766,0,547
1168,20.922993771,0,539
1169,20.941020698,0,533
1170,20.957986142,0,527
1171,20.976094061,0,515
1172,20.992095254,0,506
1173,21.008044296,0,500
1174,21.028048107,0,497
1175,21.045113153,0,489
1176,21.062314792,0,486
1177,21.080081884,0,483
1178,21.098036129,0,480
1179,21.114972103,0,476
1180,21.133005650,0,467
1181,21.149064454,0,462
1182,21.166016808,0,456
1183,21.182162263,0,453
1184,21.199373223,0,449
1185,21.218061385,0,440
1186,21.236632745,0,438
1187,21.254137280,0,435
1188,21.272937205,0,427
1189,21.289949050,0,419
1190,21.307020936,0,417
1191,21.323919018,0,411
1192,21.342993039,0,407
1193,21.363029210,0,397
1194,21.382108021,0,395
1195,21.399015063,0,386
1196,21.417002670,0,375
1197,21.434061066,0,367
1198,21.452036932,0,363
1199,21.473335151,0,359
1200,21.490640032,0,357
1201,21.507192478,0,351
1202,21.525100083,0,344
1203,21.541947094,0,342
1204,21.558000498,0,335
1205,21.576079396,0,332
1206,21.593211494,0,320
1207,21.611189500,0,304
1208,21.630023705,0,287
1209,21.646006278,0,268
1210,21.664185698,0,243
1211,21.683141226,0,216
1212,21.700021048,0,208
1213,21.716366348,0,194
1214,21.733051716,0,179
1215,21.750203344,0,169
1216,21.768040977,0,164
1217,21.784031920,0,159
1218,21.801261239,0,159
1219,21.818074470,0,153
1220,21.835003943,0,150
1221,21.853552092,0,145
1222,21.872796647,0,142
1223,21.889538365,0,138
1224,21.908070234,0,132
1225,21.924425194,0,129
1226,21.943015044,0,126
1227,21.962424232,0,123
1228,21.980086401,0,119
1229,21.997203698,0,117
1230,22.014205813,0,117
1231,22.031367191,0,116
1232,22.047186780,0,112
1233,22.066152168,0,106
1234,22.084194956,0,104
1235,22.102388277,0,102
1236,22.122098011,0,100
1237,22.141250763,0,99
1238,22.160021947,0,95
1239,22.176108202,0,92
1240,22.192199486,0,92
1241,22.209055978,0,91
1242,22.226178585,0,88
1243,22.243005496,0,86
1244,22.263079189,0,83
1245,22.280255667,0,83
1246,22.297029607,0,81
1247,22.313253664,0,78
1248,22.330065265,0,74
1249,22.347074100,0,71
1250,22.366281723,0,70
1251,22.384069496,0,67
1252,22.402124394,0,63
1253,22.419237331,0,60
1254,22.436015871,0,56
1255,22.454652951,0,56
1256,22.470582492,0,55
1257,22.488704511,0,55
1258,22.507426114,0,53
1259,22.523018148,0,53
1260,22.542151800,0,50
1261,22.560035384,0,48
1262,22.577486428,0,47
1263,22.594007532,0,44
1264,22.612181683,0,41
1265,22.631056600,0,38
1266,22.651094851,0,34
1267,22.667030762,0,34
1268,22.685139312,0,31
1269,22.704030167,0,30
1270,22.720052600,0,29
1271,22.736067143,0,26
1272,22.753089348,0,26
1273,22.771118037,0,25
1274,22.790086924,0,22
1275,22.806166929,0,21
1276,22.825033444,0,18
1277,22.843103882,0,16
1278,22.859840552,0,15
1279,22.877249736,0,13
1280,22.894851273,0,11
1281,22.912981103,0,7
1282,22.930000718,0,7
1283,22.945867568,0,6
1284,22.962971795,0,4
1285,22.980125333,0,3
1286,22.997917885,0,2
1287,23.013897747,0,1
1288,23.029867499,0,1
1289,23.046875074,0,1
1290,23.064253508,0,1
1291,23.081167750,0,1
1292,23.096913897,0,1
