component,mesh,nanite_data,nanite_proxy
"/Game/Maps/BiellaOpenWorldMap.BiellaOpenWorldMap:PersistentLevel.BiellaStreamingCharacter_0.BodyMesh","/Engine/BasicShapes/Cube.Cube",0,0
"/Game/Maps/BiellaOpenWorldMap.BiellaOpenWorldMap:PersistentLevel.BiellaStreamingCharacter_0.WeaponMesh","/Engine/BasicShapes/Cube.Cube",0,0
"/Game/Maps/BiellaOpenWorldMap.BiellaOpenWorldMap:PersistentLevel.BiellaStreamingCharacter_0.CameraProxyMeshComponent_0","/Engine/EditorMeshes/MatineeCam_SM.MatineeCam_SM",0,0
"/Game/Maps/BiellaOpenWorldMap.BiellaOpenWorldMap:PersistentLevel.BiellaStreamingCharacter_0.TorsoInsignia_-1_0","/Engine/BasicShapes/Cube.Cube",0,0
"/Game/Maps/BiellaOpenWorldMap.BiellaOpenWorldMap:PersistentLevel.BiellaStreamingCharacter_0.TorsoInsignia_1_0","/Engine/BasicShapes/Cube.Cube",0,0
"/Game/Maps/BiellaOpenWorldMap.BiellaOpenWorldMap:PersistentLevel.BiellaStreamingCharacter_0.RoleHead","/Engine/BasicShapes/Sphere.Sphere",0,0
"/Game/Maps/BiellaOpenWorldMap.BiellaOpenWorldMap:PersistentLevel.BiellaStreamingCharacter_0.LeftBoot","/Engine/BasicShapes/Cube.Cube",0,0
"/Game/Maps/BiellaOpenWorldMap.BiellaOpenWorldMap:PersistentLevel.BiellaStreamingCharacter_0.RightBoot","/Engine/BasicShapes/Cube.Cube",0,0
"/Game/Maps/BiellaOpenWorldMap.BiellaOpenWorldMap:PersistentLevel.BiellaStreamingCharacter_0.RoleBandA","/Engine/BasicShapes/Cube.Cube",0,0
"/Game/Maps/BiellaOpenWorldMap.BiellaOpenWorldMap:PersistentLevel.BiellaInfected_0.BodyMesh","/Engine/BasicShapes/Cube.Cube",0,0
"/Game/Maps/BiellaOpenWorldMap.BiellaOpenWorldMap:PersistentLevel.BiellaInfected_0.TorsoInsignia_-1_0","/Engine/BasicShapes/Cube.Cube",0,0
"/Game/Maps/BiellaOpenWorldMap.BiellaOpenWorldMap:PersistentLevel.BiellaInfected_0.TorsoInsignia_-1_1","/Engine/BasicShapes/Cube.Cube",0,0
"/Game/Maps/BiellaOpenWorldMap.BiellaOpenWorldMap:PersistentLevel.BiellaInfected_0.TorsoInsignia_1_0","/Engine/BasicShapes/Cube.Cube",0,0
"/Game/Maps/BiellaOpenWorldMap.BiellaOpenWorldMap:PersistentLevel.BiellaInfected_0.TorsoInsignia_1_1","/Engine/BasicShapes/Cube.Cube",0,0
"/Game/Maps/BiellaOpenWorldMap.BiellaOpenWorldMap:PersistentLevel.BiellaInfected_0.RoleHead","/Engine/BasicShapes/Sphere.Sphere",0,0
"/Game/Maps/BiellaOpenWorldMap.BiellaOpenWorldMap:PersistentLevel.BiellaInfected_0.LeftBoot","/Engine/BasicShapes/Cube.Cube",0,0
"/Game/Maps/BiellaOpenWorldMap.BiellaOpenWorldMap:PersistentLevel.BiellaInfected_0.RightBoot","/Engine/BasicShapes/Cube.Cube",0,0
"/Game/Maps/BiellaOpenWorldMap.BiellaOpenWorldMap:PersistentLevel.BiellaInfected_0.RoleCrossA","/Engine/BasicShapes/Cube.Cube",0,0
"/Game/Maps/BiellaOpenWorldMap.BiellaOpenWorldMap:PersistentLevel.BiellaInfected_0.RoleCrossB","/Engine/BasicShapes/Cube.Cube",0,0
"/Game/Maps/BiellaOpenWorldMap.BiellaOpenWorldMap:PersistentLevel.BiellaInfected_1.BodyMesh","/Engine/BasicShapes/Cube.Cube",0,0
"/Game/Maps/BiellaOpenWorldMap.BiellaOpenWorldMap:PersistentLevel.BiellaInfected_1.TorsoInsignia_-1_0","/Engine/BasicShapes/Cube.Cube",0,0
"/Game/Maps/BiellaOpenWorldMap.BiellaOpenWorldMap:PersistentLevel.BiellaInfected_1.TorsoInsignia_-1_1","/Engine/BasicShapes/Cube.Cube",0,0
"/Game/Maps/BiellaOpenWorldMap.BiellaOpenWorldMap:PersistentLevel.BiellaInfected_1.TorsoInsignia_1_0","/Engine/BasicShapes/Cube.Cube",0,0
"/Game/Maps/BiellaOpenWorldMap.BiellaOpenWorldMap:PersistentLevel.BiellaInfected_1.TorsoInsignia_1_1","/Engine/BasicShapes/Cube.Cube",0,0
"/Game/Maps/BiellaOpenWorldMap.BiellaOpenWorldMap:PersistentLevel.BiellaInfected_1.RoleHead","/Engine/BasicShapes/Sphere.Sphere",0,0
"/Game/Maps/BiellaOpenWorldMap.BiellaOpenWorldMap:PersistentLevel.BiellaInfected_1.LeftBoot","/Engine/BasicShapes/Cube.Cube",0,0
"/Game/Maps/BiellaOpenWorldMap.BiellaOpenWorldMap:PersistentLevel.BiellaInfected_1.RightBoot","/Engine/BasicShapes/Cube.Cube",0,0
"/Game/Maps/BiellaOpenWorldMap.BiellaOpenWorldMap:PersistentLevel.BiellaInfected_1.RoleCrossA","/Engine/BasicShapes/Cube.Cube",0,0
"/Game/Maps/BiellaOpenWorldMap.BiellaOpenWorldMap:PersistentLevel.BiellaInfected_1.RoleCrossB","/Engine/BasicShapes/Cube.Cube",0,0
"/Game/Maps/BiellaOpenWorldMap.BiellaOpenWorldMap:PersistentLevel.BiellaRival_0.BodyMesh","/Engine/BasicShapes/Cube.Cube",0,0
"/Game/Maps/BiellaOpenWorldMap.BiellaOpenWorldMap:PersistentLevel.BiellaRival_0.WeaponMesh","/Engine/BasicShapes/Cube.Cube",0,0
"/Game/Maps/BiellaOpenWorldMap.BiellaOpenWorldMap:PersistentLevel.BiellaRival_0.TorsoInsignia_-1_0","/Engine/BasicShapes/Cube.Cube",0,0
"/Game/Maps/BiellaOpenWorldMap.BiellaOpenWorldMap:PersistentLevel.BiellaRival_0.TorsoInsignia_-1_1","/Engine/BasicShapes/Cube.Cube",0,0
"/Game/Maps/BiellaOpenWorldMap.BiellaOpenWorldMap:PersistentLevel.BiellaRival_0.TorsoInsignia_1_0","/Engine/BasicShapes/Cube.Cube",0,0
"/Game/Maps/BiellaOpenWorldMap.BiellaOpenWorldMap:PersistentLevel.BiellaRival_0.TorsoInsignia_1_1","/Engine/BasicShapes/Cube.Cube",0,0
"/Game/Maps/BiellaOpenWorldMap.BiellaOpenWorldMap:PersistentLevel.BiellaRival_0.RoleHead","/Engine/BasicShapes/Cube.Cube",0,0
"/Game/Maps/BiellaOpenWorldMap.BiellaOpenWorldMap:PersistentLevel.BiellaRival_0.LeftBoot","/Engine/BasicShapes/Cube.Cube",0,0
"/Game/Maps/BiellaOpenWorldMap.BiellaOpenWorldMap:PersistentLevel.BiellaRival_0.RightBoot","/Engine/BasicShapes/Cube.Cube",0,0
"/Game/Maps/BiellaOpenWorldMap.BiellaOpenWorldMap:PersistentLevel.BiellaRival_0.RoleBandA","/Engine/BasicShapes/Cube.Cube",0,0
"/Game/Maps/BiellaOpenWorldMap.BiellaOpenWorldMap:PersistentLevel.BiellaRival_0.RoleBandB","/Engine/BasicShapes/Cube.Cube",0,0
"/Game/Maps/BiellaOpenWorldMap.BiellaOpenWorldMap:PersistentLevel.D02Vehicle01.PresentationBody","/Game/Vehicles/OffroadCar/SM_Offroad_Body.SM_Offroad_Body",0,0
"/Game/Maps/BiellaOpenWorldMap.BiellaOpenWorldMap:PersistentLevel.D02Vehicle01.PresentationTire0","/Game/Vehicles/OffroadCar/SM_Offroad_Tire.SM_Offroad_Tire",0,0
"/Game/Maps/BiellaOpenWorldMap.BiellaOpenWorldMap:PersistentLevel.D02Vehicle01.PresentationTire1","/Game/Vehicles/OffroadCar/SM_Offroad_Tire.SM_Offroad_Tire",0,0
"/Game/Maps/BiellaOpenWorldMap.BiellaOpenWorldMap:PersistentLevel.D02Vehicle01.PresentationTire2","/Game/Vehicles/OffroadCar/SM_Offroad_Tire.SM_Offroad_Tire",0,0
"/Game/Maps/BiellaOpenWorldMap.BiellaOpenWorldMap:PersistentLevel.D02Vehicle01.PresentationTire3","/Game/Vehicles/OffroadCar/SM_Offroad_Tire.SM_Offroad_Tire",0,0
"/Game/Maps/BiellaOpenWorldMap.BiellaOpenWorldMap:PersistentLevel.D02Vehicle01.SteeringWheel","/Game/Vehicles/Presentation/SM_DriverSteeringWheel.SM_DriverSteeringWheel",0,0
"/Game/Maps/BiellaOpenWorldMap.BiellaOpenWorldMap:PersistentLevel.D02Vehicle01.CameraProxyMeshComponent_0","/Engine/EditorMeshes/MatineeCam_SM.MatineeCam_SM",0,0
"/Game/Maps/BiellaOpenWorldMap.BiellaOpenWorldMap:PersistentLevel.D02Vehicle01.Body","/Engine/BasicShapes/Cube.Cube",0,0
"/Game/Maps/BiellaOpenWorldMap.BiellaOpenWorldMap:PersistentLevel.D02Vehicle01.Hood","/Engine/BasicShapes/Cube.Cube",0,0
"/Game/Maps/BiellaOpenWorldMap.BiellaOpenWorldMap:PersistentLevel.D02Vehicle01.RearDeck","/Engine/BasicShapes/Cube.Cube",0,0
"/Game/Maps/BiellaOpenWorldMap.BiellaOpenWorldMap:PersistentLevel.D02Vehicle01.FrontBumper","/Engine/BasicShapes/Cube.Cube",0,0
"/Game/Maps/BiellaOpenWorldMap.BiellaOpenWorldMap:PersistentLevel.D02Vehicle01.RearBumper","/Engine/BasicShapes/Cube.Cube",0,0
"/Game/Maps/BiellaOpenWorldMap.BiellaOpenWorldMap:PersistentLevel.D02Vehicle01.Seat","/Engine/BasicShapes/Cube.Cube",0,0
"/Game/Maps/BiellaOpenWorldMap.BiellaOpenWorldMap:PersistentLevel.D02Vehicle01.SeatBack","/Engine/BasicShapes/Cube.Cube",0,0
"/Game/Maps/BiellaOpenWorldMap.BiellaOpenWorldMap:PersistentLevel.D02Vehicle01.PassengerSeat","/Engine/BasicShapes/Cube.Cube",0,0
"/Game/Maps/BiellaOpenWorldMap.BiellaOpenWorldMap:PersistentLevel.D02Vehicle01.Dash","/Engine/BasicShapes/Cube.Cube",0,0
"/Game/Maps/BiellaOpenWorldMap.BiellaOpenWorldMap:PersistentLevel.D02Vehicle01.BrakeLeft","/Engine/BasicShapes/Cube.Cube",0,0
"/Game/Maps/BiellaOpenWorldMap.BiellaOpenWorldMap:PersistentLevel.D02Vehicle01.BrakeRight","/Engine/BasicShapes/Cube.Cube",0,0
"/Game/Maps/BiellaOpenWorldMap.BiellaOpenWorldMap:PersistentLevel.D02Vehicle01.Wheel0","/Engine/BasicShapes/Cylinder.Cylinder",0,0
"/Game/Maps/BiellaOpenWorldMap.BiellaOpenWorldMap:PersistentLevel.D02Vehicle01.Hub0","/Engine/BasicShapes/Cube.Cube",0,0
"/Game/Maps/BiellaOpenWorldMap.BiellaOpenWorldMap:PersistentLevel.D02Vehicle01.Wheel1","/Engine/BasicShapes/Cylinder.Cylinder",0,0
"/Game/Maps/BiellaOpenWorldMap.BiellaOpenWorldMap:PersistentLevel.D02Vehicle01.Hub1","/Engine/BasicShapes/Cube.Cube",0,0
"/Game/Maps/BiellaOpenWorldMap.BiellaOpenWorldMap:PersistentLevel.D02Vehicle01.Wheel2","/Engine/BasicShapes/Cylinder.Cylinder",0,0
"/Game/Maps/BiellaOpenWorldMap.BiellaOpenWorldMap:PersistentLevel.D02Vehicle01.Hub2","/Engine/BasicShapes/Cube.Cube",0,0
"/Game/Maps/BiellaOpenWorldMap.BiellaOpenWorldMap:PersistentLevel.D02Vehicle01.Wheel3","/Engine/BasicShapes/Cylinder.Cylinder",0,0
"/Game/Maps/BiellaOpenWorldMap.BiellaOpenWorldMap:PersistentLevel.D02Vehicle01.Hub3","/Engine/BasicShapes/Cube.Cube",0,0
"/Game/Maps/BiellaOpenWorldMap.BiellaOpenWorldMap:PersistentLevel.D02Environment01.Panel0","/Engine/BasicShapes/Cube.Cube",0,0
"/Game/Maps/BiellaOpenWorldMap.BiellaOpenWorldMap:PersistentLevel.D02Environment01.Panel1","/Engine/BasicShapes/Cube.Cube",0,0
"/Game/Maps/BiellaOpenWorldMap.BiellaOpenWorldMap:PersistentLevel.D02Environment01.Panel2","/Engine/BasicShapes/Cube.Cube",0,0
"/Game/Maps/BiellaOpenWorldMap.BiellaOpenWorldMap:PersistentLevel.D02Environment01.PostLeft","/Engine/BasicShapes/Cube.Cube",0,0
"/Game/Maps/BiellaOpenWorldMap.BiellaOpenWorldMap:PersistentLevel.D02Environment01.RailLeft","/Engine/BasicShapes/Cube.Cube",0,0
"/Game/Maps/BiellaOpenWorldMap.BiellaOpenWorldMap:PersistentLevel.D02Environment01.PostRight","/Engine/BasicShapes/Cube.Cube",0,0
"/Game/Maps/BiellaOpenWorldMap.BiellaOpenWorldMap:PersistentLevel.D02Environment01.RailRight","/Engine/BasicShapes/Cube.Cube",0,0
"/Game/Maps/BiellaOpenWorldMap.BiellaOpenWorldMap:PersistentLevel.D02Environment01.Header","/Engine/BasicShapes/Cube.Cube",0,0
"/Game/Maps/BiellaOpenWorldMap.BiellaOpenWorldMap:PersistentLevel.D02Environment01.Cabinet","/Engine/BasicShapes/Cube.Cube",0,0
"/Game/Maps/BiellaOpenWorldMap.BiellaOpenWorldMap:PersistentLevel.D02Environment01.Switch","/Engine/BasicShapes/Cube.Cube",0,0
"/Game/Maps/BiellaOpenWorldMap.BiellaOpenWorldMap:PersistentLevel.D02Environment01.HazardPad","/Engine/BasicShapes/Cube.Cube",0,0
"/Game/Maps/BiellaOpenWorldMap.BiellaOpenWorldMap:PersistentLevel.D02Environment01.WarningStripe0","/Engine/BasicShapes/Cube.Cube",0,0
"/Game/Maps/BiellaOpenWorldMap.BiellaOpenWorldMap:PersistentLevel.D02Environment01.WarningStripe1","/Engine/BasicShapes/Cube.Cube",0,0
"/Game/Maps/BiellaOpenWorldMap.BiellaOpenWorldMap:PersistentLevel.D02Environment01.WarningStripe2","/Engine/BasicShapes/Cube.Cube",0,0
"/Game/Maps/BiellaOpenWorldMap.BiellaOpenWorldMap:PersistentLevel.D02Environment01.WarningStripe3","/Engine/BasicShapes/Cube.Cube",0,0
"/Game/Maps/BiellaOpenWorldMap.BiellaOpenWorldMap:PersistentLevel.D02Environment01.WarningStripe4","/Engine/BasicShapes/Cube.Cube",0,0
"/Game/Maps/BiellaOpenWorldMap.BiellaOpenWorldMap:PersistentLevel.D02Environment01.WarningStripe5","/Engine/BasicShapes/Cube.Cube",0,0
"/Game/Maps/BiellaOpenWorldMap.BiellaOpenWorldMap:PersistentLevel.D02Environment01.WarningStripe6","/Engine/BasicShapes/Cube.Cube",0,0
"/Game/Maps/BiellaOpenWorldMap/DWX3BR0NP97Y1QAK4361DCQYU.BiellaOpenWorldMap:PersistentLevel.StaticMeshActor_UAID_FA163ECF0746E7FE02_1616309389.StaticMeshComponent0","/Engine/BasicShapes/Cube.Cube",0,0
"/Game/Maps/BiellaOpenWorldMap/DWX3BR0NP97Y1QAK4361DCQYU.BiellaOpenWorldMap:PersistentLevel.StaticMeshActor_UAID_FA163ECF0746E7FE02_1616332423.StaticMeshComponent0","/Engine/BasicShapes/Cube.Cube",0,0
"/Game/Maps/BiellaOpenWorldMap/DWX3BR0NP97Y1QAK4361DCQYU.BiellaOpenWorldMap:PersistentLevel.StaticMeshActor_UAID_FA163ECF0746E7FE02_1616305383.StaticMeshComponent0","/Engine/BasicShapes/Cube.Cube",0,0
"/Game/Maps/BiellaOpenWorldMap/DWX3BR0NP97Y1QAK4361DCQYU.BiellaOpenWorldMap:PersistentLevel.StaticMeshActor_UAID_FA163ECF0746E7FE02_1616333425.StaticMeshComponent0","/Engine/BasicShapes/Cube.Cube",0,0
"/Game/Maps/BiellaOpenWorldMap/95TP0T9N25MIXLM8QWYH02197.BiellaOpenWorldMap:PersistentLevel.HLOD_Continuation_46010775ab25cb52.HLODInstancedStaticMeshComponent_0","/Engine/BasicShapes/Cube.Cube",0,0
"/Game/Maps/BiellaOpenWorldMap/95TP0T9N25MIXLM8QWYH02197.BiellaOpenWorldMap:PersistentLevel.HLOD_Continuation_46010775ab25cb52.HLODInstancedStaticMeshComponent_7","/Engine/BasicShapes/Cube.Cube",0,0
"/Game/Maps/BiellaOpenWorldMap/95TP0T9N25MIXLM8QWYH02197.BiellaOpenWorldMap:PersistentLevel.HLOD_Continuation_3fd134f65e92efe9.HLODInstancedStaticMeshComponent_2","/Engine/BasicShapes/Cube.Cube",0,0
"/Game/Maps/BiellaOpenWorldMap/95TP0T9N25MIXLM8QWYH02197.BiellaOpenWorldMap:PersistentLevel.HLOD_Continuation_3fd134f65e92efe9.HLODInstancedStaticMeshComponent_3","/Engine/BasicShapes/Cube.Cube",0,0
"/Game/Maps/BiellaOpenWorldMap/5IU0GRNBE9QZPRKA21NEBCATN.BiellaOpenWorldMap:PersistentLevel.HLOD_Continuation_5b2b9634b541eb94.HLODInstancedStaticMeshComponent_0","/Engine/BasicShapes/Cube.Cube",0,0
"/Game/Maps/BiellaOpenWorldMap/5IU0GRNBE9QZPRKA21NEBCATN.BiellaOpenWorldMap:PersistentLevel.HLOD_Continuation_29c1efa8e352a492.HLODInstancedStaticMeshComponent_23","/Engine/BasicShapes/Cube.Cube",0,0
"/Game/Maps/BiellaOpenWorldMap/5IU0GRNBE9QZPRKA21NEBCATN.BiellaOpenWorldMap:PersistentLevel.HLOD_Continuation_29c1efa8e352a492.HLODInstancedStaticMeshComponent_24","/Engine/BasicShapes/Cube.Cube",0,0
"/Game/Maps/BiellaOpenWorldMap/5IU0GRNBE9QZPRKA21NEBCATN.BiellaOpenWorldMap:PersistentLevel.HLOD_Continuation_29c1efa8e352a492.HLODInstancedStaticMeshComponent_25","/Engine/BasicShapes/Cube.Cube",0,0
"/Game/Maps/BiellaOpenWorldMap/4IRVSFCMT7UKFFHM2HUBKUANT.BiellaOpenWorldMap:PersistentLevel.StaticMeshActor_UAID_FA163ECF0746E7FE02_1616303381.StaticMeshComponent0","/Engine/BasicShapes/Cube.Cube",0,0
"/Game/Maps/BiellaOpenWorldMap/4IRVSFCMT7UKFFHM2HUBKUANT.BiellaOpenWorldMap:PersistentLevel.StaticMeshActor_UAID_FA163ECF0746E7FE02_1616299375.StaticMeshComponent0","/Engine/BasicShapes/Cube.Cube",0,0
"/Game/Maps/BiellaOpenWorldMap/4IRVSFCMT7UKFFHM2HUBKUANT.BiellaOpenWorldMap:PersistentLevel.BiellaStreamingInfected_UAID_FA163ECF0746E7FE02_1616338433.BodyMesh","/Engine/BasicShapes/Cube.Cube",0,0
"/Game/Maps/BiellaOpenWorldMap/4IRVSFCMT7UKFFHM2HUBKUANT.BiellaOpenWorldMap:PersistentLevel.BiellaStreamingInfected_UAID_FA163ECF0746E7FE02_1616338433.TorsoInsignia_-1_0","/Engine/BasicShapes/Cube.Cube",0,0
"/Game/Maps/BiellaOpenWorldMap/4IRVSFCMT7UKFFHM2HUBKUANT.BiellaOpenWorldMap:PersistentLevel.BiellaStreamingInfected_UAID_FA163ECF0746E7FE02_1616338433.TorsoInsignia_-1_1","/Engine/BasicShapes/Cube.Cube",0,0
"/Game/Maps/BiellaOpenWorldMap/4IRVSFCMT7UKFFHM2HUBKUANT.BiellaOpenWorldMap:PersistentLevel.BiellaStreamingInfected_UAID_FA163ECF0746E7FE02_1616338433.TorsoInsignia_1_0","/Engine/BasicShapes/Cube.Cube",0,0
"/Game/Maps/BiellaOpenWorldMap/4IRVSFCMT7UKFFHM2HUBKUANT.BiellaOpenWorldMap:PersistentLevel.BiellaStreamingInfected_UAID_FA163ECF0746E7FE02_1616338433.TorsoInsignia_1_1","/Engine/BasicShapes/Cube.Cube",0,0
"/Game/Maps/BiellaOpenWorldMap/4IRVSFCMT7UKFFHM2HUBKUANT.BiellaOpenWorldMap:PersistentLevel.BiellaStreamingInfected_UAID_FA163ECF0746E7FE02_1616338433.RoleHead","/Engine/BasicShapes/Sphere.Sphere",0,0
"/Game/Maps/BiellaOpenWorldMap/4IRVSFCMT7UKFFHM2HUBKUANT.BiellaOpenWorldMap:PersistentLevel.BiellaStreamingInfected_UAID_FA163ECF0746E7FE02_1616338433.LeftBoot","/Engine/BasicShapes/Cube.Cube",0,0
"/Game/Maps/BiellaOpenWorldMap/4IRVSFCMT7UKFFHM2HUBKUANT.BiellaOpenWorldMap:PersistentLevel.BiellaStreamingInfected_UAID_FA163ECF0746E7FE02_1616338433.RightBoot","/Engine/BasicShapes/Cube.Cube",0,0
"/Game/Maps/BiellaOpenWorldMap/4IRVSFCMT7UKFFHM2HUBKUANT.BiellaOpenWorldMap:PersistentLevel.BiellaStreamingInfected_UAID_FA163ECF0746E7FE02_1616338433.RoleCrossA","/Engine/BasicShapes/Cube.Cube",0,0
"/Game/Maps/BiellaOpenWorldMap/4IRVSFCMT7UKFFHM2HUBKUANT.BiellaOpenWorldMap:PersistentLevel.BiellaStreamingInfected_UAID_FA163ECF0746E7FE02_1616338433.RoleCrossB","/Engine/BasicShapes/Cube.Cube",0,0
"/Game/Maps/BiellaOpenWorldMap/256C5OJZGTN91XZFPA1H4KEPH.BiellaOpenWorldMap:PersistentLevel.HLOD_Continuation_4f1fd3d235a2461f.HLODInstancedStaticMeshComponent_18","/Engine/BasicShapes/Cube.Cube",0,0
"/Game/Maps/BiellaOpenWorldMap/256C5OJZGTN91XZFPA1H4KEPH.BiellaOpenWorldMap:PersistentLevel.HLOD_Continuation_4f1fd3d235a2461f.HLODInstancedStaticMeshComponent_19","/Engine/BasicShapes/Cube.Cube",0,0
"/Game/Maps/BiellaOpenWorldMap/256C5OJZGTN91XZFPA1H4KEPH.BiellaOpenWorldMap:PersistentLevel.HLOD_Continuation_9221ee871e0322a4.HLODInstancedStaticMeshComponent_29","/Engine/BasicShapes/Cube.Cube",0,0
"/Game/Maps/BiellaOpenWorldMap/256C5OJZGTN91XZFPA1H4KEPH.BiellaOpenWorldMap:PersistentLevel.HLOD_Continuation_9221ee871e0322a4.HLODInstancedStaticMeshComponent_30","/Engine/BasicShapes/Cube.Cube",0,0
"/Game/Maps/BiellaOpenWorldMap/4AAYUJMXGO66WP79CYXK0NY28.BiellaOpenWorldMap:PersistentLevel.HLOD_Continuation_16925a08babfcd64.HLODInstancedStaticMeshComponent_0","/Engine/BasicShapes/Cube.Cube",0,0
"/Game/Maps/BiellaOpenWorldMap/4AAYUJMXGO66WP79CYXK0NY28.BiellaOpenWorldMap:PersistentLevel.HLOD_Continuation_16925a08babfcd64.HLODInstancedStaticMeshComponent_1","/Engine/BasicShapes/Cube.Cube",0,0
"/Game/Maps/BiellaOpenWorldMap/4AAYUJMXGO66WP79CYXK0NY28.BiellaOpenWorldMap:PersistentLevel.HLOD_Continuation_16925a08babfcd64.HLODInstancedStaticMeshComponent_5","/Game/OpenWorld/Architecture/SM_StreetBlock_03.SM_StreetBlock_03",1,0
"/Game/Maps/BiellaOpenWorldMap/4AAYUJMXGO66WP79CYXK0NY28.BiellaOpenWorldMap:PersistentLevel.HLOD_Continuation_51f83a065cb9dbfe.HLODInstancedStaticMeshComponent_26","/Engine/BasicShapes/Cube.Cube",0,0
"/Game/Maps/BiellaOpenWorldMap/4AAYUJMXGO66WP79CYXK0NY28.BiellaOpenWorldMap:PersistentLevel.HLOD_Continuation_51f83a065cb9dbfe.HLODInstancedStaticMeshComponent_27","/Engine/BasicShapes/Cube.Cube",0,0
"/Game/Maps/BiellaOpenWorldMap/4AAYUJMXGO66WP79CYXK0NY28.BiellaOpenWorldMap:PersistentLevel.HLOD_Continuation_51f83a065cb9dbfe.HLODInstancedStaticMeshComponent_28","/Game/OpenWorld/Architecture/SM_StreetBlock_02.SM_StreetBlock_02",1,0
"/Game/Maps/BiellaOpenWorldMap/7EH6Q7CV50I4HCBEHSE2MU8EH.BiellaOpenWorldMap:PersistentLevel.HLOD_Continuation_b25b234280b48d0f.HLODInstancedStaticMeshComponent_0","/Engine/BasicShapes/Cube.Cube",0,0
"/Game/Maps/BiellaOpenWorldMap/7EH6Q7CV50I4HCBEHSE2MU8EH.BiellaOpenWorldMap:PersistentLevel.HLOD_Continuation_b25b234280b48d0f.HLODInstancedStaticMeshComponent_10","/Game/OpenWorld/Architecture/SM_StreetBlock_04.SM_StreetBlock_04",1,0
"/Game/Maps/BiellaOpenWorldMap/7EH6Q7CV50I4HCBEHSE2MU8EH.BiellaOpenWorldMap:PersistentLevel.HLOD_Continuation_b25b234280b48d0f.HLODInstancedStaticMeshComponent_9","/Engine/BasicShapes/Cube.Cube",0,0
"/Game/Maps/BiellaOpenWorldMap/7EH6Q7CV50I4HCBEHSE2MU8EH.BiellaOpenWorldMap:PersistentLevel.HLOD_Continuation_6b763bbda5e31321.HLODInstancedStaticMeshComponent_15","/Engine/BasicShapes/Cube.Cube",0,0
"/Game/Maps/BiellaOpenWorldMap/7EH6Q7CV50I4HCBEHSE2MU8EH.BiellaOpenWorldMap:PersistentLevel.HLOD_Continuation_6b763bbda5e31321.HLODInstancedStaticMeshComponent_16","/Engine/BasicShapes/Cube.Cube",0,0
"/Game/Maps/BiellaOpenWorldMap/7EH6Q7CV50I4HCBEHSE2MU8EH.BiellaOpenWorldMap:PersistentLevel.HLOD_Continuation_6b763bbda5e31321.HLODInstancedStaticMeshComponent_17","/Game/OpenWorld/Architecture/SM_StreetBlock_05.SM_StreetBlock_05",1,0
"/Game/Maps/BiellaOpenWorldMap/CZCJEFLAC61WAOFNN7FYLXDZ3.BiellaOpenWorldMap:PersistentLevel.HLOD_Continuation_ad8a26dfe033840b.HLODInstancedStaticMeshComponent_11","/Engine/BasicShapes/Cube.Cube",0,0
"/Game/Maps/BiellaOpenWorldMap/CZCJEFLAC61WAOFNN7FYLXDZ3.BiellaOpenWorldMap:PersistentLevel.HLOD_Continuation_ad8a26dfe033840b.HLODInstancedStaticMeshComponent_12","/Engine/BasicShapes/Cube.Cube",0,0
"/Game/Maps/BiellaOpenWorldMap/CZCJEFLAC61WAOFNN7FYLXDZ3.BiellaOpenWorldMap:PersistentLevel.HLOD_Continuation_ad8a26dfe033840b.HLODInstancedStaticMeshComponent_13","/Game/OpenWorld/Architecture/SM_StreetBlock_00.SM_StreetBlock_00",1,0
"/Game/Maps/BiellaOpenWorldMap/CZCJEFLAC61WAOFNN7FYLXDZ3.BiellaOpenWorldMap:PersistentLevel.HLOD_Continuation_91d1606ca22e01d0.HLODInstancedStaticMeshComponent_20","/Engine/BasicShapes/Cube.Cube",0,0
"/Game/Maps/BiellaOpenWorldMap/CZCJEFLAC61WAOFNN7FYLXDZ3.BiellaOpenWorldMap:PersistentLevel.HLOD_Continuation_91d1606ca22e01d0.HLODInstancedStaticMeshComponent_21","/Engine/BasicShapes/Cube.Cube",0,0
"/Game/Maps/BiellaOpenWorldMap/CZCJEFLAC61WAOFNN7FYLXDZ3.BiellaOpenWorldMap:PersistentLevel.HLOD_Continuation_91d1606ca22e01d0.HLODInstancedStaticMeshComponent_22","/Game/OpenWorld/Architecture/SM_StreetBlock_01.SM_StreetBlock_01",1,0
"/Game/Maps/BiellaOpenWorldMap/015MLLY5P88ZMFRMJSAEJNQLO.BiellaOpenWorldMap:PersistentLevel.HLOD_Continuation_8bdc040d1c35f627.HLODInstancedStaticMeshComponent_14","/Engine/BasicShapes/Cube.Cube",0,0
"/Game/Maps/BiellaOpenWorldMap/2246L7J56SWT3CJ7TDECQUKJJ.BiellaOpenWorldMap:PersistentLevel.StaticMeshActor_UAID_FA163ECF0746E7FE02_1616307387.StaticMeshComponent0","/Engine/BasicShapes/Cube.Cube",0,0
"/Game/Maps/BiellaOpenWorldMap/2246L7J56SWT3CJ7TDECQUKJJ.BiellaOpenWorldMap:PersistentLevel.StaticMeshActor_UAID_FA163ECF0746E7FE02_1616312394.StaticMeshComponent0","/Engine/BasicShapes/Cube.Cube",0,0
"/Game/Maps/BiellaOpenWorldMap/2246L7J56SWT3CJ7TDECQUKJJ.BiellaOpenWorldMap:PersistentLevel.StaticMeshActor_UAID_FA163ECF0746E7FE02_1616309390.StaticMeshComponent0","/Game/OpenWorld/Architecture/SM_StreetBlock_01.SM_StreetBlock_01",1,0
"/Game/Maps/BiellaOpenWorldMap/2246L7J56SWT3CJ7TDECQUKJJ.BiellaOpenWorldMap:PersistentLevel.StaticMeshActor_UAID_FA163ECF0746E7FE02_1616305384.StaticMeshComponent0","/Engine/BasicShapes/Cube.Cube",0,0
"/Game/Maps/BiellaOpenWorldMap/2246L7J56SWT3CJ7TDECQUKJJ.BiellaOpenWorldMap:PersistentLevel.StaticMeshActor_UAID_FA163ECF0746E7FE02_1616308388.StaticMeshComponent0","/Engine/BasicShapes/Cube.Cube",0,0
"/Game/Maps/BiellaOpenWorldMap/2246L7J56SWT3CJ7TDECQUKJJ.BiellaOpenWorldMap:PersistentLevel.StaticMeshActor_UAID_FA163ECF0746E7FE02_1616311393.StaticMeshComponent0","/Engine/BasicShapes/Cube.Cube",0,0
"/Game/Maps/BiellaOpenWorldMap/E4NTLHGQRW7WSJD367Y83CQJY.BiellaOpenWorldMap:PersistentLevel.StaticMeshActor_UAID_FA163ECF0746E7FE02_1616307386.StaticMeshComponent0","/Engine/BasicShapes/Cube.Cube",0,0
"/Game/Maps/BiellaOpenWorldMap/E4NTLHGQRW7WSJD367Y83CQJY.BiellaOpenWorldMap:PersistentLevel.StaticMeshActor_UAID_FA163ECF0746E7FE02_1616300376.StaticMeshComponent0","/Engine/BasicShapes/Cube.Cube",0,0
"/Game/Maps/BiellaOpenWorldMap/E4NTLHGQRW7WSJD367Y83CQJY.BiellaOpenWorldMap:PersistentLevel.StaticMeshActor_UAID_FA163ECF0746E7FE02_1616303380.StaticMeshComponent0","/Engine/BasicShapes/Cube.Cube",0,0
"/Game/Maps/BiellaOpenWorldMap/E4NTLHGQRW7WSJD367Y83CQJY.BiellaOpenWorldMap:PersistentLevel.StaticMeshActor_UAID_FA163ECF0746E7FE02_1616302379.StaticMeshComponent0","/Engine/BasicShapes/Cube.Cube",0,0
"/Game/Maps/BiellaOpenWorldMap/E4NTLHGQRW7WSJD367Y83CQJY.BiellaOpenWorldMap:PersistentLevel.StaticMeshActor_UAID_FA163ECF0746E7FE02_1616304382.StaticMeshComponent0","/Game/OpenWorld/Architecture/SM_StreetBlock_00.SM_StreetBlock_00",1,0
"/Game/Maps/BiellaOpenWorldMap/E4NTLHGQRW7WSJD367Y83CQJY.BiellaOpenWorldMap:PersistentLevel.StaticMeshActor_UAID_FA163ECF0746E7FE02_1616306385.StaticMeshComponent0","/Engine/BasicShapes/Cube.Cube",0,0
"/Game/Maps/BiellaOpenWorldMap/5W0PTBAXB78XMVICWEPSBVFUH.BiellaOpenWorldMap:PersistentLevel.StaticMeshActor_UAID_FA163ECF0746E7FE02_1616301377.StaticMeshComponent0","/Engine/BasicShapes/Cube.Cube",0,0
"/Game/Maps/BiellaOpenWorldMap/5W0PTBAXB78XMVICWEPSBVFUH.BiellaOpenWorldMap:PersistentLevel.StaticMeshActor_UAID_FA163ECF0746E7FE02_1616301378.StaticMeshComponent0","/Engine/BasicShapes/Cube.Cube",0,0
"/Game/Maps/BiellaOpenWorldMap/6KIDQ8DFTHQYWAPBTVM821GBW.BiellaOpenWorldMap:PersistentLevel.StaticMeshActor_UAID_FA163ECF0746E7FE02_1616313396.StaticMeshComponent0","/Engine/BasicShapes/Cube.Cube",0,0
"/Game/Maps/BiellaOpenWorldMap/6KIDQ8DFTHQYWAPBTVM821GBW.BiellaOpenWorldMap:PersistentLevel.StaticMeshActor_UAID_FA163ECF0746E7FE02_1616313395.StaticMeshComponent0","/Engine/BasicShapes/Cube.Cube",0,0
"/Game/Maps/BiellaOpenWorldMap/6KIDQ8DFTHQYWAPBTVM821GBW.BiellaOpenWorldMap:PersistentLevel.StaticMeshActor_UAID_FA163ECF0746E7FE02_1616314397.StaticMeshComponent0","/Game/OpenWorld/Architecture/SM_StreetBlock_02.SM_StreetBlock_02",1,0
"/Game/Maps/BiellaOpenWorldMap/6KIDQ8DFTHQYWAPBTVM821GBW.BiellaOpenWorldMap:PersistentLevel.StaticMeshActor_UAID_FA163ECF0746E7FE02_1616317401.StaticMeshComponent0","/Engine/BasicShapes/Cube.Cube",0,0
"/Game/Maps/BiellaOpenWorldMap/6KIDQ8DFTHQYWAPBTVM821GBW.BiellaOpenWorldMap:PersistentLevel.StaticMeshActor_UAID_FA163ECF0746E7FE02_1616316400.StaticMeshComponent0","/Engine/BasicShapes/Cube.Cube",0,0
"/Game/Maps/BiellaOpenWorldMap/6KIDQ8DFTHQYWAPBTVM821GBW.BiellaOpenWorldMap:PersistentLevel.StaticMeshActor_UAID_FA163ECF0746E7FE02_1616311392.StaticMeshComponent0","/Engine/BasicShapes/Cube.Cube",0,0
"/Game/Maps/BiellaOpenWorldMap/0VZ6Z5XS1A7XB9FS4DWJZRDPE.BiellaOpenWorldMap:PersistentLevel.StaticMeshActor_UAID_FA163ECF0746E7FE02_1616337431.StaticMeshComponent0","/Engine/BasicShapes/Cube.Cube",0,0
"/Game/Maps/BiellaOpenWorldMap/0VZ6Z5XS1A7XB9FS4DWJZRDPE.BiellaOpenWorldMap:PersistentLevel.StaticMeshActor_UAID_FA163ECF0746E7FE02_1616333426.StaticMeshComponent0","/Engine/BasicShapes/Cube.Cube",0,0
"/Game/Maps/BiellaOpenWorldMap/0VZ6Z5XS1A7XB9FS4DWJZRDPE.BiellaOpenWorldMap:PersistentLevel.StaticMeshActor_UAID_FA163ECF0746E7FE02_1616330421.StaticMeshComponent0","/Engine/BasicShapes/Cube.Cube",0,0
"/Game/Maps/BiellaOpenWorldMap/0VZ6Z5XS1A7XB9FS4DWJZRDPE.BiellaOpenWorldMap:PersistentLevel.StaticMeshActor_UAID_FA163ECF0746E7FE02_1616331422.StaticMeshComponent0","/Engine/BasicShapes/Cube.Cube",0,0
"/Game/Maps/BiellaOpenWorldMap/0VZ6Z5XS1A7XB9FS4DWJZRDPE.BiellaOpenWorldMap:PersistentLevel.StaticMeshActor_UAID_FA163ECF0746E7FE02_1616336430.StaticMeshComponent0","/Engine/BasicShapes/Cube.Cube",0,0
"/Game/Maps/BiellaOpenWorldMap/0VZ6Z5XS1A7XB9FS4DWJZRDPE.BiellaOpenWorldMap:PersistentLevel.StaticMeshActor_UAID_FA163ECF0746E7FE02_1616334427.StaticMeshComponent0","/Engine/BasicShapes/Cube.Cube",0,0
"/Game/Maps/BiellaOpenWorldMap/0VZ6Z5XS1A7XB9FS4DWJZRDPE.BiellaOpenWorldMap:PersistentLevel.StaticMeshActor_UAID_FA163ECF0746E7FE02_1616332424.StaticMeshComponent0","/Engine/BasicShapes/Cube.Cube",0,0
"/Game/Maps/BiellaOpenWorldMap/0VZ6Z5XS1A7XB9FS4DWJZRDPE.BiellaOpenWorldMap:PersistentLevel.StaticMeshActor_UAID_FA163ECF0746E7FE02_1616310391.StaticMeshComponent0","/Engine/BasicShapes/Cube.Cube",0,0
"/Game/Maps/BiellaOpenWorldMap/0VZ6Z5XS1A7XB9FS4DWJZRDPE.BiellaOpenWorldMap:PersistentLevel.StaticMeshActor_UAID_FA163ECF0746E7FE02_1616336429.StaticMeshComponent0","/Engine/BasicShapes/Cube.Cube",0,0
"/Game/Maps/BiellaOpenWorldMap/0VZ6Z5XS1A7XB9FS4DWJZRDPE.BiellaOpenWorldMap:PersistentLevel.StaticMeshActor_UAID_FA163ECF0746E7FE02_1616338432.StaticMeshComponent0","/Engine/BasicShapes/Cube.Cube",0,0
"/Game/Maps/BiellaOpenWorldMap/0VZ6Z5XS1A7XB9FS4DWJZRDPE.BiellaOpenWorldMap:PersistentLevel.StaticMeshActor_UAID_FA163ECF0746E7FE02_1616335428.StaticMeshComponent0","/Engine/BasicShapes/Cube.Cube",0,0
"/Game/Maps/BiellaOpenWorldMap/DF8HFWLRNPD550N0XGMPOK5GF.BiellaOpenWorldMap:PersistentLevel.StaticMeshActor_UAID_FA163ECF0746E7FE02_1616315399.StaticMeshComponent0","/Engine/BasicShapes/Cube.Cube",0,0
"/Game/Maps/BiellaOpenWorldMap/DF8HFWLRNPD550N0XGMPOK5GF.BiellaOpenWorldMap:PersistentLevel.StaticMeshActor_UAID_FA163ECF0746E7FE02_1616321407.StaticMeshComponent0","/Engine/BasicShapes/Cube.Cube",0,0
"/Game/Maps/BiellaOpenWorldMap/DF8HFWLRNPD550N0XGMPOK5GF.BiellaOpenWorldMap:PersistentLevel.StaticMeshActor_UAID_FA163ECF0746E7FE02_1616321408.StaticMeshComponent0","/Engine/BasicShapes/Cube.Cube",0,0
"/Game/Maps/BiellaOpenWorldMap/DF8HFWLRNPD550N0XGMPOK5GF.BiellaOpenWorldMap:PersistentLevel.StaticMeshActor_UAID_FA163ECF0746E7FE02_1616317402.StaticMeshComponent0","/Engine/BasicShapes/Cube.Cube",0,0
"/Game/Maps/BiellaOpenWorldMap/DF8HFWLRNPD550N0XGMPOK5GF.BiellaOpenWorldMap:PersistentLevel.StaticMeshActor_UAID_FA163ECF0746E7FE02_1616318403.StaticMeshComponent0","/Engine/BasicShapes/Cube.Cube",0,0
"/Game/Maps/BiellaOpenWorldMap/DF8HFWLRNPD550N0XGMPOK5GF.BiellaOpenWorldMap:PersistentLevel.StaticMeshActor_UAID_FA163ECF0746E7FE02_1616319404.StaticMeshComponent0","/Game/OpenWorld/Architecture/SM_StreetBlock_03.SM_StreetBlock_03",1,0
"/Game/Maps/BiellaOpenWorldMap/6EHB8P09Z967OE4RS6CPFUTAY.BiellaOpenWorldMap:PersistentLevel.StaticMeshActor_UAID_FA163ECF0746E7FE02_1616315398.StaticMeshComponent0","/Engine/BasicShapes/Cube.Cube",0,0
