frame,phase,mounted,alive,enabled,stable,visible,blockout,seated,pelvis_error,feet_error,hands_error,length_error,root_error,wheel_visible,wheel_collision,action_weight,steering
600,1,0,1,0,0,1,0,0,0.000000,0.000000,0.000000,0.000000,0.000000,1,0,0.000000,0.000000
601,1,0,1,0,0,1,0,0,0.000000,0.000000,0.000000,0.000000,0.000000,1,0,0.366685,0.000000
602,1,0,1,0,1,1,0,0,0.000000,0.000000,0.000000,0.000000,0.000000,1,0,0.883817,0.000000
603,1,0,1,0,1,1,0,0,0.000000,0.000000,0.000000,0.000000,0.000000,1,0,1.256584,0.000000
604,1,0,1,0,1,1,0,0,0.000000,0.000000,0.000000,0.000000,0.000000,1,0,1.695282,0.000000
605,1,0,1,0,1,1,0,0,0.000000,0.000000,0.000000,0.000000,0.000000,1,0,2.084585,0.000000
606,1,0,1,0,1,1,0,0,0.000000,0.000000,0.000000,0.000000,0.000000,1,0,2.451528,0.000000
607,1,0,1,0,1,1,0,0,0.000000,0.000000,0.000000,0.000000,0.000000,1,0,2.775417,0.000000
608,1,0,1,0,1,1,0,0,0.000000,0.000000,0.000000,0.000000,0.000000,1,0,2.875420,0.000000
609,1,0,1,0,1,1,0,0,0.000000,0.000000,0.000000,0.000000,0.000000,1,0,2.975424,0.000000
610,1,0,1,0,1,1,0,0,0.000000,0.000000,0.000000,0.000000,0.000000,1,0,3.000000,0.000000
611,1,0,1,0,1,1,0,0,0.000000,0.000000,0.000000,0.000000,0.000000,1,0,3.000000,0.000000
612,1,0,1,0,1,1,0,0,0.000000,0.000000,0.000000,0.000000,0.000000,1,0,3.000000,0.000000
613,1,0,1,0,1,1,0,0,0.000000,0.000000,0.000000,0.000000,0.000000,1,0,3.000000,0.000000
614,1,0,1,0,1,1,0,0,0.000000,0.000000,0.000000,0.000000,0.000000,1,0,3.000000,0.000000
615,1,0,1,0,1,1,0,0,0.000000,0.000000,0.000000,0.000000,0.000000,1,0,3.000000,0.000000
616,1,0,1,0,1,1,0,0,0.000000,0.000000,0.000000,0.000000,0.000000,1,0,3.000000,0.000000
617,1,0,1,0,1,1,0,0,0.000000,0.000000,0.000000,0.000000,0.000000,1,0,3.000000,0.000000
618,1,0,1,0,1,1,0,0,0.000000,0.000000,0.000000,0.000000,0.000000,1,0,3.000000,0.000000
619,1,0,1,0,1,1,0,0,0.000000,0.000000,0.000000,0.000000,0.000000,1,0,3.000000,0.000000
620,1,0,1,0,1,1,0,0,0.000000,0.000000,0.000000,0.000000,0.000000,1,0,3.000000,0.000000
621,1,0,1,0,1,1,0,0,0.000000,0.000000,0.000000,0.000000,0.000000,1,0,3.000000,0.000000
622,1,0,1,0,1,1,0,0,0.000000,0.000000,0.000000,0.000000,0.000000,1,0,3.000000,0.000000
623,1,0,1,0,1,1,0,0,0.000000,0.000000,0.000000,0.000000,0.000000,1,0,3.000000,0.000000
624,1,0,1,0,1,1,0,0,0.000000,0.000000,0.000000,0.000000,0.000000,1,0,3.000000,0.000000
625,1,0,1,0,1,1,0,0,0.000000,0.000000,0.000000,0.000000,0.000000,1,0,3.000000,0.000000
626,1,0,1,0,1,1,0,0,0.000000,0.000000,0.000000,0.000000,0.000000,1,0,3.000000,0.000000
627,1,0,1,0,1,1,0,0,0.000000,0.000000,0.000000,0.000000,0.000000,1,0,3.000000,0.000000
628,1,0,1,0,1,1,0,0,0.000000,0.000000,0.000000,0.000000,0.000000,1,0,3.000000,0.000000
629,1,0,1,0,1,1,0,0,0.000000,0.000000,0.000000,0.000000,0.000000,1,0,3.000000,0.000000
630,1,0,1,0,1,1,0,0,0.000000,0.000000,0.000000,0.000000,0.000000,1,0,3.000000,0.000000
631,1,0,1,0,1,1,0,0,0.000000,0.000000,0.000000,0.000000,0.000000,1,0,3.000000,0.000000
632,1,0,1,0,1,1,0,0,0.000000,0.000000,0.000000,0.000000,0.000000,1,0,3.000000,0.000000
633,1,0,1,0,1,1,0,0,0.000000,0.000000,0.000000,0.000000,0.000000,1,0,3.000000,0.000000
634,1,0,1,0,1,1,0,0,0.000000,0.000000,0.000000,0.000000,0.000000,1,0,3.000000,0.000000
635,1,0,1,0,1,1,0,0,0.000000,0.000000,0.000000,0.000000,0.000000,1,0,3.000000,0.000000
636,1,0,1,0,1,1,0,0,0.000000,0.000000,0.000000,0.000000,0.000000,1,0,3.000000,0.000000
637,1,0,1,0,1,1,0,0,0.000000,0.000000,0.000000,0.000000,0.000000,1,0,3.000000,0.000000
638,1,0,1,0,1,1,0,0,0.000000,0.000000,0.000000,0.000000,0.000000,1,0,3.000000,0.000000
639,1,0,1,0,1,1,0,0,0.000000,0.000000,0.000000,0.000000,0.000000,1,0,3.000000,0.000000
640,1,0,1,0,1,1,0,0,0.000000,0.000000,0.000000,0.000000,0.000000,1,0,3.000000,0.000000
641,1,0,1,0,1,1,0,0,0.000000,0.000000,0.000000,0.000000,0.000000,1,0,3.000000,0.000000
642,1,0,1,0,1,1,0,0,0.000000,0.000000,0.000000,0.000000,0.000000,1,0,3.000000,0.000000
643,1,0,1,0,1,1,0,0,0.000000,0.000000,0.000000,0.000000,0.000000,1,0,3.000000,0.000000
644,1,0,1,0,1,1,0,0,0.000000,0.000000,0.000000,0.000000,0.000000,1,0,3.000000,0.000000
645,1,0,1,0,1,1,0,0,0.000000,0.000000,0.000000,0.000000,0.000000,1,0,3.000000,0.000000
646,1,0,1,0,1,1,0,0,0.000000,0.000000,0.000000,0.000000,0.000000,1,0,3.000000,0.000000
647,1,0,1,0,1,1,0,0,0.000000,0.000000,0.000000,0.000000,0.000000,1,0,3.000000,0.000000
648,1,0,1,0,1,1,0,0,0.000000,0.000000,0.000000,0.000000,0.000000,1,0,3.000000,0.000000
649,1,0,1,0,1,1,0,0,0.000000,0.000000,0.000000,0.000000,0.000000,1,0,3.000000,0.000000
650,1,0,1,0,1,1,0,0,0.000000,0.000000,0.000000,0.000000,0.000000,1,0,3.000000,0.000000
651,1,0,1,0,1,1,0,0,0.000000,0.000000,0.000000,0.000000,0.000000,1,0,3.000000,0.000000
652,1,0,1,0,1,1,0,0,0.000000,0.000000,0.000000,0.000000,0.000000,1,0,3.000000,0.000000
653,1,0,1,0,1,1,0,0,0.000000,0.000000,0.000000,0.000000,0.000000,1,0,3.000000,0.000000
654,1,0,1,0,1,1,0,0,0.000000,0.000000,0.000000,0.000000,0.000000,1,0,3.000000,0.000000
655,1,0,1,0,1,1,0,0,0.000000,0.000000,0.000000,0.000000,0.000000,1,0,3.000000,0.000000
656,1,0,1,0,1,1,0,0,0.000000,0.000000,0.000000,0.000000,0.000000,1,0,3.000000,0.000000
657,1,0,1,0,1,1,0,0,0.000000,0.000000,0.000000,0.000000,0.000000,1,0,3.000000,0.000000
658,1,0,1,0,1,1,0,0,0.000000,0.000000,0.000000,0.000000,0.000000,1,0,3.000000,0.000000
659,1,0,1,0,1,1,0,0,0.000000,0.000000,0.000000,0.000000,0.000000,1,0,3.000000,0.000000
660,1,0,1,0,1,1,0,0,0.000000,0.000000,0.000000,0.000000,0.000000,1,0,3.000000,0.000000
661,1,0,1,0,1,1,0,0,0.000000,0.000000,0.000000,0.000000,0.000000,1,0,3.000000,0.000000
662,1,0,1,0,1,1,0,0,0.000000,0.000000,0.000000,0.000000,0.000000,1,0,3.000000,0.000000
663,1,0,1,0,1,1,0,0,0.000000,0.000000,0.000000,0.000000,0.000000,1,0,3.000000,0.000000
664,1,0,1,0,1,1,0,0,0.000000,0.000000,0.000000,0.000000,0.000000,1,0,3.000000,0.000000
665,1,0,1,0,1,1,0,0,0.000000,0.000000,0.000000,0.000000,0.000000,1,0,3.000000,0.000000
666,1,0,1,0,1,1,0,0,0.000000,0.000000,0.000000,0.000000,0.000000,1,0,3.000000,0.000000
667,1,0,1,0,1,1,0,0,0.000000,0.000000,0.000000,0.000000,0.000000,1,0,3.000000,0.000000
668,1,0,1,0,1,1,0,0,0.000000,0.000000,0.000000,0.000000,0.000000,1,0,3.000000,0.000000
669,1,0,1,0,1,1,0,0,0.000000,0.000000,0.000000,0.000000,0.000000,1,0,3.000000,0.000000
670,1,0,1,0,1,1,0,0,0.000000,0.000000,0.000000,0.000000,0.000000,1,0,3.000000,0.000000
671,1,0,1,0,1,1,0,0,0.000000,0.000000,0.000000,0.000000,0.000000,1,0,3.000000,0.000000
672,1,0,1,0,1,1,0,0,0.000000,0.000000,0.000000,0.000000,0.000000,1,0,3.000000,0.000000
673,1,0,1,0,1,1,0,0,0.000000,0.000000,0.000000,0.000000,0.000000,1,0,3.000000,0.000000
674,1,0,1,0,1,1,0,0,0.000000,0.000000,0.000000,0.000000,0.000000,1,0,3.000000,0.000000
675,1,0,1,0,1,1,0,0,0.000000,0.000000,0.000000,0.000000,0.000000,1,0,3.000000,0.000000
676,1,0,1,0,1,1,0,0,0.000000,0.000000,0.000000,0.000000,0.000000,1,0,3.000000,0.000000
677,1,0,1,0,1,1,0,0,0.000000,0.000000,0.000000,0.000000,0.000000,1,0,3.000000,0.000000
678,1,0,1,0,1,1,0,0,0.000000,0.000000,0.000000,0.000000,0.000000,1,0,3.000000,0.000000
679,1,0,1,0,1,1,0,0,0.000000,0.000000,0.000000,0.000000,0.000000,1,0,3.000000,0.000000
680,1,0,1,0,1,1,0,0,0.000000,0.000000,0.000000,0.000000,0.000000,1,0,3.000000,0.000000
681,1,0,1,0,1,1,0,0,0.000000,0.000000,0.000000,0.000000,0.000000,1,0,3.000000,0.000000
682,1,0,1,0,1,1,0,0,0.000000,0.000000,0.000000,0.000000,0.000000,1,0,3.000000,0.000000
683,1,0,1,0,1,1,0,0,0.000000,0.000000,0.000000,0.000000,0.000000,1,0,3.000000,0.000000
684,1,0,1,0,1,1,0,0,0.000000,0.000000,0.000000,0.000000,0.000000,1,0,3.000000,0.000000
685,1,0,1,0,1,1,0,0,0.000000,0.000000,0.000000,0.000000,0.000000,1,0,3.000000,0.000000
686,1,0,1,0,1,1,0,0,0.000000,0.000000,0.000000,0.000000,0.000000,1,0,3.000000,0.000000
687,1,0,1,0,1,1,0,0,0.000000,0.000000,0.000000,0.000000,0.000000,1,0,3.000000,0.000000
688,1,0,1,0,1,1,0,0,0.000000,0.000000,0.000000,0.000000,0.000000,1,0,3.000000,0.000000
689,1,0,1,0,1,1,0,0,0.000000,0.000000,0.000000,0.000000,0.000000,1,0,3.000000,0.000000
690,1,0,1,0,1,1,0,0,0.000000,0.000000,0.000000,0.000000,0.000000,1,0,3.000000,0.000000
691,1,0,1,0,1,1,0,0,0.000000,0.000000,0.000000,0.000000,0.000000,1,0,3.000000,0.000000
692,1,0,1,0,1,1,0,0,0.000000,0.000000,0.000000,0.000000,0.000000,1,0,3.000000,0.000000
693,1,0,1,0,1,1,0,0,0.000000,0.000000,0.000000,0.000000,0.000000,1,0,3.000000,0.000000
694,1,0,1,0,1,1,0,0,0.000000,0.000000,0.000000,0.000000,0.000000,1,0,3.000000,0.000000
695,1,0,1,0,1,1,0,0,0.000000,0.000000,0.000000,0.000000,0.000000,1,0,3.000000,0.000000
696,1,0,1,0,1,1,0,0,0.000000,0.000000,0.000000,0.000000,0.000000,1,0,3.000000,0.000000
697,1,0,1,0,1,1,0,0,0.000000,0.000000,0.000000,0.000000,0.000000,1,0,3.000000,0.000000
698,1,0,1,0,1,1,0,0,0.000000,0.000000,0.000000,0.000000,0.000000,1,0,3.000000,0.000000
699,1,0,1,0,1,1,0,0,0.000000,0.000000,0.000000,0.000000,0.000000,1,0,3.000000,0.000000
700,1,0,1,0,1,1,0,0,0.000000,0.000000,0.000000,0.000000,0.000000,1,0,3.000000,0.000000
701,1,0,1,0,1,1,0,0,0.000000,0.000000,0.000000,0.000000,0.000000,1,0,3.000000,0.000000
702,1,0,1,0,1,1,0,0,0.000000,0.000000,0.000000,0.000000,0.000000,1,0,3.000000,0.000000
703,1,0,1,0,1,1,0,0,0.000000,0.000000,0.000000,0.000000,0.000000,1,0,3.000000,0.000000
704,1,0,1,0,1,1,0,0,0.000000,0.000000,0.000000,0.000000,0.000000,1,0,3.000000,0.000000
705,1,0,1,0,1,1,0,0,0.000000,0.000000,0.000000,0.000000,0.000000,1,0,3.000000,0.000000
706,1,0,1,0,1,1,0,0,0.000000,0.000000,0.000000,0.000000,0.000000,1,0,3.000000,0.000000
707,1,0,1,0,1,1,0,0,0.000000,0.000000,0.000000,0.000000,0.000000,1,0,3.000000,0.000000
708,1,0,1,0,1,1,0,0,0.000000,0.000000,0.000000,0.000000,0.000000,1,0,3.000000,0.000000
709,1,0,1,0,1,1,0,0,0.000000,0.000000,0.000000,0.000000,0.000000,1,0,3.000000,0.000000
710,1,0,1,0,1,1,0,0,0.000000,0.000000,0.000000,0.000000,0.000000,1,0,3.000000,0.000000
711,1,0,1,0,1,1,0,0,0.000000,0.000000,0.000000,0.000000,0.000000,1,0,3.000000,0.000000
712,1,0,1,0,1,1,0,0,0.000000,0.000000,0.000000,0.000000,0.000000,1,0,3.000000,0.000000
713,1,0,1,0,1,1,0,0,0.000000,0.000000,0.000000,0.000000,0.000000,1,0,3.000000,0.000000
714,1,0,1,0,1,1,0,0,0.000000,0.000000,0.000000,0.000000,0.000000,1,0,3.000000,0.000000
715,1,0,1,0,1,1,0,0,0.000000,0.000000,0.000000,0.000000,0.000000,1,0,3.000000,0.000000
716,1,0,1,0,1,1,0,0,0.000000,0.000000,0.000000,0.000000,0.000000,1,0,3.000000,0.000000
717,1,0,1,0,1,1,0,0,0.000000,0.000000,0.000000,0.000000,0.000000,1,0,3.000000,0.000000
718,1,0,1,0,1,1,0,0,0.000000,0.000000,0.000000,0.000000,0.000000,1,0,3.000000,0.000000
719,1,0,1,0,1,1,0,0,0.000000,0.000000,0.000000,0.000000,0.000000,1,0,3.000000,0.000000
720,1,0,1,0,1,1,0,0,0.000000,0.000000,0.000000,0.000000,0.000000,1,0,3.000000,0.000000
721,1,0,1,0,1,1,0,0,0.000000,0.000000,0.000000,0.000000,0.000000,1,0,3.000000,0.000000
722,1,0,1,0,1,1,0,0,0.000000,0.000000,0.000000,0.000000,0.000000,1,0,3.000000,0.000000
723,1,0,1,0,1,1,0,0,0.000000,0.000000,0.000000,0.000000,0.000000,1,0,3.000000,0.000000
724,1,0,1,0,1,1,0,0,0.000000,0.000000,0.000000,0.000000,0.000000,1,0,3.000000,0.000000
725,1,0,1,0,1,1,0,0,0.000000,0.000000,0.000000,0.000000,0.000000,1,0,3.000000,0.000000
726,1,0,1,0,1,1,0,0,0.000000,0.000000,0.000000,0.000000,0.000000,1,0,3.000000,0.000000
727,1,0,1,0,1,1,0,0,0.000000,0.000000,0.000000,0.000000,0.000000,1,0,3.000000,0.000000
728,1,0,1,0,1,1,0,0,0.000000,0.000000,0.000000,0.000000,0.000000,1,0,3.000000,0.000000
729,1,0,1,0,1,1,0,0,0.000000,0.000000,0.000000,0.000000,0.000000,1,0,3.000000,0.000000
730,1,0,1,0,1,1,0,0,0.000000,0.000000,0.000000,0.000000,0.000000,1,0,3.000000,0.000000
731,1,0,1,0,1,1,0,0,0.000000,0.000000,0.000000,0.000000,0.000000,1,0,3.000000,0.000000
732,1,0,1,0,1,1,0,0,0.000000,0.000000,0.000000,0.000000,0.000000,1,0,3.000000,0.000000
733,1,0,1,0,1,1,0,0,0.000000,0.000000,0.000000,0.000000,0.000000,1,0,3.000000,0.000000
734,1,0,1,0,1,1,0,0,0.000000,0.000000,0.000000,0.000000,0.000000,1,0,3.000000,0.000000
735,1,0,1,0,1,1,0,0,0.000000,0.000000,0.000000,0.000000,0.000000,1,0,3.000000,0.000000
736,1,0,1,0,1,1,0,0,0.000000,0.000000,0.000000,0.000000,0.000000,1,0,3.000000,0.000000
737,1,0,1,0,1,1,0,0,0.000000,0.000000,0.000000,0.000000,0.000000,1,0,3.000000,0.000000
738,1,0,1,0,1,1,0,0,0.000000,0.000000,0.000000,0.000000,0.000000,1,0,3.000000,0.000000
739,1,0,1,0,1,1,0,0,0.000000,0.000000,0.000000,0.000000,0.000000,1,0,3.000000,0.000000
740,1,0,1,0,1,1,0,0,0.000000,0.000000,0.000000,0.000000,0.000000,1,0,3.000000,0.000000
741,1,0,1,0,1,1,0,0,0.000000,0.000000,0.000000,0.000000,0.000000,1,0,3.000000,0.000000
742,1,0,1,0,1,1,0,0,0.000000,0.000000,0.000000,0.000000,0.000000,1,0,3.000000,0.000000
743,1,0,1,0,1,1,0,0,0.000000,0.000000,0.000000,0.000000,0.000000,1,0,3.000000,0.000000
744,1,0,1,0,1,1,0,0,0.000000,0.000000,0.000000,0.000000,0.000000,1,0,3.000000,0.000000
745,1,0,1,0,1,1,0,0,0.000000,0.000000,0.000000,0.000000,0.000000,1,0,3.000000,0.000000
746,1,0,1,0,1,1,0,0,0.000000,0.000000,0.000000,0.000000,0.000000,1,0,3.000000,0.000000
747,1,0,1,0,1,1,0,0,0.000000,0.000000,0.000000,0.000000,0.000000,1,0,3.000000,0.000000
748,1,0,1,0,1,1,0,0,0.000000,0.000000,0.000000,0.000000,0.000000,1,0,3.000000,0.000000
749,1,0,1,0,1,1,0,0,0.000000,0.000000,0.000000,0.000000,0.000000,1,0,3.000000,0.000000
750,1,0,1,0,1,1,0,0,0.000000,0.000000,0.000000,0.000000,0.000000,1,0,3.000000,0.000000
751,1,0,1,0,1,1,0,0,0.000000,0.000000,0.000000,0.000000,0.000000,1,0,3.000000,0.000000
752,1,0,1,0,1,1,0,0,0.000000,0.000000,0.000000,0.000000,0.000000,1,0,3.000000,0.000000
753,1,0,1,0,1,1,0,0,0.000000,0.000000,0.000000,0.000000,0.000000,1,0,3.000000,0.000000
754,1,0,1,0,1,1,0,0,0.000000,0.000000,0.000000,0.000000,0.000000,1,0,3.000000,0.000000
755,1,0,1,0,1,1,0,0,0.000000,0.000000,0.000000,0.000000,0.000000,1,0,3.000000,0.000000
756,1,0,1,0,1,1,0,0,0.000000,0.000000,0.000000,0.000000,0.000000,1,0,3.000000,0.000000
757,1,0,1,0,1,1,0,0,0.000000,0.000000,0.000000,0.000000,0.000000,1,0,3.000000,0.000000
758,1,0,1,0,1,1,0,0,0.000000,0.000000,0.000000,0.000000,0.000000,1,0,3.000000,0.000000
759,1,0,1,0,1,1,0,0,0.000000,0.000000,0.000000,0.000000,0.000000,1,0,3.000000,0.000000
760,1,0,1,0,1,1,0,0,0.000000,0.000000,0.000000,0.000000,0.000000,1,0,3.000000,0.000000
761,1,0,1,0,1,1,0,0,0.000000,0.000000,0.000000,0.000000,0.000000,1,0,3.000000,0.000000
762,1,0,1,0,1,1,0,0,0.000000,0.000000,0.000000,0.000000,0.000000,1,0,3.000000,0.000000
763,1,0,1,0,1,1,0,0,0.000000,0.000000,0.000000,0.000000,0.000000,1,0,3.000000,0.000000
764,1,0,1,0,1,1,0,0,0.000000,0.000000,0.000000,0.000000,0.000000,1,0,3.000000,0.000000
765,1,0,1,0,1,1,0,0,0.000000,0.000000,0.000000,0.000000,0.000000,1,0,3.000000,0.000000
766,22,0,1,0,1,1,0,0,0.000000,0.000000,0.000000,0.000000,0.000000,1,0,3.000000,0.000000
767,22,0,1,0,1,1,0,0,0.000000,0.000000,0.000000,0.000000,0.000000,1,0,3.000000,0.000000
768,2,0,1,0,1,1,0,0,0.000000,0.000000,0.000000,0.000000,0.000000,1,0,0.000000,0.000000
769,2,1,1,1,0,1,0,1,0.000000,0.000000,0.000000,0.000000,0.000000,1,0,0.000000,0.000000
770,2,1,1,1,0,1,0,1,0.000000,0.000000,0.000000,0.000000,0.000000,1,0,0.000000,0.000000
771,2,1,1,1,1,1,0,1,0.000000,0.000000,0.000000,0.000076,0.000000,1,0,0.000000,0.000000
772,2,1,1,1,1,1,0,1,0.000000,0.000000,0.000000,0.000076,0.000000,1,0,0.000000,0.000000
773,2,1,1,1,1,1,0,1,0.000000,0.000000,0.000000,0.000076,0.000000,1,0,0.000000,0.000000
774,2,1,1,1,1,1,0,1,0.000000,0.000000,0.000000,0.000076,0.000000,1,0,0.000000,0.000000
775,2,1,1,1,1,1,0,1,0.000000,0.000000,0.000000,0.000076,0.000000,1,0,0.000000,0.000000
776,2,1,1,1,1,1,0,1,0.000000,0.000000,0.000000,0.000076,0.000000,1,0,0.000000,0.000000
777,2,1,1,1,1,1,0,1,0.000000,0.000000,0.000000,0.000076,0.000000,1,0,0.000000,0.000000
778,2,1,1,1,1,1,0,1,0.000000,0.000000,0.000000,0.000076,0.000000,1,0,0.000000,0.000000
779,2,1,1,1,1,1,0,1,0.000000,0.000000,0.000000,0.000076,0.000000,1,0,0.000000,0.000000
780,2,1,1,1,1,1,0,1,0.000000,0.000000,0.000000,0.000076,0.000000,1,0,0.000000,0.000000
781,2,1,1,1,1,1,0,1,0.000000,0.000000,0.000000,0.000076,0.000000,1,0,0.000000,0.000000
782,2,1,1,1,1,1,0,1,0.000000,0.000000,0.000000,0.000076,0.000000,1,0,0.000000,0.000000
783,2,1,1,1,1,1,0,1,0.000000,0.000000,0.000000,0.000076,0.000000,1,0,0.000000,0.000000
784,2,1,1,1,1,1,0,1,0.000000,0.000000,0.000000,0.000076,0.000000,1,0,0.000000,0.000000
785,2,1,1,1,1,1,0,1,0.000000,0.000000,0.000000,0.000076,0.000000,1,0,0.000000,0.000000
786,2,1,1,1,1,1,0,1,0.000000,0.000000,0.000000,0.000076,0.000000,1,0,0.000000,0.000000
787,2,1,1,1,1,1,0,1,0.000000,0.000000,0.000000,0.000076,0.000000,1,0,0.000000,0.000000
788,2,1,1,1,1,1,0,1,0.000000,0.000000,0.000000,0.000076,0.000000,1,0,0.000000,0.000000
789,2,1,1,1,1,1,0,1,0.000000,0.000000,0.000000,0.000076,0.000000,1,0,0.000000,0.000000
790,2,1,1,1,1,1,0,1,0.000000,0.000000,0.000000,0.000076,0.000000,1,0,0.000000,0.000000
791,2,1,1,1,1,1,0,1,0.000000,0.000000,0.000000,0.000076,0.000000,1,0,0.000000,0.000000
792,2,1,1,1,1,1,0,1,0.000000,0.000000,0.000000,0.000076,0.000000,1,0,0.000000,0.000000
793,2,1,1,1,1,1,0,1,0.000000,0.000000,0.000000,0.000076,0.000000,1,0,0.000000,0.000000
794,2,1,1,1,1,1,0,1,0.000000,0.000000,0.000000,0.000076,0.000000,1,0,0.000000,0.000000
795,2,1,1,1,1,1,0,1,0.000000,0.000000,0.000000,0.000076,0.000000,1,0,0.000000,0.000000
796,2,1,1,1,1,1,0,1,0.000000,0.000000,0.000000,0.000076,0.000000,1,0,0.000000,0.000000
797,2,1,1,1,1,1,0,1,0.000000,0.000000,0.000000,0.000076,0.000000,1,0,0.000000,0.000000
798,2,1,1,1,1,1,0,1,0.000000,0.000000,0.000000,0.000076,0.000000,1,0,0.000000,0.000000
799,2,1,1,1,1,1,0,1,0.000000,0.000000,0.000000,0.000076,0.000000,1,0,0.000000,0.000000
800,2,1,1,1,1,1,0,1,0.000000,0.000000,0.000000,0.000076,0.000000,1,0,0.000000,0.000000
801,2,1,1,1,1,1,0,1,0.000000,0.000000,0.000000,0.000076,0.000000,1,0,0.000000,0.000000
802,2,1,1,1,1,1,0,1,0.000000,0.000000,0.000000,0.000076,0.000000,1,0,0.000000,0.000000
803,2,1,1,1,1,1,0,1,0.000000,0.000000,0.000000,0.000076,0.000000,1,0,0.000000,0.000000
804,2,1,1,1,1,1,0,1,0.000000,0.000000,0.000000,0.000076,0.000000,1,0,0.000000,0.000000
805,2,1,1,1,1,1,0,1,0.000000,0.000000,0.000000,0.000076,0.000000,1,0,0.000000,0.000000
806,2,1,1,1,1,1,0,1,0.000000,0.000000,0.000000,0.000076,0.000000,1,0,0.000000,0.000000
807,2,1,1,1,1,1,0,1,0.000000,0.000000,0.000000,0.000076,0.000000,1,0,0.000000,0.000000
808,2,1,1,1,1,1,0,1,0.000000,0.000000,0.000000,0.000076,0.000000,1,0,0.000000,0.000000
809,2,1,1,1,1,1,0,1,0.000000,0.000000,0.000000,0.000076,0.000000,1,0,0.000000,0.000000
810,2,1,1,1,1,1,0,1,0.000000,0.000000,0.000000,0.000076,0.000000,1,0,0.000000,0.000000
811,2,1,1,1,1,1,0,1,0.000000,0.000000,0.000000,0.000076,0.000000,1,0,0.000000,0.000000
812,2,1,1,1,1,1,0,1,0.000000,0.000000,0.000000,0.000076,0.000000,1,0,0.000000,0.000000
813,2,1,1,1,1,1,0,1,0.000000,0.000000,0.000000,0.000076,0.000000,1,0,0.000000,0.000000
814,2,1,1,1,1,1,0,1,0.000000,0.000000,0.000000,0.000076,0.000000,1,0,0.000000,0.000000
815,2,1,1,1,1,1,0,1,0.000000,0.000000,0.000000,0.000076,0.000000,1,0,0.000000,0.000000
816,2,1,1,1,1,1,0,1,0.000000,0.000000,0.000000,0.000076,0.000000,1,0,0.000000,0.000000
817,2,1,1,1,1,1,0,1,0.000000,0.000000,0.000000,0.000076,0.000000,1,0,0.000000,0.000000
818,2,1,1,1,1,1,0,1,0.000000,0.000000,0.000000,0.000076,0.000000,1,0,0.000000,0.000000
819,2,1,1,1,1,1,0,1,0.000000,0.000000,0.000000,0.000076,0.000000,1,0,0.000000,0.000000
820,2,1,1,1,1,1,0,1,0.000000,0.000000,0.000000,0.000076,0.000000,1,0,0.000000,0.000000
821,2,1,1,1,1,1,0,1,0.000000,0.000000,0.000000,0.000076,0.000000,1,0,0.000000,0.000000
822,2,1,1,1,1,1,0,1,0.000000,0.000000,0.000000,0.000076,0.000000,1,0,0.000000,0.000000
823,2,1,1,1,1,1,0,1,0.000000,0.000000,0.000000,0.000076,0.000000,1,0,0.000000,0.000000
824,2,1,1,1,1,1,0,1,0.000000,0.000000,0.000000,0.000076,0.000000,1,0,0.000000,0.000000
825,2,1,1,1,1,1,0,1,0.000000,0.000000,0.000000,0.000076,0.000000,1,0,0.000000,0.000000
826,2,1,1,1,1,1,0,1,0.000000,0.000000,0.000000,0.000076,0.000000,1,0,0.000000,0.000000
827,2,1,1,1,1,1,0,1,0.000000,0.000000,0.000000,0.000076,0.000000,1,0,0.000000,0.000000
828,2,1,1,1,1,1,0,1,0.000000,0.000000,0.000000,0.000076,0.000000,1,0,0.000000,0.000000
829,2,1,1,1,1,1,0,1,0.000000,0.000000,0.000000,0.000076,0.000000,1,0,0.000000,0.000000
830,2,1,1,1,1,1,0,1,0.000000,0.000000,0.000000,0.000076,0.000000,1,0,0.000000,0.000000
831,2,1,1,1,1,1,0,1,0.000000,0.000000,0.000000,0.000076,0.000000,1,0,0.000000,0.000000
832,2,1,1,1,1,1,0,1,0.000000,0.000000,0.000000,0.000076,0.000000,1,0,0.000000,0.000000
833,2,1,1,1,1,1,0,1,0.000000,0.000000,0.000000,0.000076,0.000000,1,0,0.000000,0.000000
834,2,1,1,1,1,1,0,1,0.000000,0.000000,0.000000,0.000076,0.000000,1,0,0.000000,0.000000
835,2,1,1,1,1,1,0,1,0.000000,0.000000,0.000000,0.000076,0.000000,1,0,0.000000,0.000000
836,2,1,1,1,1,1,0,1,0.000000,0.000000,0.000000,0.000076,0.000000,1,0,0.000000,0.000000
837,2,1,1,1,1,1,0,1,0.000000,0.000000,0.000000,0.000076,0.000000,1,0,0.000000,0.000000
838,2,1,1,1,1,1,0,1,0.000000,0.000000,0.000000,0.000076,0.000000,1,0,0.000000,0.000000
839,2,1,1,1,1,1,0,1,0.000000,0.000000,0.000000,0.000076,0.000000,1,0,0.000000,0.000000
840,2,1,1,1,1,1,0,1,0.000000,0.000000,0.000000,0.000076,0.000000,1,0,0.000000,0.000000
841,2,1,1,1,1,1,0,1,0.000000,0.000000,0.000000,0.000076,0.000000,1,0,0.000000,0.000000
842,2,1,1,1,1,1,0,1,0.000000,0.000000,0.000000,0.000076,0.000000,1,0,0.000000,0.000000
843,2,1,1,1,1,1,0,1,0.000000,0.000000,0.000000,0.000076,0.000000,1,0,0.000000,0.000000
844,3,1,1,1,1,1,0,1,0.000000,0.000000,0.000000,0.000076,0.000000,1,0,0.000000,0.000000
845,3,1,1,1,1,1,0,1,0.000000,0.000000,0.000000,0.000076,0.000000,1,0,0.000000,0.000000
846,3,1,1,1,1,1,0,1,0.000000,0.000000,0.000000,0.000076,0.000000,1,0,0.000000,0.000000
847,3,1,1,1,1,1,0,1,0.000000,0.000000,0.000000,0.000076,0.000000,1,0,0.000000,0.000000
848,3,1,1,1,1,1,0,1,0.000000,0.000000,0.000000,0.000076,0.000000,1,0,0.000000,0.000000
849,3,1,1,1,1,1,0,1,0.000000,0.000000,0.000000,0.000076,0.000000,1,0,0.000000,0.000000
850,3,1,1,1,1,1,0,1,0.000000,0.000000,0.000000,0.000076,0.000000,1,0,0.000000,0.000000
851,3,1,1,1,1,1,0,1,0.000000,0.000000,0.000000,0.000076,0.000000,1,0,0.000000,0.000000
852,3,1,1,1,1,1,0,1,0.000000,0.000000,0.000000,0.000076,0.000000,1,0,0.000000,0.000000
853,3,1,1,1,1,1,0,1,0.000000,0.000000,0.000000,0.000076,0.000000,1,0,0.000000,0.000000
854,3,1,1,1,1,1,0,1,0.000000,0.000000,0.000000,0.000076,0.000000,1,0,0.000000,0.000000
855,3,1,1,1,1,1,0,1,0.000000,0.000000,0.000000,0.000076,0.000000,1,0,0.000000,0.000000
856,3,1,1,1,1,1,0,1,0.000000,0.000000,0.000000,0.000076,0.000000,1,0,0.000000,0.000000
857,3,1,1,1,1,1,0,1,0.000000,0.000000,0.000000,0.000076,0.000000,1,0,0.000000,0.000000
858,3,1,1,1,1,1,0,1,0.000000,0.000000,0.000000,0.000076,0.000000,1,0,0.000000,0.000000
859,3,1,1,1,1,1,0,1,0.000000,0.000000,0.000000,0.000076,0.000000,1,0,0.000000,0.000000
860,3,1,1,1,1,1,0,1,0.000000,0.000000,0.000000,0.000076,0.000000,1,0,0.000000,0.000000
861,3,1,1,1,1,1,0,1,0.000000,0.000000,0.000000,0.000076,0.000000,1,0,0.000000,0.000000
862,3,1,1,1,1,1,0,1,0.000000,0.000000,0.000000,0.000076,0.000000,1,0,0.000000,0.000000
863,3,1,1,1,1,1,0,1,0.000000,0.000000,0.000000,0.000076,0.000000,1,0,0.000000,0.000000
864,3,1,1,1,1,1,0,1,0.000000,0.000000,0.000000,0.000076,0.000000,1,0,0.000000,0.000000
865,3,1,1,1,1,1,0,1,0.000000,0.000000,0.000000,0.000076,0.000000,1,0,0.000000,0.000000
866,3,1,1,1,1,1,0,1,0.000000,0.000000,0.000000,0.000076,0.000000,1,0,0.000000,0.000000
867,3,1,1,1,1,1,0,1,0.000000,0.000000,0.000000,0.000076,0.000000,1,0,0.000000,0.000000
868,3,1,1,1,1,1,0,1,0.000000,0.000000,0.000000,0.000076,0.000000,1,0,0.000000,0.000000
869,3,1,1,1,1,1,0,1,0.000000,0.000000,0.000000,0.000076,0.000000,1,0,0.000000,0.000000
870,3,1,1,1,1,1,0,1,0.000000,0.000000,0.000000,0.000076,0.000000,1,0,0.000000,0.000000
871,3,1,1,1,1,1,0,1,0.000000,0.000000,0.000000,0.000076,0.000000,1,0,0.000000,0.000000
872,3,1,1,1,1,1,0,1,0.000000,0.000000,0.000000,0.000076,0.000000,1,0,0.000000,0.000000
873,3,1,1,1,1,1,0,1,0.000000,0.000000,0.000000,0.000076,0.000000,1,0,0.000000,0.000000
874,3,1,1,1,1,1,0,1,0.000000,0.000000,0.000000,0.000076,0.000000,1,0,0.000000,0.000000
875,3,1,1,1,1,1,0,1,0.000000,0.000000,0.000000,0.000076,0.000000,1,0,0.000000,0.000000
876,3,1,1,1,1,1,0,1,0.000000,0.000000,0.000000,0.000076,0.000000,1,0,0.000000,0.000000
877,3,1,1,1,1,1,0,1,0.000000,0.000000,0.000000,0.000076,0.000000,1,0,0.000000,0.000000
878,3,1,1,1,1,1,0,1,0.000000,0.000000,0.000000,0.000076,0.000000,1,0,0.000000,0.000000
879,3,1,1,1,1,1,0,1,0.000000,0.000000,0.000000,0.000076,0.000000,1,0,0.000000,0.000000
880,3,1,1,1,1,1,0,1,0.000000,0.000000,0.000000,0.000076,0.000000,1,0,0.000000,0.000000
881,3,1,1,1,1,1,0,1,0.000000,0.000000,0.000000,0.000076,0.000000,1,0,0.000000,0.000000
882,3,1,1,1,1,1,0,1,0.000000,0.000000,0.000000,0.000076,0.000000,1,0,0.000000,0.000000
883,3,1,1,1,1,1,0,1,0.000000,0.000000,0.000000,0.000076,0.000000,1,0,0.000000,0.000000
884,3,1,1,1,1,1,0,1,0.000000,0.000000,0.000000,0.000076,0.000000,1,0,0.000000,0.000000
885,3,1,1,1,1,1,0,1,0.000000,0.000000,0.000000,0.000076,0.000000,1,0,0.000000,0.000000
886,3,1,1,1,1,1,0,1,0.000000,0.000000,0.000000,0.000076,0.000000,1,0,0.000000,0.000000
887,3,1,1,1,1,1,0,1,0.000000,0.000000,0.000000,0.000076,0.000000,1,0,0.000000,0.000000
888,3,1,1,1,1,1,0,1,0.000000,0.000000,0.000000,0.000076,0.000000,1,0,0.000000,0.000000
889,3,1,1,1,1,1,0,1,0.000000,0.000000,0.000000,0.000076,0.000000,1,0,0.000000,0.000000
890,3,1,1,1,1,1,0,1,0.000000,0.000000,0.000000,0.000076,0.000000,1,0,0.000000,0.000000
891,3,1,1,1,1,1,0,1,0.000000,0.000000,0.000000,0.000076,0.000000,1,0,0.000000,0.000000
892,3,1,1,1,1,1,0,1,0.000000,0.000000,0.000000,0.000076,0.000000,1,0,0.000000,0.000000
893,3,1,1,1,1,1,0,1,0.000000,0.000000,0.000000,0.000076,0.000000,1,0,0.000000,0.000000
894,3,1,1,1,1,1,0,1,0.000000,0.000000,0.000000,0.000076,0.000000,1,0,0.000000,0.000000
895,3,1,1,1,1,1,0,1,0.000000,0.000000,0.000000,0.000076,0.000000,1,0,0.000000,0.000000
896,3,1,1,1,1,1,0,1,0.000000,0.000000,0.000000,0.000076,0.000000,1,0,0.000000,0.000000
897,3,1,1,1,1,1,0,1,0.000000,0.000000,0.000000,0.000076,0.000000,1,0,0.000000,0.000000
898,3,1,1,1,1,1,0,1,0.000000,0.000000,0.000000,0.000076,0.000000,1,0,0.000000,0.000000
899,3,1,1,1,1,1,0,1,0.000000,0.000000,0.000000,0.000076,0.000000,1,0,0.000000,0.000000
900,3,1,1,1,1,1,0,1,0.000000,0.000000,0.000000,0.000076,0.000000,1,0,0.000000,0.000000
901,3,1,1,1,1,1,0,1,0.000000,0.000000,0.000000,0.000076,0.000000,1,0,0.000000,0.000000
902,3,1,1,1,1,1,0,1,0.000000,0.000000,0.000000,0.000076,0.000000,1,0,0.000000,0.000000
903,3,1,1,1,1,1,0,1,0.000000,0.000000,0.000000,0.000076,0.000000,1,0,0.000000,0.000000
904,3,1,1,1,1,1,0,1,0.000000,0.000000,0.000000,0.000076,0.000000,1,0,0.000000,0.000000
905,3,1,1,1,1,1,0,1,0.000000,0.000000,0.000000,0.000076,0.000000,1,0,0.000000,0.000000
906,3,1,1,1,1,1,0,1,0.000000,0.000000,0.000000,0.000076,0.000000,1,0,0.000000,0.000000
907,3,1,1,1,1,1,0,1,0.000000,0.000000,0.000000,0.000076,0.000000,1,0,0.000000,0.000000
908,3,1,1,1,1,1,0,1,0.000000,0.000000,0.000000,0.000076,0.000000,1,0,0.000000,0.000000
909,3,1,1,1,1,1,0,1,0.000000,0.000000,0.000000,0.000076,0.000000,1,0,0.000000,0.000000
910,3,1,1,1,1,1,0,1,0.000000,0.000000,0.000000,0.000076,0.000000,1,0,0.000000,0.000000
911,3,1,1,1,1,1,0,1,0.000000,0.000000,0.000000,0.000076,0.000000,1,0,0.000000,0.000000
912,3,1,1,1,1,1,0,1,0.000000,0.000000,0.000000,0.000076,0.000000,1,0,0.000000,0.000000
913,3,1,1,1,1,1,0,1,0.000000,0.000000,0.000000,0.000076,0.000000,1,0,0.000000,0.000000
914,3,1,1,1,1,1,0,1,0.000000,0.000000,0.000000,0.000076,0.000000,1,0,0.000000,0.000000
915,3,1,1,1,1,1,0,1,0.000000,0.000000,0.000000,0.000076,0.000000,1,0,0.000000,0.000000
916,3,1,1,1,1,1,0,1,0.000000,0.000000,0.000000,0.000076,0.000000,1,0,0.000000,0.000000
917,3,1,1,1,1,1,0,1,0.000000,0.000000,0.000000,0.000076,0.000000,1,0,0.000000,0.000000
918,3,1,1,1,1,1,0,1,0.000000,0.000000,0.000000,0.000076,0.000000,1,0,0.000000,0.000000
919,3,1,1,1,1,1,0,1,0.000000,0.000000,0.000000,0.000076,0.000000,1,0,0.000000,0.000000
920,3,1,1,1,1,1,0,1,0.000000,0.000000,0.000000,0.000076,0.000000,1,0,0.000000,0.000000
921,3,1,1,1,1,1,0,1,0.000000,0.000000,0.000000,0.000076,0.000000,1,0,0.000000,0.000000
922,3,1,1,1,1,1,0,1,0.000000,0.000000,0.000000,0.000076,0.000000,1,0,0.000000,0.000000
923,3,1,1,1,1,1,0,1,0.000000,0.000000,0.000000,0.000076,0.000000,1,0,0.000000,0.000000
924,3,1,1,1,1,1,0,1,0.000000,0.000000,0.000000,0.000076,0.000000,1,0,0.000000,0.000000
925,3,1,1,1,1,1,0,1,0.000000,0.000000,0.000000,0.000076,0.000000,1,0,0.000000,0.000000
926,3,1,1,1,1,1,0,1,0.000000,0.000000,0.000000,0.000076,0.000000,1,0,0.000000,0.000000
927,3,1,1,1,1,1,0,1,0.000000,0.000000,0.000000,0.000076,0.000000,1,0,0.000000,0.000000
928,3,1,1,1,1,1,0,1,0.000000,0.000000,0.000000,0.000076,0.000000,1,0,0.000000,0.000000
929,3,1,1,1,1,1,0,1,0.000000,0.000000,0.000000,0.000076,0.000000,1,0,0.000000,0.000000
930,3,1,1,1,1,1,0,1,0.000000,0.000000,0.000000,0.000076,0.000000,1,0,0.000000,0.000000
931,3,1,1,1,1,1,0,1,0.000000,0.000000,0.000000,0.000076,0.000000,1,0,0.000000,0.000000
932,3,1,1,1,1,1,0,1,0.000000,0.000000,0.000000,0.000076,0.000000,1,0,0.000000,0.000000
933,3,1,1,1,1,1,0,1,0.000000,0.000000,0.000000,0.000076,0.000000,1,0,0.000000,0.000000
934,4,1,1,1,1,1,0,1,0.000000,0.000000,0.000000,0.000076,0.000000,1,0,0.000000,0.000000
935,4,1,1,1,1,1,0,1,0.000000,0.000000,0.000000,0.000076,0.000000,1,0,0.000000,1.000000
936,4,1,1,1,1,1,0,1,0.000000,0.000000,0.000000,0.000076,0.000000,1,0,0.000000,1.000000
937,4,1,1,1,1,1,0,1,0.000000,0.000000,0.000000,0.000076,0.000000,1,0,0.000000,1.000000
938,4,1,1,1,1,1,0,1,0.000000,0.000000,0.000000,0.000076,0.000000,1,0,0.000000,1.000000
939,4,1,1,1,1,1,0,1,0.000000,0.000000,0.000000,0.000076,0.000000,1,0,0.000000,1.000000
940,4,1,1,1,1,1,0,1,0.000000,0.000000,0.000000,0.000076,0.000000,1,0,0.000000,1.000000
941,4,1,1,1,1,1,0,1,0.000000,0.000000,0.000000,0.000076,0.000000,1,0,0.000000,1.000000
942,4,1,1,1,1,1,0,1,0.000000,0.000000,0.000000,0.000076,0.000000,1,0,0.000000,1.000000
943,4,1,1,1,1,1,0,1,0.000000,0.000000,0.000000,0.000076,0.000000,1,0,0.000000,1.000000
944,4,1,1,1,1,1,0,1,0.000000,0.000000,0.000000,0.000076,0.000000,1,0,0.000000,1.000000
945,4,1,1,1,1,1,0,1,0.000000,0.000000,0.000000,0.000076,0.000000,1,0,0.000000,1.000000
946,4,1,1,1,1,1,0,1,0.000000,0.000000,0.000000,0.000076,0.000000,1,0,0.000000,1.000000
947,4,1,1,1,1,1,0,1,0.000000,0.000000,0.000000,0.000076,0.000000,1,0,0.000000,1.000000
948,4,1,1,1,1,1,0,1,0.000000,0.000000,0.000000,0.000076,0.000000,1,0,0.000000,1.000000
949,4,1,1,1,1,1,0,1,0.000000,0.000000,0.000000,0.000076,0.000000,1,0,0.000000,1.000000
950,4,1,1,1,1,1,0,1,0.000000,0.000000,0.000000,0.000076,0.000000,1,0,0.000000,1.000000
951,4,1,1,1,1,1,0,1,0.000000,0.000000,0.000000,0.000076,0.000000,1,0,0.000000,1.000000
952,5,1,1,1,1,1,0,1,0.000000,0.000000,0.000000,0.000076,0.000000,1,0,0.000000,1.000000
953,5,1,1,1,1,1,0,1,0.000000,0.000000,0.000000,0.000076,0.000000,1,0,0.000000,-1.000000
954,5,1,1,1,1,1,0,1,0.000000,0.000000,0.000000,0.000076,0.000000,1,0,0.000000,-1.000000
955,5,1,1,1,1,1,0,1,0.000000,0.000000,0.000000,0.000076,0.000000,1,0,0.000000,-1.000000
956,5,1,1,1,1,1,0,1,0.000000,0.000000,0.000000,0.000076,0.000000,1,0,0.000000,-1.000000
957,5,1,1,1,1,1,0,1,0.000000,0.000000,0.000000,0.000076,0.000000,1,0,0.000000,-1.000000
958,5,1,1,1,1,1,0,1,0.000000,0.000000,0.000000,0.000076,0.000000,1,0,0.000000,-1.000000
959,5,1,1,1,1,1,0,1,0.000000,0.000000,0.000000,0.000076,0.000000,1,0,0.000000,-1.000000
960,5,1,1,1,1,1,0,1,0.000000,0.000000,0.000000,0.000076,0.000000,1,0,0.000000,-1.000000
961,5,1,1,1,1,1,0,1,0.000000,0.000000,0.000000,0.000076,0.000000,1,0,0.000000,-1.000000
962,5,1,1,1,1,1,0,1,0.000000,0.000000,0.000000,0.000076,0.000000,1,0,0.000000,-1.000000
963,5,1,1,1,1,1,0,1,0.000000,0.000000,0.000000,0.000076,0.000000,1,0,0.000000,-1.000000
964,5,1,1,1,1,1,0,1,0.000000,0.000000,0.000000,0.000076,0.000000,1,0,0.000000,-1.000000
965,5,1,1,1,1,1,0,1,0.000000,0.000000,0.000000,0.000076,0.000000,1,0,0.000000,-1.000000
966,5,1,1,1,1,1,0,1,0.000000,0.000000,0.000000,0.000076,0.000000,1,0,0.000000,-1.000000
967,5,1,1,1,1,1,0,1,0.000000,0.000000,0.000000,0.000076,0.000000,1,0,0.000000,-1.000000
968,5,1,1,1,1,1,0,1,0.000000,0.000000,0.000000,0.000076,0.000000,1,0,0.000000,-1.000000
969,5,1,1,1,1,1,0,1,0.000000,0.000000,0.000000,0.000076,0.000000,1,0,0.000000,-1.000000
970,6,1,1,1,1,1,0,1,0.000000,0.000000,0.000000,0.000076,0.000000,1,0,0.000000,-1.000000
971,6,1,1,1,1,1,0,1,0.000000,0.000000,0.000000,0.000076,0.000000,1,0,0.000000,0.000000
972,6,1,1,1,1,1,0,1,0.000000,0.000000,0.000000,0.000076,0.000000,1,0,0.000000,0.000000
973,6,1,1,1,1,1,0,1,0.000000,0.000000,0.000000,0.000076,0.000000,1,0,0.000000,0.000000
974,6,1,1,1,1,1,0,1,0.000000,0.000000,0.000000,0.000076,0.000000,1,0,0.000000,0.000000
975,6,1,1,1,1,1,0,1,0.000000,0.000000,0.000000,0.000076,0.000000,1,0,0.000000,0.000000
976,6,1,1,1,1,1,0,1,0.000000,0.000000,0.000000,0.000076,0.000000,1,0,0.000000,0.000000
977,6,1,1,1,1,1,0,1,0.000000,0.000000,0.000000,0.000076,0.000000,1,0,0.000000,0.000000
978,6,1,1,1,1,1,0,1,0.000000,0.000000,0.000000,0.000076,0.000000,1,0,0.000000,0.000000
979,6,1,1,1,1,1,0,1,0.000000,0.000000,0.000000,0.000076,0.000000,1,0,0.000000,0.000000
980,6,1,1,1,1,1,0,1,0.000000,0.000000,0.000000,0.000076,0.000000,1,0,0.000000,0.000000
981,6,1,1,1,1,1,0,1,0.000000,0.000000,0.000000,0.000076,0.000000,1,0,0.000000,0.000000
982,6,1,1,1,1,1,0,1,0.000000,0.000000,0.000000,0.000076,0.000000,1,0,0.000000,0.000000
983,6,1,1,1,1,1,0,1,0.000000,0.000000,0.000000,0.000076,0.000000,1,0,0.000000,0.000000
984,6,1,1,1,1,1,0,1,0.000000,0.000000,0.000000,0.000076,0.000000,1,0,0.000000,0.000000
985,6,1,1,1,1,1,0,1,0.000000,0.000000,0.000000,0.000076,0.000000,1,0,0.000000,0.000000
986,6,1,1,1,1,1,0,1,0.000000,0.000000,0.000000,0.000076,0.000000,1,0,0.000000,0.000000
987,6,1,1,1,1,1,0,1,0.000000,0.000000,0.000000,0.000076,0.000000,1,0,0.000000,0.000000
988,6,1,1,1,1,1,0,1,0.000000,0.000000,0.000000,0.000076,0.000000,1,0,0.000000,0.000000
989,6,1,1,1,1,1,0,1,0.000000,0.000000,0.000000,0.000076,0.000000,1,0,0.000000,0.000000
990,6,1,1,1,1,1,0,1,0.000000,0.000000,0.000000,0.000076,0.000000,1,0,0.000000,0.000000
991,6,1,1,1,1,1,0,1,0.000000,0.000000,0.000000,0.000076,0.000000,1,0,0.000000,0.000000
992,6,1,1,1,1,1,0,1,0.000000,0.000000,0.000000,0.000076,0.000000,1,0,0.000000,0.000000
993,6,1,1,1,1,1,0,1,0.000000,0.000000,0.000000,0.000076,0.000000,1,0,0.000000,0.000000
994,6,1,1,1,1,1,0,1,0.000000,0.000000,0.000000,0.000076,0.000000,1,0,0.000000,0.000000
995,6,1,1,1,1,1,0,1,0.000000,0.000000,0.000000,0.000076,0.000000,1,0,0.000000,0.000000
996,6,1,1,1,1,1,0,1,0.000000,0.000000,0.000000,0.000076,0.000000,1,0,0.000000,0.000000
997,6,1,1,1,1,1,0,1,0.000000,0.000000,0.000000,0.000076,0.000000,1,0,0.000000,0.000000
998,6,1,1,1,1,1,0,1,0.000000,0.000000,0.000000,0.000076,0.000000,1,0,0.000000,0.000000
999,6,1,1,1,1,1,0,1,0.000000,0.000000,0.000000,0.000076,0.000000,1,0,0.000000,0.000000
1000,6,1,1,1,1,1,0,1,0.000000,0.000000,0.000000,0.000076,0.000000,1,0,0.000000,0.000000
1001,6,1,1,1,1,1,0,1,0.000000,0.000000,0.000000,0.000076,0.000000,1,0,0.000000,0.000000
1002,6,1,1,1,1,1,0,1,0.000000,0.000000,0.000000,0.000076,0.000000,1,0,0.000000,0.000000
1003,6,1,1,1,1,1,0,1,0.000000,0.000000,0.000000,0.000076,0.000000,1,0,0.000000,0.000000
1004,6,1,1,1,1,1,0,1,0.000000,0.000000,0.000000,0.000076,0.000000,1,0,0.000000,0.000000
1005,6,1,1,1,1,1,0,1,0.000000,0.000000,0.000000,0.000076,0.000000,1,0,0.000000,0.000000
1006,6,1,1,1,1,1,0,1,0.000000,0.000000,0.000000,0.000076,0.000000,1,0,0.000000,0.000000
1007,6,1,1,1,1,1,0,1,0.000000,0.000000,0.000000,0.000076,0.000000,1,0,0.000000,0.000000
1008,6,1,1,1,1,1,0,1,0.000000,0.000000,0.000000,0.000076,0.000000,1,0,0.000000,0.000000
1009,6,1,1,1,1,1,0,1,0.000000,0.000000,0.000000,0.000076,0.000000,1,0,0.000000,0.000000
1010,6,1,1,1,1,1,0,1,0.000000,0.000000,0.000000,0.000076,0.000000,1,0,0.000000,0.000000
1011,6,1,1,1,1,1,0,1,0.000000,0.000000,0.000000,0.000076,0.000000,1,0,0.000000,0.000000
1012,6,1,1,1,1,1,0,1,0.000000,0.000000,0.000000,0.000076,0.000000,1,0,0.000000,0.000000
1013,6,1,1,1,1,1,0,1,0.000000,0.000000,0.000000,0.000076,0.000000,1,0,0.000000,0.000000
1014,6,1,1,1,1,1,0,1,0.000000,0.000000,0.000000,0.000076,0.000000,1,0,0.000000,0.000000
1015,6,1,1,1,1,1,0,1,0.000000,0.000000,0.000000,0.000076,0.000000,1,0,0.000000,0.000000
1016,6,1,1,1,1,1,0,1,0.000000,0.000000,0.000000,0.000076,0.000000,1,0,0.000000,0.000000
1017,6,1,1,1,1,1,0,1,0.000000,0.000000,0.000000,0.000076,0.000000,1,0,0.000000,0.000000
1018,6,1,1,1,1,1,0,1,0.000000,0.000000,0.000000,0.000076,0.000000,1,0,0.000000,0.000000
1019,6,1,1,1,1,1,0,1,0.000000,0.000000,0.000000,0.000076,0.000000,1,0,0.000000,0.000000
1020,6,1,1,1,1,1,0,1,0.000000,0.000000,0.000000,0.000076,0.000000,1,0,0.000000,0.000000
1021,6,1,1,1,1,1,0,1,0.000000,0.000000,0.000000,0.000076,0.000000,1,0,0.000000,0.000000
1022,6,1,1,1,1,1,0,1,0.000000,0.000000,0.000000,0.000076,0.000000,1,0,0.000000,0.000000
1023,6,1,1,1,1,1,0,1,0.000000,0.000000,0.000000,0.000076,0.000000,1,0,0.000000,0.000000
1024,6,1,1,1,1,1,0,1,0.000000,0.000000,0.000000,0.000076,0.000000,1,0,0.000000,0.000000
1025,6,1,1,1,1,1,0,1,0.000000,0.000000,0.000000,0.000076,0.000000,1,0,0.000000,0.000000
1026,6,1,1,1,1,1,0,1,0.000000,0.000000,0.000000,0.000076,0.000000,1,0,0.000000,0.000000
1027,6,1,1,1,1,1,0,1,0.000000,0.000000,0.000000,0.000076,0.000000,1,0,0.000000,0.000000
1028,6,1,1,1,1,1,0,1,0.000000,0.000000,0.000000,0.000076,0.000000,1,0,0.000000,0.000000
1029,6,1,1,1,1,1,0,1,0.000000,0.000000,0.000000,0.000076,0.000000,1,0,0.000000,0.000000
1030,6,1,1,1,1,1,0,1,0.000000,0.000000,0.000000,0.000076,0.000000,1,0,0.000000,0.000000
1031,6,1,1,1,1,1,0,1,0.000000,0.000000,0.000000,0.000076,0.000000,1,0,0.000000,0.000000
1032,6,1,1,1,1,1,0,1,0.000000,0.000000,0.000000,0.000076,0.000000,1,0,0.000000,0.000000
1033,6,1,1,1,1,1,0,1,0.000000,0.000000,0.000000,0.000076,0.000000,1,0,0.000000,0.000000
1034,6,1,1,1,1,1,0,1,0.000000,0.000000,0.000000,0.000076,0.000000,1,0,0.000000,0.000000
1035,6,1,1,1,1,1,0,1,0.000000,0.000000,0.000000,0.000076,0.000000,1,0,0.000000,0.000000
1036,6,1,1,1,1,1,0,1,0.000000,0.000000,0.000000,0.000076,0.000000,1,0,0.000000,0.000000
1037,6,1,1,1,1,1,0,1,0.000000,0.000000,0.000000,0.000076,0.000000,1,0,0.000000,0.000000
1038,6,1,1,1,1,1,0,1,0.000000,0.000000,0.000000,0.000076,0.000000,1,0,0.000000,0.000000
1039,6,1,1,1,1,1,0,1,0.000000,0.000000,0.000000,0.000076,0.000000,1,0,0.000000,0.000000
1040,6,1,1,1,1,1,0,1,0.000000,0.000000,0.000000,0.000076,0.000000,1,0,0.000000,0.000000
1041,6,1,1,1,1,1,0,1,0.000000,0.000000,0.000000,0.000076,0.000000,1,0,0.000000,0.000000
1042,6,1,1,1,1,1,0,1,0.000000,0.000000,0.000000,0.000076,0.000000,1,0,0.000000,0.000000
1043,6,1,1,1,1,1,0,1,0.000000,0.000000,0.000000,0.000076,0.000000,1,0,0.000000,0.000000
1044,6,1,1,1,1,1,0,1,0.000000,0.000000,0.000000,0.000076,0.000000,1,0,0.000000,0.000000
1045,6,1,1,1,1,1,0,1,0.000000,0.000000,0.000000,0.000076,0.000000,1,0,0.000000,0.000000
1046,6,1,1,1,1,1,0,1,0.000000,0.000000,0.000000,0.000076,0.000000,1,0,0.000000,0.000000
1047,6,1,1,1,1,1,0,1,0.000000,0.000000,0.000000,0.000076,0.000000,1,0,0.000000,0.000000
1048,6,1,1,1,1,1,0,1,0.000000,0.000000,0.000000,0.000076,0.000000,1,0,0.000000,0.000000
1049,6,1,1,1,1,1,0,1,0.000000,0.000000,0.000000,0.000076,0.000000,1,0,0.000000,0.000000
1050,6,1,1,1,1,1,0,1,0.000000,0.000000,0.000000,0.000076,0.000000,1,0,0.000000,0.000000
1051,6,1,1,1,1,1,0,1,0.000000,0.000000,0.000000,0.000076,0.000000,1,0,0.000000,0.000000
1052,6,1,1,1,1,1,0,1,0.000000,0.000000,0.000000,0.000076,0.000000,1,0,0.000000,0.000000
1053,6,1,1,1,1,1,0,1,0.000000,0.000000,0.000000,0.000076,0.000000,1,0,0.000000,0.000000
1054,6,1,1,1,1,1,0,1,0.000000,0.000000,0.000000,0.000076,0.000000,1,0,0.000000,0.000000
1055,6,1,1,1,1,1,0,1,0.000000,0.000000,0.000000,0.000076,0.000000,1,0,0.000000,0.000000
1056,6,1,1,1,1,1,0,1,0.000000,0.000000,0.000000,0.000076,0.000000,1,0,0.000000,0.000000
1057,6,1,1,1,1,1,0,1,0.000000,0.000000,0.000000,0.000076,0.000000,1,0,0.000000,0.000000
1058,6,1,1,1,1,1,0,1,0.000000,0.000000,0.000000,0.000076,0.000000,1,0,0.000000,0.000000
1059,6,1,1,1,1,1,0,1,0.000000,0.000000,0.000000,0.000076,0.000000,1,0,0.000000,0.000000
1060,6,1,1,1,1,1,0,1,0.000000,0.000000,0.000000,0.000076,0.000000,1,0,0.000000,0.000000
1061,6,1,1,1,1,1,0,1,0.000000,0.000000,0.000000,0.000076,0.000000,1,0,0.000000,0.000000
1062,6,1,1,1,1,1,0,1,0.000000,0.000000,0.000000,0.000076,0.000000,1,0,0.000000,0.000000
1063,6,1,1,1,1,1,0,1,0.000000,0.000000,0.000000,0.000076,0.000000,1,0,0.000000,0.000000
1064,6,1,1,1,1,1,0,1,0.000000,0.000000,0.000000,0.000076,0.000000,1,0,0.000000,0.000000
1065,6,1,1,1,1,1,0,1,0.000000,0.000000,0.000000,0.000076,0.000000,1,0,0.000000,0.000000
1066,6,1,1,1,1,1,0,1,0.000000,0.000000,0.000000,0.000076,0.000000,1,0,0.000000,0.000000
1067,6,1,1,1,1,1,0,1,0.000000,0.000000,0.000000,0.000076,0.000000,1,0,0.000000,0.000000
1068,6,1,1,1,1,1,0,1,0.000000,0.000000,0.000000,0.000076,0.000000,1,0,0.000000,0.000000
1069,6,1,1,1,1,1,0,1,0.000000,0.000000,0.000000,0.000076,0.000000,1,0,0.000000,0.000000
1070,6,1,1,1,1,1,0,1,0.000000,0.000000,0.000000,0.000076,0.000000,1,0,0.000000,0.000000
1071,6,1,1,1,1,1,0,1,0.000000,0.000000,0.000000,0.000076,0.000000,1,0,0.000000,0.000000
1072,6,1,1,1,1,1,0,1,0.000000,0.000000,0.000000,0.000076,0.000000,1,0,0.000000,0.000000
1073,6,1,1,1,1,1,0,1,0.000000,0.000000,0.000000,0.000076,0.000000,1,0,0.000000,0.000000
1074,6,1,1,1,1,1,0,1,0.000000,0.000000,0.000000,0.000076,0.000000,1,0,0.000000,0.000000
1075,6,1,1,1,1,1,0,1,0.000000,0.000000,0.000000,0.000076,0.000000,1,0,0.000000,0.000000
1076,6,1,1,1,1,1,0,1,0.000000,0.000000,0.000000,0.000076,0.000000,1,0,0.000000,0.000000
1077,6,1,1,1,1,1,0,1,0.000000,0.000000,0.000000,0.000076,0.000000,1,0,0.000000,0.000000
1078,6,1,1,1,1,1,0,1,0.000000,0.000000,0.000000,0.000076,0.000000,1,0,0.000000,0.000000
1079,6,1,1,1,1,1,0,1,0.000000,0.000000,0.000000,0.000076,0.000000,1,0,0.000000,0.000000
1080,6,1,1,1,1,1,0,1,0.000000,0.000000,0.000000,0.000076,0.000000,1,0,0.000000,0.000000
1081,6,1,1,1,1,1,0,1,0.000000,0.000000,0.000000,0.000076,0.000000,1,0,0.000000,0.000000
1082,6,1,1,1,1,1,0,1,0.000000,0.000000,0.000000,0.000076,0.000000,1,0,0.000000,0.000000
1083,6,1,1,1,1,1,0,1,0.000000,0.000000,0.000000,0.000076,0.000000,1,0,0.000000,0.000000
1084,6,1,1,1,1,1,0,1,0.000000,0.000000,0.000000,0.000076,0.000000,1,0,0.000000,0.000000
1085,6,1,1,1,1,1,0,1,0.000000,0.000000,0.000000,0.000076,0.000000,1,0,0.000000,0.000000
1086,6,1,1,1,1,1,0,1,0.000000,0.000000,0.000000,0.000076,0.000000,1,0,0.000000,0.000000
1087,6,1,1,1,1,1,0,1,0.000000,0.000000,0.000000,0.000076,0.000000,1,0,0.000000,0.000000
1088,6,1,1,1,1,1,0,1,0.000000,0.000000,0.000000,0.000076,0.000000,1,0,0.000000,0.000000
1089,6,1,1,1,1,1,0,1,0.000000,0.000000,0.000000,0.000076,0.000000,1,0,0.000000,0.000000
1090,6,1,1,1,1,1,0,1,0.000000,0.000000,0.000000,0.000076,0.000000,1,0,0.000000,0.000000
1091,6,1,1,1,1,1,0,1,0.000000,0.000000,0.000000,0.000076,0.000000,1,0,0.000000,0.000000
1092,6,1,1,1,1,1,0,1,0.000000,0.000000,0.000000,0.000076,0.000000,1,0,0.000000,0.000000
1093,6,1,1,1,1,1,0,1,0.000000,0.000000,0.000000,0.000076,0.000000,1,0,0.000000,0.000000
1094,6,1,1,1,1,1,0,1,0.000000,0.000000,0.000000,0.000076,0.000000,1,0,0.000000,0.000000
1095,6,1,1,1,1,1,0,1,0.000000,0.000000,0.000000,0.000076,0.000000,1,0,0.000000,0.000000
1096,6,1,1,1,1,1,0,1,0.000000,0.000000,0.000000,0.000076,0.000000,1,0,0.000000,0.000000
1097,6,1,1,1,1,1,0,1,0.000000,0.000000,0.000000,0.000076,0.000000,1,0,0.000000,0.000000
1098,6,1,1,1,1,1,0,1,0.000000,0.000000,0.000000,0.000076,0.000000,1,0,0.000000,0.000000
1099,6,1,1,1,1,1,0,1,0.000000,0.000000,0.000000,0.000076,0.000000,1,0,0.000000,0.000000
1100,6,1,1,1,1,1,0,1,0.000000,0.000000,0.000000,0.000076,0.000000,1,0,0.000000,0.000000
1101,6,1,1,1,1,1,0,1,0.000000,0.000000,0.000000,0.000076,0.000000,1,0,0.000000,0.000000
1102,6,1,1,1,1,1,0,1,0.000000,0.000000,0.000000,0.000076,0.000000,1,0,0.000000,0.000000
1103,6,1,1,1,1,1,0,1,0.000000,0.000000,0.000000,0.000076,0.000000,1,0,0.000000,0.000000
1104,6,1,1,1,1,1,0,1,0.000000,0.000000,0.000000,0.000076,0.000000,1,0,0.000000,0.000000
1105,6,1,1,1,1,1,0,1,0.000000,0.000000,0.000000,0.000076,0.000000,1,0,0.000000,0.000000
1106,6,1,1,1,1,1,0,1,0.000000,0.000000,0.000000,0.000076,0.000000,1,0,0.000000,0.000000
1107,6,1,1,1,1,1,0,1,0.000000,0.000000,0.000000,0.000076,0.000000,1,0,0.000000,0.000000
1108,6,1,1,1,1,1,0,1,0.000000,0.000000,0.000000,0.000076,0.000000,1,0,0.000000,0.000000
1109,6,1,1,1,1,1,0,1,0.000000,0.000000,0.000000,0.000076,0.000000,1,0,0.000000,0.000000
1110,6,1,1,1,1,1,0,1,0.000000,0.000000,0.000000,0.000076,0.000000,1,0,0.000000,0.000000
1111,6,1,1,1,1,1,0,1,0.000000,0.000000,0.000000,0.000076,0.000000,1,0,0.000000,0.000000
1112,6,1,1,1,1,1,0,1,0.000000,0.000000,0.000000,0.000076,0.000000,1,0,0.000000,0.000000
1113,6,1,1,1,1,1,0,1,0.000000,0.000000,0.000000,0.000076,0.000000,1,0,0.000000,0.000000
1114,6,1,1,1,1,1,0,1,0.000000,0.000000,0.000000,0.000076,0.000000,1,0,0.000000,0.000000
1115,6,1,1,1,1,1,0,1,0.000000,0.000000,0.000000,0.000076,0.000000,1,0,0.000000,0.000000
1116,6,1,1,1,1,1,0,1,0.000000,0.000000,0.000000,0.000076,0.000000,1,0,0.000000,0.000000
1117,6,1,1,1,1,1,0,1,0.000000,0.000000,0.000000,0.000076,0.000000,1,0,0.000000,0.000000
1118,6,1,1,1,1,1,0,1,0.000000,0.000000,0.000000,0.000076,0.000000,1,0,0.000000,0.000000
1119,6,1,1,1,1,1,0,1,0.000000,0.000000,0.000000,0.000076,0.000000,1,0,0.000000,0.000000
1120,6,1,1,1,1,1,0,1,0.000000,0.000000,0.000000,0.000076,0.000000,1,0,0.000000,0.000000
1121,6,1,1,1,1,1,0,1,0.000000,0.000000,0.000000,0.000076,0.000000,1,0,0.000000,0.000000
1122,6,1,1,1,1,1,0,1,0.000000,0.000000,0.000000,0.000076,0.000000,1,0,0.000000,0.000000
1123,6,1,1,1,1,1,0,1,0.000000,0.000000,0.000000,0.000076,0.000000,1,0,0.000000,0.000000
1124,6,1,1,1,1,1,0,1,0.000000,0.000000,0.000000,0.000076,0.000000,1,0,0.000000,0.000000
1125,6,1,1,1,1,1,0,1,0.000000,0.000000,0.000000,0.000076,0.000000,1,0,0.000000,0.000000
1126,6,1,1,1,1,1,0,1,0.000000,0.000000,0.000000,0.000076,0.000000,1,0,0.000000,0.000000
1127,6,1,1,1,1,1,0,1,0.000000,0.000000,0.000000,0.000076,0.000000,1,0,0.000000,0.000000
1128,6,1,1,1,1,1,0,1,0.000000,0.000000,0.000000,0.000076,0.000000,1,0,0.000000,0.000000
1129,6,1,1,1,1,1,0,1,0.000000,0.000000,0.000000,0.000076,0.000000,1,0,0.000000,0.000000
1130,6,1,1,1,1,1,0,1,0.000000,0.000000,0.000000,0.000076,0.000000,1,0,0.000000,0.000000
1131,6,1,1,1,1,1,0,1,0.000000,0.000000,0.000000,0.000076,0.000000,1,0,0.000000,0.000000
1132,6,1,1,1,1,1,0,1,0.000000,0.000000,0.000000,0.000076,0.000000,1,0,0.000000,0.000000
1133,6,1,1,1,1,1,0,1,0.000000,0.000000,0.000000,0.000076,0.000000,1,0,0.000000,0.000000
1134,6,1,1,1,1,1,0,1,0.000000,0.000000,0.000000,0.000076,0.000000,1,0,0.000000,0.000000
1135,6,1,1,1,1,1,0,1,0.000000,0.000000,0.000000,0.000076,0.000000,1,0,0.000000,0.000000
1136,6,1,1,1,1,1,0,1,0.000000,0.000000,0.000000,0.000076,0.000000,1,0,0.000000,0.000000
1137,6,1,1,1,1,1,0,1,0.000000,0.000000,0.000000,0.000076,0.000000,1,0,0.000000,0.000000
1138,6,1,1,1,1,1,0,1,0.000000,0.000000,0.000000,0.000076,0.000000,1,0,0.000000,0.000000
1139,6,1,1,1,1,1,0,1,0.000000,0.000000,0.000000,0.000076,0.000000,1,0,0.000000,0.000000
1140,6,1,1,1,1,1,0,1,0.000000,0.000000,0.000000,0.000076,0.000000,1,0,0.000000,0.000000
1141,6,1,1,1,1,1,0,1,0.000000,0.000000,0.000000,0.000076,0.000000,1,0,0.000000,0.000000
1142,6,1,1,1,1,1,0,1,0.000000,0.000000,0.000000,0.000076,0.000000,1,0,0.000000,0.000000
1143,6,1,1,1,1,1,0,1,0.000000,0.000000,0.000000,0.000076,0.000000,1,0,0.000000,0.000000
1144,6,1,1,1,1,1,0,1,0.000000,0.000000,0.000000,0.000076,0.000000,1,0,0.000000,0.000000
1145,6,1,1,1,1,1,0,1,0.000000,0.000000,0.000000,0.000076,0.000000,1,0,0.000000,0.000000
1146,6,1,1,1,1,1,0,1,0.000000,0.000000,0.000000,0.000076,0.000000,1,0,0.000000,0.000000
1147,6,1,1,1,1,1,0,1,0.000000,0.000000,0.000000,0.000076,0.000000,1,0,0.000000,0.000000
1148,6,1,1,1,1,1,0,1,0.000000,0.000000,0.000000,0.000076,0.000000,1,0,0.000000,0.000000
1149,6,1,1,1,1,1,0,1,0.000000,0.000000,0.000000,0.000076,0.000000,1,0,0.000000,0.000000
1150,6,1,1,1,1,1,0,1,0.000000,0.000000,0.000000,0.000076,0.000000,1,0,0.000000,0.000000
1151,6,1,1,1,1,1,0,1,0.000000,0.000000,0.000000,0.000076,0.000000,1,0,0.000000,0.000000
1152,6,1,1,1,1,1,0,1,0.000000,0.000000,0.000000,0.000076,0.000000,1,0,0.000000,0.000000
1153,6,1,1,1,1,1,0,1,0.000000,0.000000,0.000000,0.000076,0.000000,1,0,0.000000,0.000000
1154,6,1,1,1,1,1,0,1,0.000000,0.000000,0.000000,0.000076,0.000000,1,0,0.000000,0.000000
1155,6,1,1,1,1,1,0,1,0.000000,0.000000,0.000000,0.000076,0.000000,1,0,0.000000,0.000000
1156,6,1,1,1,1,1,0,1,0.000000,0.000000,0.000000,0.000076,0.000000,1,0,0.000000,0.000000
1157,6,1,1,1,1,1,0,1,0.000000,0.000000,0.000000,0.000076,0.000000,1,0,0.000000,0.000000
1158,6,1,1,1,1,1,0,1,0.000000,0.000000,0.000000,0.000076,0.000000,1,0,0.000000,0.000000
1159,6,1,1,1,1,1,0,1,0.000000,0.000000,0.000000,0.000076,0.000000,1,0,0.000000,0.000000
1160,6,1,1,1,1,1,0,1,0.000000,0.000000,0.000000,0.000076,0.000000,1,0,0.000000,0.000000
1161,6,1,1,1,1,1,0,1,0.000000,0.000000,0.000000,0.000076,0.000000,1,0,0.000000,0.000000
1162,6,1,1,1,1,1,0,1,0.000000,0.000000,0.000000,0.000076,0.000000,1,0,0.000000,0.000000
1163,6,1,1,1,1,1,0,1,0.000000,0.000000,0.000000,0.000076,0.000000,1,0,0.000000,0.000000
1164,6,1,1,1,1,1,0,1,0.000000,0.000000,0.000000,0.000076,0.000000,1,0,0.000000,0.000000
1165,6,1,1,1,1,1,0,1,0.000000,0.000000,0.000000,0.000076,0.000000,1,0,0.000000,0.000000
1166,6,1,1,1,1,1,0,1,0.000000,0.000000,0.000000,0.000076,0.000000,1,0,0.000000,0.000000
1167,6,1,1,1,1,1,0,1,0.000000,0.000000,0.000000,0.000076,0.000000,1,0,0.000000,0.000000
1168,6,1,1,1,1,1,0,1,0.000000,0.000000,0.000000,0.000076,0.000000,1,0,0.000000,0.000000
1169,6,1,1,1,1,1,0,1,0.000000,0.000000,0.000000,0.000076,0.000000,1,0,0.000000,0.000000
1170,6,1,1,1,1,1,0,1,0.000000,0.000000,0.000000,0.000076,0.000000,1,0,0.000000,0.000000
1171,6,1,1,1,1,1,0,1,0.000000,0.000000,0.000000,0.000076,0.000000,1,0,0.000000,0.000000
1172,6,1,1,1,1,1,0,1,0.000000,0.000000,0.000000,0.000076,0.000000,1,0,0.000000,0.000000
1173,6,1,1,1,1,1,0,1,0.000000,0.000000,0.000000,0.000076,0.000000,1,0,0.000000,0.000000
1174,6,1,1,1,1,1,0,1,0.000000,0.000000,0.000000,0.000076,0.000000,1,0,0.000000,0.000000
1175,6,1,1,1,1,1,0,1,0.000000,0.000000,0.000000,0.000076,0.000000,1,0,0.000000,0.000000
1176,6,1,1,1,1,1,0,1,0.000000,0.000000,0.000000,0.000076,0.000000,1,0,0.000000,0.000000
1177,6,1,1,1,1,1,0,1,0.000000,0.000000,0.000000,0.000076,0.000000,1,0,0.000000,0.000000
1178,6,1,1,1,1,1,0,1,0.000000,0.000000,0.000000,0.000076,0.000000,1,0,0.000000,0.000000
1179,6,1,1,1,1,1,0,1,0.000000,0.000000,0.000000,0.000076,0.000000,1,0,0.000000,0.000000
1180,6,1,1,1,1,1,0,1,0.000000,0.000000,0.000000,0.000076,0.000000,1,0,0.000000,0.000000
1181,6,1,1,1,1,1,0,1,0.000000,0.000000,0.000000,0.000076,0.000000,1,0,0.000000,0.000000
1182,6,1,1,1,1,1,0,1,0.000000,0.000000,0.000000,0.000076,0.000000,1,0,0.000000,0.000000
1183,6,1,1,1,1,1,0,1,0.000000,0.000000,0.000000,0.000076,0.000000,1,0,0.000000,0.000000
1184,6,1,1,1,1,1,0,1,0.000000,0.000000,0.000000,0.000076,0.000000,1,0,0.000000,0.000000
1185,6,1,1,1,1,1,0,1,0.000000,0.000000,0.000000,0.000076,0.000000,1,0,0.000000,0.000000
1186,6,1,1,1,1,1,0,1,0.000000,0.000000,0.000000,0.000076,0.000000,1,0,0.000000,0.000000
1187,6,1,1,1,1,1,0,1,0.000000,0.000000,0.000000,0.000076,0.000000,1,0,0.000000,0.000000
1188,6,1,1,1,1,1,0,1,0.000000,0.000000,0.000000,0.000076,0.000000,1,0,0.000000,0.000000
1189,6,1,1,1,1,1,0,1,0.000000,0.000000,0.000000,0.000076,0.000000,1,0,0.000000,0.000000
1190,6,1,1,1,1,1,0,1,0.000000,0.000000,0.000000,0.000076,0.000000,1,0,0.000000,0.000000
1191,6,1,1,1,1,1,0,1,0.000000,0.000000,0.000000,0.000076,0.000000,1,0,0.000000,0.000000
1192,6,1,1,1,1,1,0,1,0.000000,0.000000,0.000000,0.000076,0.000000,1,0,0.000000,0.000000
1193,6,1,1,1,1,1,0,1,0.000000,0.000000,0.000000,0.000076,0.000000,1,0,0.000000,0.000000
1194,6,1,1,1,1,1,0,1,0.000000,0.000000,0.000000,0.000076,0.000000,1,0,0.000000,0.000000
1195,6,1,1,1,1,1,0,1,0.000000,0.000000,0.000000,0.000076,0.000000,1,0,0.000000,0.000000
1196,6,1,1,1,1,1,0,1,0.000000,0.000000,0.000000,0.000076,0.000000,1,0,0.000000,0.000000
1197,6,1,1,1,1,1,0,1,0.000000,0.000000,0.000000,0.000076,0.000000,1,0,0.000000,0.000000
1198,6,1,1,1,1,1,0,1,0.000000,0.000000,0.000000,0.000076,0.000000,1,0,0.000000,0.000000
1199,6,1,1,1,1,1,0,1,0.000000,0.000000,0.000000,0.000076,0.000000,1,0,0.000000,0.000000
1200,6,1,1,1,1,1,0,1,0.000000,0.000000,0.000000,0.000076,0.000000,1,0,0.000000,0.000000
1201,6,1,1,1,1,1,0,1,0.000000,0.000000,0.000000,0.000076,0.000000,1,0,0.000000,0.000000
1202,6,1,1,1,1,1,0,1,0.000000,0.000000,0.000000,0.000076,0.000000,1,0,0.000000,0.000000
1203,6,1,1,1,1,1,0,1,0.000000,0.000000,0.000000,0.000076,0.000000,1,0,0.000000,0.000000
1204,6,1,1,1,1,1,0,1,0.000000,0.000000,0.000000,0.000076,0.000000,1,0,0.000000,0.000000
1205,6,1,1,1,1,1,0,1,0.000000,0.000000,0.000000,0.000076,0.000000,1,0,0.000000,0.000000
1206,6,1,1,1,1,1,0,1,0.000000,0.000000,0.000000,0.000076,0.000000,1,0,0.000000,0.000000
1207,6,1,1,1,1,1,0,1,0.000000,0.000000,0.000000,0.000076,0.000000,1,0,0.000000,0.000000
1208,6,1,1,1,1,1,0,1,0.000000,0.000000,0.000000,0.000076,0.000000,1,0,0.000000,0.000000
1209,6,1,1,1,1,1,0,1,0.000000,0.000000,0.000000,0.000076,0.000000,1,0,0.000000,0.000000
1210,6,1,1,1,1,1,0,1,0.000000,0.000000,0.000000,0.000076,0.000000,1,0,0.000000,0.000000
1211,6,1,1,1,1,1,0,1,0.000000,0.000000,0.000000,0.000076,0.000000,1,0,0.000000,0.000000
1212,6,1,1,1,1,1,0,1,0.000000,0.000000,0.000000,0.000076,0.000000,1,0,0.000000,0.000000
1213,6,1,1,1,1,1,0,1,0.000000,0.000000,0.000000,0.000076,0.000000,1,0,0.000000,0.000000
1214,6,1,1,1,1,1,0,1,0.000000,0.000000,0.000000,0.000076,0.000000,1,0,0.000000,0.000000
1215,6,1,1,1,1,1,0,1,0.000000,0.000000,0.000000,0.000076,0.000000,1,0,0.000000,0.000000
1216,6,1,1,1,1,1,0,1,0.000000,0.000000,0.000000,0.000076,0.000000,1,0,0.000000,0.000000
1217,6,1,1,1,1,1,0,1,0.000000,0.000000,0.000000,0.000076,0.000000,1,0,0.000000,0.000000
1218,6,1,1,1,1,1,0,1,0.000000,0.000000,0.000000,0.000076,0.000000,1,0,0.000000,0.000000
1219,6,1,1,1,1,1,0,1,0.000000,0.000000,0.000000,0.000076,0.000000,1,0,0.000000,0.000000
1220,6,1,1,1,1,1,0,1,0.000000,0.000000,0.000000,0.000076,0.000000,1,0,0.000000,0.000000
1221,6,1,1,1,1,1,0,1,0.000000,0.000000,0.000000,0.000076,0.000000,1,0,0.000000,0.000000
1222,6,1,1,1,1,1,0,1,0.000000,0.000000,0.000000,0.000076,0.000000,1,0,0.000000,0.000000
1223,6,1,1,1,1,1,0,1,0.000000,0.000000,0.000000,0.000076,0.000000,1,0,0.000000,0.000000
1224,6,1,1,1,1,1,0,1,0.000000,0.000000,0.000000,0.000076,0.000000,1,0,0.000000,0.000000
1225,6,1,1,1,1,1,0,1,0.000000,0.000000,0.000000,0.000076,0.000000,1,0,0.000000,0.000000
1226,6,1,1,1,1,1,0,1,0.000000,0.000000,0.000000,0.000076,0.000000,1,0,0.000000,0.000000
1227,6,1,1,1,1,1,0,1,0.000000,0.000000,0.000000,0.000076,0.000000,1,0,0.000000,0.000000
1228,6,1,1,1,1,1,0,1,0.000000,0.000000,0.000000,0.000076,0.000000,1,0,0.000000,0.000000
1229,6,1,1,1,1,1,0,1,0.000000,0.000000,0.000000,0.000076,0.000000,1,0,0.000000,0.000000
1230,6,1,1,1,1,1,0,1,0.000000,0.000000,0.000000,0.000076,0.000000,1,0,0.000000,0.000000
1231,6,1,1,1,1,1,0,1,0.000000,0.000000,0.000000,0.000076,0.000000,1,0,0.000000,0.000000
1232,6,1,1,1,1,1,0,1,0.000000,0.000000,0.000000,0.000076,0.000000,1,0,0.000000,0.000000
1233,6,1,1,1,1,1,0,1,0.000000,0.000000,0.000000,0.000076,0.000000,1,0,0.000000,0.000000
1234,6,1,1,1,1,1,0,1,0.000000,0.000000,0.000000,0.000076,0.000000,1,0,0.000000,0.000000
1235,6,1,1,1,1,1,0,1,0.000000,0.000000,0.000000,0.000076,0.000000,1,0,0.000000,0.000000
1236,6,1,1,1,1,1,0,1,0.000000,0.000000,0.000000,0.000076,0.000000,1,0,0.000000,0.000000
1237,6,1,1,1,1,1,0,1,0.000000,0.000000,0.000000,0.000076,0.000000,1,0,0.000000,0.000000
1238,6,1,1,1,1,1,0,1,0.000000,0.000000,0.000000,0.000076,0.000000,1,0,0.000000,0.000000
1239,6,1,1,1,1,1,0,1,0.000000,0.000000,0.000000,0.000076,0.000000,1,0,0.000000,0.000000
1240,6,1,1,1,1,1,0,1,0.000000,0.000000,0.000000,0.000076,0.000000,1,0,0.000000,0.000000
1241,6,1,1,1,1,1,0,1,0.000000,0.000000,0.000000,0.000076,0.000000,1,0,0.000000,0.000000
1242,6,1,1,1,1,1,0,1,0.000000,0.000000,0.000000,0.000076,0.000000,1,0,0.000000,0.000000
1243,6,1,1,1,1,1,0,1,0.000000,0.000000,0.000000,0.000076,0.000000,1,0,0.000000,0.000000
1244,6,1,1,1,1,1,0,1,0.000000,0.000000,0.000000,0.000076,0.000000,1,0,0.000000,0.000000
1245,6,1,1,1,1,1,0,1,0.000000,0.000000,0.000000,0.000076,0.000000,1,0,0.000000,0.000000
1246,6,1,1,1,1,1,0,1,0.000000,0.000000,0.000000,0.000076,0.000000,1,0,0.000000,0.000000
1247,6,1,1,1,1,1,0,1,0.000000,0.000000,0.000000,0.000076,0.000000,1,0,0.000000,0.000000
1248,6,1,1,1,1,1,0,1,0.000000,0.000000,0.000000,0.000076,0.000000,1,0,0.000000,0.000000
1249,6,1,1,1,1,1,0,1,0.000000,0.000000,0.000000,0.000076,0.000000,1,0,0.000000,0.000000
1250,6,1,1,1,1,1,0,1,0.000000,0.000000,0.000000,0.000076,0.000000,1,0,0.000000,0.000000
1251,6,1,1,1,1,1,0,1,0.000000,0.000000,0.000000,0.000076,0.000000,1,0,0.000000,0.000000
1252,6,1,1,1,1,1,0,1,0.000000,0.000000,0.000000,0.000076,0.000000,1,0,0.000000,0.000000
1253,6,1,1,1,1,1,0,1,0.000000,0.000000,0.000000,0.000076,0.000000,1,0,0.000000,0.000000
1254,6,1,1,1,1,1,0,1,0.000000,0.000000,0.000000,0.000076,0.000000,1,0,0.000000,0.000000
1255,6,1,1,1,1,1,0,1,0.000000,0.000000,0.000000,0.000076,0.000000,1,0,0.000000,0.000000
1256,6,1,1,1,1,1,0,1,0.000000,0.000000,0.000000,0.000076,0.000000,1,0,0.000000,0.000000
1257,6,1,1,1,1,1,0,1,0.000000,0.000000,0.000000,0.000076,0.000000,1,0,0.000000,0.000000
1258,6,1,1,1,1,1,0,1,0.000000,0.000000,0.000000,0.000076,0.000000,1,0,0.000000,0.000000
1259,6,1,1,1,1,1,0,1,0.000000,0.000000,0.000000,0.000076,0.000000,1,0,0.000000,0.000000
1260,6,1,1,1,1,1,0,1,0.000000,0.000000,0.000000,0.000076,0.000000,1,0,0.000000,0.000000
1261,6,1,1,1,1,1,0,1,0.000000,0.000000,0.000000,0.000076,0.000000,1,0,0.000000,0.000000
1262,6,1,1,1,1,1,0,1,0.000000,0.000000,0.000000,0.000076,0.000000,1,0,0.000000,0.000000
1263,6,1,1,1,1,1,0,1,0.000000,0.000000,0.000000,0.000076,0.000000,1,0,0.000000,0.000000
1264,6,1,1,1,1,1,0,1,0.000000,0.000000,0.000000,0.000076,0.000000,1,0,0.000000,0.000000
1265,6,1,1,1,1,1,0,1,0.000000,0.000000,0.000000,0.000076,0.000000,1,0,0.000000,0.000000
1266,6,1,1,1,1,1,0,1,0.000000,0.000000,0.000000,0.000076,0.000000,1,0,0.000000,0.000000
1267,6,1,1,1,1,1,0,1,0.000000,0.000000,0.000000,0.000076,0.000000,1,0,0.000000,0.000000
1268,6,1,1,1,1,1,0,1,0.000000,0.000000,0.000000,0.000076,0.000000,1,0,0.000000,0.000000
1269,6,1,1,1,1,1,0,1,0.000000,0.000000,0.000000,0.000076,0.000000,1,0,0.000000,0.000000
1270,6,1,1,1,1,1,0,1,0.000000,0.000000,0.000000,0.000076,0.000000,1,0,0.000000,0.000000
1271,6,1,1,1,1,1,0,1,0.000000,0.000000,0.000000,0.000076,0.000000,1,0,0.000000,0.000000
1272,6,1,1,1,1,1,0,1,0.000000,0.000000,0.000000,0.000076,0.000000,1,0,0.000000,0.000000
1273,6,1,1,1,1,1,0,1,0.000000,0.000000,0.000000,0.000076,0.000000,1,0,0.000000,0.000000
1274,6,1,1,1,1,1,0,1,0.000000,0.000000,0.000000,0.000076,0.000000,1,0,0.000000,0.000000
1275,6,1,1,1,1,1,0,1,0.000000,0.000000,0.000000,0.000076,0.000000,1,0,0.000000,0.000000
1276,6,1,1,1,1,1,0,1,0.000000,0.000000,0.000000,0.000076,0.000000,1,0,0.000000,0.000000
1277,6,1,1,1,1,1,0,1,0.000000,0.000000,0.000000,0.000076,0.000000,1,0,0.000000,0.000000
1278,6,1,1,1,1,1,0,1,0.000000,0.000000,0.000000,0.000076,0.000000,1,0,0.000000,0.000000
1279,6,1,1,1,1,1,0,1,0.000000,0.000000,0.000000,0.000076,0.000000,1,0,0.000000,0.000000
1280,6,1,1,1,1,1,0,1,0.000000,0.000000,0.000000,0.000076,0.000000,1,0,0.000000,0.000000
1281,6,1,1,1,1,1,0,1,0.000000,0.000000,0.000000,0.000076,0.000000,1,0,0.000000,0.000000
1282,6,1,1,1,1,1,0,1,0.000000,0.000000,0.000000,0.000076,0.000000,1,0,0.000000,0.000000
1283,6,1,1,1,1,1,0,1,0.000000,0.000000,0.000000,0.000076,0.000000,1,0,0.000000,0.000000
1284,6,1,1,1,1,1,0,1,0.000000,0.000000,0.000000,0.000076,0.000000,1,0,0.000000,0.000000
1285,6,1,1,1,1,1,0,1,0.000000,0.000000,0.000000,0.000076,0.000000,1,0,0.000000,0.000000
1286,6,1,1,1,1,1,0,1,0.000000,0.000000,0.000000,0.000076,0.000000,1,0,0.000000,0.000000
1287,6,1,1,1,1,1,0,1,0.000000,0.000000,0.000000,0.000076,0.000000,1,0,0.000000,0.000000
1288,6,1,1,1,1,1,0,1,0.000000,0.000000,0.000000,0.000076,0.000000,1,0,0.000000,0.000000
1289,6,1,1,1,1,1,0,1,0.000000,0.000000,0.000000,0.000076,0.000000,1,0,0.000000,0.000000
1290,6,1,1,1,1,1,0,1,0.000000,0.000000,0.000000,0.000076,0.000000,1,0,0.000000,0.000000
1291,6,1,1,1,1,1,0,1,0.000000,0.000000,0.000000,0.000076,0.000000,1,0,0.000000,0.000000
1292,6,1,1,1,1,1,0,1,0.000000,0.000000,0.000000,0.000076,0.000000,1,0,0.000000,0.000000
1293,6,1,1,1,1,1,0,1,0.000000,0.000000,0.000000,0.000076,0.000000,1,0,0.000000,0.000000
1294,6,1,1,1,1,1,0,1,0.000000,0.000000,0.000000,0.000076,0.000000,1,0,0.000000,0.000000
1295,6,1,1,1,1,1,0,1,0.000000,0.000000,0.000000,0.000076,0.000000,1,0,0.000000,0.000000
1296,6,1,1,1,1,1,0,1,0.000000,0.000000,0.000000,0.000076,0.000000,1,0,0.000000,0.000000
1297,6,1,1,1,1,1,0,1,0.000000,0.000000,0.000000,0.000076,0.000000,1,0,0.000000,0.000000
1298,6,1,1,1,1,1,0,1,0.000000,0.000000,0.000000,0.000076,0.000000,1,0,0.000000,0.000000
1299,6,1,1,1,1,1,0,1,0.000000,0.000000,0.000000,0.000076,0.000000,1,0,0.000000,0.000000
1300,6,1,1,1,1,1,0,1,0.000000,0.000000,0.000000,0.000076,0.000000,1,0,0.000000,0.000000
1301,6,1,1,1,1,1,0,1,0.000000,0.000000,0.000000,0.000076,0.000000,1,0,0.000000,0.000000
1302,6,1,1,1,1,1,0,1,0.000000,0.000000,0.000000,0.000076,0.000000,1,0,0.000000,0.000000
1303,6,1,1,1,1,1,0,1,0.000000,0.000000,0.000000,0.000076,0.000000,1,0,0.000000,0.000000
1304,6,1,1,1,1,1,0,1,0.000000,0.000000,0.000000,0.000076,0.000000,1,0,0.000000,0.000000
1305,6,1,1,1,1,1,0,1,0.000000,0.000000,0.000000,0.000076,0.000000,1,0,0.000000,0.000000
1306,6,1,1,1,1,1,0,1,0.000000,0.000000,0.000000,0.000076,0.000000,1,0,0.000000,0.000000
1307,6,1,1,1,1,1,0,1,0.000000,0.000000,0.000000,0.000076,0.000000,1,0,0.000000,0.000000
1308,6,1,1,1,1,1,0,1,0.000000,0.000000,0.000000,0.000076,0.000000,1,0,0.000000,0.000000
1309,6,1,1,1,1,1,0,1,0.000000,0.000000,0.000000,0.000076,0.000000,1,0,0.000000,0.000000
1310,6,1,1,1,1,1,0,1,0.000000,0.000000,0.000000,0.000076,0.000000,1,0,0.000000,0.000000
1311,6,1,1,1,1,1,0,1,0.000000,0.000000,0.000000,0.000076,0.000000,1,0,0.000000,0.000000
1312,6,1,1,1,1,1,0,1,0.000000,0.000000,0.000000,0.000076,0.000000,1,0,0.000000,0.000000
1313,6,1,1,1,1,1,0,1,0.000000,0.000000,0.000000,0.000076,0.000000,1,0,0.000000,0.000000
1314,6,1,1,1,1,1,0,1,0.000000,0.000000,0.000000,0.000076,0.000000,1,0,0.000000,0.000000
1315,6,1,1,1,1,1,0,1,0.000000,0.000000,0.000000,0.000076,0.000000,1,0,0.000000,0.000000
1316,6,1,1,1,1,1,0,1,0.000000,0.000000,0.000000,0.000076,0.000000,1,0,0.000000,0.000000
1317,6,1,1,1,1,1,0,1,0.000000,0.000000,0.000000,0.000076,0.000000,1,0,0.000000,0.000000
1318,6,1,1,1,1,1,0,1,0.000000,0.000000,0.000000,0.000076,0.000000,1,0,0.000000,0.000000
1319,6,1,1,1,1,1,0,1,0.000000,0.000000,0.000000,0.000076,0.000000,1,0,0.000000,0.000000
1320,6,1,1,1,1,1,0,1,0.000000,0.000000,0.000000,0.000076,0.000000,1,0,0.000000,0.000000
1321,6,1,1,1,1,1,0,1,0.000000,0.000000,0.000000,0.000076,0.000000,1,0,0.000000,0.000000
1322,6,1,1,1,1,1,0,1,0.000000,0.000000,0.000000,0.000076,0.000000,1,0,0.000000,0.000000
1323,6,1,1,1,1,1,0,1,0.000000,0.000000,0.000000,0.000076,0.000000,1,0,0.000000,0.000000
1324,6,1,1,1,1,1,0,1,0.000000,0.000000,0.000000,0.000076,0.000000,1,0,0.000000,0.000000
1325,6,1,1,1,1,1,0,1,0.000000,0.000000,0.000000,0.000076,0.000000,1,0,0.000000,0.000000
1326,6,1,1,1,1,1,0,1,0.000000,0.000000,0.000000,0.000076,0.000000,1,0,0.000000,0.000000
1327,6,1,1,1,1,1,0,1,0.000000,0.000000,0.000000,0.000076,0.000000,1,0,0.000000,0.000000
1328,6,1,1,1,1,1,0,1,0.000000,0.000000,0.000000,0.000076,0.000000,1,0,0.000000,0.000000
1329,6,1,1,1,1,1,0,1,0.000000,0.000000,0.000000,0.000076,0.000000,1,0,0.000000,0.000000
1330,6,1,1,1,1,1,0,1,0.000000,0.000000,0.000000,0.000076,0.000000,1,0,0.000000,0.000000
1331,6,1,1,1,1,1,0,1,0.000000,0.000000,0.000000,0.000076,0.000000,1,0,0.000000,0.000000
1332,6,1,1,1,1,1,0,1,0.000000,0.000000,0.000000,0.000076,0.000000,1,0,0.000000,0.000000
1333,6,1,1,1,1,1,0,1,0.000000,0.000000,0.000000,0.000076,0.000000,1,0,0.000000,0.000000
1334,6,1,1,1,1,1,0,1,0.000000,0.000000,0.000000,0.000076,0.000000,1,0,0.000000,0.000000
1335,6,1,1,1,1,1,0,1,0.000000,0.000000,0.000000,0.000076,0.000000,1,0,0.000000,0.000000
1336,6,1,1,1,1,1,0,1,0.000000,0.000000,0.000000,0.000076,0.000000,1,0,0.000000,0.000000
1337,6,1,1,1,1,1,0,1,0.000000,0.000000,0.000000,0.000076,0.000000,1,0,0.000000,0.000000
1338,6,1,1,1,1,1,0,1,0.000000,0.000000,0.000000,0.000076,0.000000,1,0,0.000000,0.000000
1339,6,1,1,1,1,1,0,1,0.000000,0.000000,0.000000,0.000076,0.000000,1,0,0.000000,0.000000
1340,6,1,1,1,1,1,0,1,0.000000,0.000000,0.000000,0.000076,0.000000,1,0,0.000000,0.000000
1341,6,1,1,1,1,1,0,1,0.000000,0.000000,0.000000,0.000076,0.000000,1,0,0.000000,0.000000
1342,6,1,1,1,1,1,0,1,0.000000,0.000000,0.000000,0.000076,0.000000,1,0,0.000000,0.000000
1343,6,1,1,1,1,1,0,1,0.000000,0.000000,0.000000,0.000076,0.000000,1,0,0.000000,0.000000
1344,6,1,1,1,1,1,0,1,0.000000,0.000000,0.000000,0.000076,0.000000,1,0,0.000000,0.000000
1345,6,1,1,1,1,1,0,1,0.000000,0.000000,0.000000,0.000076,0.000000,1,0,0.000000,0.000000
1346,6,1,1,1,1,1,0,1,0.000000,0.000000,0.000000,0.000076,0.000000,1,0,0.000000,0.000000
1347,6,1,1,1,1,1,0,1,0.000000,0.000000,0.000000,0.000076,0.000000,1,0,0.000000,0.000000
1348,6,1,1,1,1,1,0,1,0.000000,0.000000,0.000000,0.000076,0.000000,1,0,0.000000,0.000000
1349,6,1,1,1,1,1,0,1,0.000000,0.000000,0.000000,0.000076,0.000000,1,0,0.000000,0.000000
1350,6,1,1,1,1,1,0,1,0.000000,0.000000,0.000000,0.000076,0.000000,1,0,0.000000,0.000000
1351,6,1,1,1,1,1,0,1,0.000000,0.000000,0.000000,0.000076,0.000000,1,0,0.000000,0.000000
1352,6,1,1,1,1,1,0,1,0.000000,0.000000,0.000000,0.000076,0.000000,1,0,0.000000,0.000000
1353,6,1,1,1,1,1,0,1,0.000000,0.000000,0.000000,0.000076,0.000000,1,0,0.000000,0.000000
1354,6,1,1,1,1,1,0,1,0.000000,0.000000,0.000000,0.000076,0.000000,1,0,0.000000,0.000000
1355,6,1,1,1,1,1,0,1,0.000000,0.000000,0.000000,0.000076,0.000000,1,0,0.000000,0.000000
1356,6,1,1,1,1,1,0,1,0.000000,0.000000,0.000000,0.000076,0.000000,1,0,0.000000,0.000000
1357,6,1,1,1,1,1,0,1,0.000000,0.000000,0.000000,0.000076,0.000000,1,0,0.000000,0.000000
1358,6,1,1,1,1,1,0,1,0.000000,0.000000,0.000000,0.000076,0.000000,1,0,0.000000,0.000000
1359,6,1,1,1,1,1,0,1,0.000000,0.000000,0.000000,0.000076,0.000000,1,0,0.000000,0.000000
1360,6,1,1,1,1,1,0,1,0.000000,0.000000,0.000000,0.000076,0.000000,1,0,0.000000,0.000000
1361,6,1,1,1,1,1,0,1,0.000000,0.000000,0.000000,0.000076,0.000000,1,0,0.000000,0.000000
1362,6,1,1,1,1,1,0,1,0.000000,0.000000,0.000000,0.000076,0.000000,1,0,0.000000,0.000000
1363,6,1,1,1,1,1,0,1,0.000000,0.000000,0.000000,0.000076,0.000000,1,0,0.000000,0.000000
1364,6,1,1,1,1,1,0,1,0.000000,0.000000,0.000000,0.000076,0.000000,1,0,0.000000,0.000000
1365,6,1,1,1,1,1,0,1,0.000000,0.000000,0.000000,0.000076,0.000000,1,0,0.000000,0.000000
1366,6,1,1,1,1,1,0,1,0.000000,0.000000,0.000000,0.000076,0.000000,1,0,0.000000,0.000000
1367,6,1,1,1,1,1,0,1,0.000000,0.000000,0.000000,0.000076,0.000000,1,0,0.000000,0.000000
1368,6,1,1,1,1,1,0,1,0.000000,0.000000,0.000000,0.000076,0.000000,1,0,0.000000,0.000000
1369,6,1,1,1,1,1,0,1,0.000000,0.000000,0.000000,0.000076,0.000000,1,0,0.000000,0.000000
1370,6,1,1,1,1,1,0,1,0.000000,0.000000,0.000000,0.000076,0.000000,1,0,0.000000,0.000000
1371,6,1,1,1,1,1,0,1,0.000000,0.000000,0.000000,0.000076,0.000000,1,0,0.000000,0.000000
1372,6,1,1,1,1,1,0,1,0.000000,0.000000,0.000000,0.000076,0.000000,1,0,0.000000,0.000000
1373,6,1,1,1,1,1,0,1,0.000000,0.000000,0.000000,0.000076,0.000000,1,0,0.000000,0.000000
1374,6,1,1,1,1,1,0,1,0.000000,0.000000,0.000000,0.000076,0.000000,1,0,0.000000,0.000000
1375,6,1,1,1,1,1,0,1,0.000000,0.000000,0.000000,0.000076,0.000000,1,0,0.000000,0.000000
1376,6,1,1,1,1,1,0,1,0.000000,0.000000,0.000000,0.000076,0.000000,1,0,0.000000,0.000000
1377,6,1,1,1,1,1,0,1,0.000000,0.000000,0.000000,0.000076,0.000000,1,0,0.000000,0.000000
1378,6,1,1,1,1,1,0,1,0.000000,0.000000,0.000000,0.000076,0.000000,1,0,0.000000,0.000000
1379,6,1,1,1,1,1,0,1,0.000000,0.000000,0.000000,0.000076,0.000000,1,0,0.000000,0.000000
1380,6,1,1,1,1,1,0,1,0.000000,0.000000,0.000000,0.000076,0.000000,1,0,0.000000,0.000000
1381,6,1,1,1,1,1,0,1,0.000000,0.000000,0.000000,0.000076,0.000000,1,0,0.000000,0.000000
1382,6,1,1,1,1,1,0,1,0.000000,0.000000,0.000000,0.000076,0.000000,1,0,0.000000,0.000000
1383,6,1,1,1,1,1,0,1,0.000000,0.000000,0.000000,0.000076,0.000000,1,0,0.000000,0.000000
1384,6,1,1,1,1,1,0,1,0.000000,0.000000,0.000000,0.000076,0.000000,1,0,0.000000,0.000000
1385,6,1,1,1,1,1,0,1,0.000000,0.000000,0.000000,0.000076,0.000000,1,0,0.000000,0.000000
1386,6,1,1,1,1,1,0,1,0.000000,0.000000,0.000000,0.000076,0.000000,1,0,0.000000,0.000000
1387,6,1,1,1,1,1,0,1,0.000000,0.000000,0.000000,0.000076,0.000000,1,0,0.000000,0.000000
1388,6,1,1,1,1,1,0,1,0.000000,0.000000,0.000000,0.000076,0.000000,1,0,0.000000,0.000000
1389,6,1,1,1,1,1,0,1,0.000000,0.000000,0.000000,0.000076,0.000000,1,0,0.000000,0.000000
1390,6,1,1,1,1,1,0,1,0.000000,0.000000,0.000000,0.000076,0.000000,1,0,0.000000,0.000000
1391,6,1,1,1,1,1,0,1,0.000000,0.000000,0.000000,0.000076,0.000000,1,0,0.000000,0.000000
1392,6,1,1,1,1,1,0,1,0.000000,0.000000,0.000000,0.000076,0.000000,1,0,0.000000,0.000000
1393,6,1,1,1,1,1,0,1,0.000000,0.000000,0.000000,0.000076,0.000000,1,0,0.000000,0.000000
1394,6,1,1,1,1,1,0,1,0.000000,0.000000,0.000000,0.000076,0.000000,1,0,0.000000,0.000000
1395,6,1,1,1,1,1,0,1,0.000000,0.000000,0.000000,0.000076,0.000000,1,0,0.000000,0.000000
1396,6,1,1,1,1,1,0,1,0.000000,0.000000,0.000000,0.000076,0.000000,1,0,0.000000,0.000000
1397,6,1,1,1,1,1,0,1,0.000000,0.000000,0.000000,0.000076,0.000000,1,0,0.000000,0.000000
1398,6,1,1,1,1,1,0,1,0.000000,0.000000,0.000000,0.000076,0.000000,1,0,0.000000,0.000000
1399,6,1,1,1,1,1,0,1,0.000000,0.000000,0.000000,0.000076,0.000000,1,0,0.000000,0.000000
1400,6,1,1,1,1,1,0,1,0.000000,0.000000,0.000000,0.000076,0.000000,1,0,0.000000,0.000000
1401,6,1,1,1,1,1,0,1,0.000000,0.000000,0.000000,0.000076,0.000000,1,0,0.000000,0.000000
1402,6,1,1,1,1,1,0,1,0.000000,0.000000,0.000000,0.000076,0.000000,1,0,0.000000,0.000000
1403,6,1,1,1,1,1,0,1,0.000000,0.000000,0.000000,0.000076,0.000000,1,0,0.000000,0.000000
1404,6,1,1,1,1,1,0,1,0.000000,0.000000,0.000000,0.000076,0.000000,1,0,0.000000,0.000000
1405,7,1,1,1,1,1,0,1,0.000000,0.000000,0.000000,0.000076,0.000000,1,0,0.000000,0.000000
1406,7,1,1,1,1,1,0,1,0.000000,0.000000,0.000000,0.000076,0.000000,1,0,0.000000,0.000000
1407,7,1,1,1,1,1,0,1,0.000000,0.000000,0.000000,0.000076,0.000000,1,0,0.000000,0.000000
1408,7,1,1,1,1,1,0,1,0.000000,0.000000,0.000000,0.000076,0.000000,1,0,0.000000,0.000000
1409,7,1,1,1,1,1,0,1,0.000000,0.000000,0.000000,0.000076,0.000000,1,0,0.000000,0.000000
1410,7,1,1,1,1,1,0,1,0.000000,0.000000,0.000000,0.000076,0.000000,1,0,0.000000,0.000000
1411,7,1,1,1,1,1,0,1,0.000000,0.000000,0.000000,0.000076,0.000000,1,0,0.000000,0.000000
1412,7,1,1,1,1,1,0,1,0.000000,0.000000,0.000000,0.000076,0.000000,1,0,0.000000,0.000000
1413,7,1,1,1,1,1,0,1,0.000000,0.000000,0.000000,0.000076,0.000000,1,0,0.000000,0.000000
1414,7,1,1,1,1,1,0,1,0.000000,0.000000,0.000000,0.000076,0.000000,1,0,0.000000,0.000000
1415,7,1,1,1,1,1,0,1,0.000000,0.000000,0.000000,0.000076,0.000000,1,0,0.000000,0.000000
1416,7,1,1,1,1,1,0,1,0.000000,0.000000,0.000000,0.000076,0.000000,1,0,0.000000,0.000000
1417,7,1,1,1,1,1,0,1,0.000000,0.000000,0.000000,0.000076,0.000000,1,0,0.000000,0.000000
1418,7,1,1,1,1,1,0,1,0.000000,0.000000,0.000000,0.000076,0.000000,1,0,0.000000,0.000000
1419,7,1,1,1,1,1,0,1,0.000000,0.000000,0.000000,0.000076,0.000000,1,0,0.000000,0.000000
1420,7,1,1,0,0,1,0,1,0.000000,0.000000,0.000000,0.000000,0.000000,1,0,0.000000,0.000000
1421,7,1,1,0,0,1,0,0,0.000000,0.000000,0.000000,0.000000,0.000000,0,0,0.000000,0.000000
1422,7,1,1,0,1,1,0,0,0.000000,0.000000,0.000000,0.000000,0.000000,0,0,0.000000,0.000000
