frame,view,aa,requested_aa,screen_percentage,temporal_upsampling,dynamic_res,gi,reflections,vsm,nanite,ray_tracing,tsr_supported,external_upscaler,width,height
0,0,4,4,100.00,1,0,1,1,1,1,0,1,0,1280,720
0,0,4,4,100.00,1,0,1,1,1,1,0,1,0,1280,720
0,0,4,4,100.00,1,0,1,1,1,1,0,1,0,1280,720
0,0,4,4,100.00,1,0,1,1,1,1,0,1,0,1280,720
1,0,4,4,100.00,1,0,1,1,1,1,0,1,0,1280,720
2,0,4,4,100.00,1,0,1,1,1,1,0,1,0,1280,720
3,0,4,4,100.00,1,0,1,1,1,1,0,1,0,1280,720
4,0,4,4,100.00,1,0,1,1,1,1,0,1,0,1280,720
5,0,4,4,100.00,1,0,1,1,1,1,0,1,0,1280,720
6,0,4,4,100.00,1,0,1,1,1,1,0,1,0,1280,720
7,0,4,4,100.00,1,0,1,1,1,1,0,1,0,1280,720
8,0,4,4,100.00,1,0,1,1,1,1,0,1,0,1280,720
9,0,4,4,100.00,1,0,1,1,1,1,0,1,0,1280,720
10,0,4,4,100.00,1,0,1,1,1,1,0,1,0,1280,720
11,0,4,4,100.00,1,0,1,1,1,1,0,1,0,1280,720
12,0,4,4,100.00,1,0,1,1,1,1,0,1,0,1280,720
13,0,4,4,100.00,1,0,1,1,1,1,0,1,0,1280,720
14,0,4,4,100.00,1,0,1,1,1,1,0,1,0,1280,720
15,0,4,4,100.00,1,0,1,1,1,1,0,1,0,1280,720
16,0,4,4,100.00,1,0,1,1,1,1,0,1,0,1280,720
17,0,4,4,100.00,1,0,1,1,1,1,0,1,0,1280,720
18,0,4,4,100.00,1,0,1,1,1,1,0,1,0,1280,720
19,0,4,4,100.00,1,0,1,1,1,1,0,1,0,1280,720
20,0,4,4,100.00,1,0,1,1,1,1,0,1,0,1280,720
21,0,4,4,100.00,1,0,1,1,1,1,0,1,0,1280,720
22,0,4,4,100.00,1,0,1,1,1,1,0,1,0,1280,720
23,0,4,4,100.00,1,0,1,1,1,1,0,1,0,1280,720
24,0,4,4,100.00,1,0,1,1,1,1,0,1,0,1280,720
25,0,4,4,100.00,1,0,1,1,1,1,0,1,0,1280,720
26,0,4,4,100.00,1,0,1,1,1,1,0,1,0,1280,720
27,0,4,4,100.00,1,0,1,1,1,1,0,1,0,1280,720
28,0,4,4,100.00,1,0,1,1,1,1,0,1,0,1280,720
29,0,4,4,100.00,1,0,1,1,1,1,0,1,0,1280,720
30,0,4,4,100.00,1,0,1,1,1,1,0,1,0,1280,720
31,0,4,4,100.00,1,0,1,1,1,1,0,1,0,1280,720
32,0,4,4,100.00,1,0,1,1,1,1,0,1,0,1280,720
33,0,4,4,100.00,1,0,1,1,1,1,0,1,0,1280,720
34,0,4,4,100.00,1,0,1,1,1,1,0,1,0,1280,720
35,0,4,4,100.00,1,0,1,1,1,1,0,1,0,1280,720
36,0,4,4,100.00,1,0,1,1,1,1,0,1,0,1280,720
37,0,4,4,100.00,1,0,1,1,1,1,0,1,0,1280,720
38,0,4,4,100.00,1,0,1,1,1,1,0,1,0,1280,720
39,0,4,4,100.00,1,0,1,1,1,1,0,1,0,1280,720
40,0,4,4,100.00,1,0,1,1,1,1,0,1,0,1280,720
41,0,4,4,100.00,1,0,1,1,1,1,0,1,0,1280,720
42,0,4,4,100.00,1,0,1,1,1,1,0,1,0,1280,720
43,0,4,4,100.00,1,0,1,1,1,1,0,1,0,1280,720
44,0,4,4,100.00,1,0,1,1,1,1,0,1,0,1280,720
45,0,4,4,100.00,1,0,1,1,1,1,0,1,0,1280,720
46,0,4,4,100.00,1,0,1,1,1,1,0,1,0,1280,720
47,0,4,4,100.00,1,0,1,1,1,1,0,1,0,1280,720
48,0,4,4,100.00,1,0,1,1,1,1,0,1,0,1280,720
49,0,4,4,100.00,1,0,1,1,1,1,0,1,0,1280,720
50,0,4,4,100.00,1,0,1,1,1,1,0,1,0,1280,720
51,0,4,4,100.00,1,0,1,1,1,1,0,1,0,1280,720
52,0,4,4,100.00,1,0,1,1,1,1,0,1,0,1280,720
53,0,4,4,100.00,1,0,1,1,1,1,0,1,0,1280,720
54,0,4,4,100.00,1,0,1,1,1,1,0,1,0,1280,720
55,0,4,4,100.00,1,0,1,1,1,1,0,1,0,1280,720
56,0,4,4,100.00,1,0,1,1,1,1,0,1,0,1280,720
57,0,4,4,100.00,1,0,1,1,1,1,0,1,0,1280,720
58,0,4,4,100.00,1,0,1,1,1,1,0,1,0,1280,720
59,0,4,4,100.00,1,0,1,1,1,1,0,1,0,1280,720
60,0,4,4,100.00,1,0,1,1,1,1,0,1,0,1280,720
61,0,4,4,100.00,1,0,1,1,1,1,0,1,0,1280,720
62,0,4,4,100.00,1,0,1,1,1,1,0,1,0,1280,720
63,0,4,4,100.00,1,0,1,1,1,1,0,1,0,1280,720
64,0,4,4,100.00,1,0,1,1,1,1,0,1,0,1280,720
65,0,4,4,100.00,1,0,1,1,1,1,0,1,0,1280,720
66,0,4,4,100.00,1,0,1,1,1,1,0,1,0,1280,720
67,0,4,4,100.00,1,0,1,1,1,1,0,1,0,1280,720
68,0,4,4,100.00,1,0,1,1,1,1,0,1,0,1280,720
69,0,4,4,100.00,1,0,1,1,1,1,0,1,0,1280,720
70,0,4,4,100.00,1,0,1,1,1,1,0,1,0,1280,720
71,0,4,4,100.00,1,0,1,1,1,1,0,1,0,1280,720
72,0,4,4,100.00,1,0,1,1,1,1,0,1,0,1280,720
73,0,4,4,100.00,1,0,1,1,1,1,0,1,0,1280,720
74,0,4,4,100.00,1,0,1,1,1,1,0,1,0,1280,720
75,0,4,4,100.00,1,0,1,1,1,1,0,1,0,1280,720
76,0,4,4,100.00,1,0,1,1,1,1,0,1,0,1280,720
77,0,4,4,100.00,1,0,1,1,1,1,0,1,0,1280,720
78,0,4,4,100.00,1,0,1,1,1,1,0,1,0,1280,720
79,0,4,4,100.00,1,0,1,1,1,1,0,1,0,1280,720
80,0,4,4,100.00,1,0,1,1,1,1,0,1,0,1280,720
81,0,4,4,100.00,1,0,1,1,1,1,0,1,0,1280,720
82,0,4,4,100.00,1,0,1,1,1,1,0,1,0,1280,720
83,0,4,4,100.00,1,0,1,1,1,1,0,1,0,1280,720
84,0,4,4,100.00,1,0,1,1,1,1,0,1,0,1280,720
85,0,4,4,100.00,1,0,1,1,1,1,0,1,0,1280,720
86,0,4,4,100.00,1,0,1,1,1,1,0,1,0,1280,720
87,0,4,4,100.00,1,0,1,1,1,1,0,1,0,1280,720
88,0,4,4,100.00,1,0,1,1,1,1,0,1,0,1280,720
89,0,4,4,100.00,1,0,1,1,1,1,0,1,0,1280,720
90,0,4,4,100.00,1,0,1,1,1,1,0,1,0,1280,720
91,0,4,4,100.00,1,0,1,1,1,1,0,1,0,1280,720
92,0,4,4,100.00,1,0,1,1,1,1,0,1,0,1280,720
93,0,4,4,100.00,1,0,1,1,1,1,0,1,0,1280,720
94,0,4,4,100.00,1,0,1,1,1,1,0,1,0,1280,720
95,0,4,4,100.00,1,0,1,1,1,1,0,1,0,1280,720
96,0,4,4,100.00,1,0,1,1,1,1,0,1,0,1280,720
97,0,4,4,100.00,1,0,1,1,1,1,0,1,0,1280,720
98,0,4,4,100.00,1,0,1,1,1,1,0,1,0,1280,720
99,0,4,4,100.00,1,0,1,1,1,1,0,1,0,1280,720
100,0,4,4,100.00,1,0,1,1,1,1,0,1,0,1280,720
101,0,4,4,100.00,1,0,1,1,1,1,0,1,0,1280,720
102,0,4,4,100.00,1,0,1,1,1,1,0,1,0,1280,720
103,0,4,4,100.00,1,0,1,1,1,1,0,1,0,1280,720
104,0,4,4,100.00,1,0,1,1,1,1,0,1,0,1280,720
105,0,4,4,100.00,1,0,1,1,1,1,0,1,0,1280,720
106,0,4,4,100.00,1,0,1,1,1,1,0,1,0,1280,720
107,0,4,4,100.00,1,0,1,1,1,1,0,1,0,1280,720
108,0,4,4,100.00,1,0,1,1,1,1,0,1,0,1280,720
109,0,4,4,100.00,1,0,1,1,1,1,0,1,0,1280,720
110,0,4,4,100.00,1,0,1,1,1,1,0,1,0,1280,720
111,0,4,4,100.00,1,0,1,1,1,1,0,1,0,1280,720
112,0,4,4,100.00,1,0,1,1,1,1,0,1,0,1280,720
113,0,4,4,100.00,1,0,1,1,1,1,0,1,0,1280,720
114,0,4,4,100.00,1,0,1,1,1,1,0,1,0,1280,720
115,0,4,4,100.00,1,0,1,1,1,1,0,1,0,1280,720
116,0,4,4,100.00,1,0,1,1,1,1,0,1,0,1280,720
117,0,4,4,100.00,1,0,1,1,1,1,0,1,0,1280,720
118,0,4,4,100.00,1,0,1,1,1,1,0,1,0,1280,720
119,0,4,4,100.00,1,0,1,1,1,1,0,1,0,1280,720
120,0,4,4,100.00,1,0,1,1,1,1,0,1,0,1280,720
121,0,4,4,100.00,1,0,1,1,1,1,0,1,0,1280,720
122,0,4,4,100.00,1,0,1,1,1,1,0,1,0,1280,720
123,0,4,4,100.00,1,0,1,1,1,1,0,1,0,1280,720
124,0,4,4,100.00,1,0,1,1,1,1,0,1,0,1280,720
125,0,4,4,100.00,1,0,1,1,1,1,0,1,0,1280,720
126,0,4,4,100.00,1,0,1,1,1,1,0,1,0,1280,720
127,0,4,4,100.00,1,0,1,1,1,1,0,1,0,1280,720
128,0,4,4,100.00,1,0,1,1,1,1,0,1,0,1280,720
129,0,4,4,100.00,1,0,1,1,1,1,0,1,0,1280,720
130,0,4,4,100.00,1,0,1,1,1,1,0,1,0,1280,720
131,0,4,4,100.00,1,0,1,1,1,1,0,1,0,1280,720
132,0,4,4,100.00,1,0,1,1,1,1,0,1,0,1280,720
133,0,4,4,100.00,1,0,1,1,1,1,0,1,0,1280,720
134,0,4,4,100.00,1,0,1,1,1,1,0,1,0,1280,720
135,0,4,4,100.00,1,0,1,1,1,1,0,1,0,1280,720
136,0,4,4,100.00,1,0,1,1,1,1,0,1,0,1280,720
137,0,4,4,100.00,1,0,1,1,1,1,0,1,0,1280,720
138,0,4,4,100.00,1,0,1,1,1,1,0,1,0,1280,720
139,0,4,4,100.00,1,0,1,1,1,1,0,1,0,1280,720
140,0,4,4,100.00,1,0,1,1,1,1,0,1,0,1280,720
141,0,4,4,100.00,1,0,1,1,1,1,0,1,0,1280,720
142,0,4,4,100.00,1,0,1,1,1,1,0,1,0,1280,720
143,0,4,4,100.00,1,0,1,1,1,1,0,1,0,1280,720
144,0,4,4,100.00,1,0,1,1,1,1,0,1,0,1280,720
145,0,4,4,100.00,1,0,1,1,1,1,0,1,0,1280,720
146,0,4,4,100.00,1,0,1,1,1,1,0,1,0,1280,720
147,0,4,4,100.00,1,0,1,1,1,1,0,1,0,1280,720
148,0,4,4,100.00,1,0,1,1,1,1,0,1,0,1280,720
149,0,4,4,100.00,1,0,1,1,1,1,0,1,0,1280,720
150,0,4,4,100.00,1,0,1,1,1,1,0,1,0,1280,720
151,0,4,4,100.00,1,0,1,1,1,1,0,1,0,1280,720
152,0,4,4,100.00,1,0,1,1,1,1,0,1,0,1280,720
153,0,4,4,100.00,1,0,1,1,1,1,0,1,0,1280,720
154,0,4,4,100.00,1,0,1,1,1,1,0,1,0,1280,720
155,0,4,4,100.00,1,0,1,1,1,1,0,1,0,1280,720
156,0,4,4,100.00,1,0,1,1,1,1,0,1,0,1280,720
157,0,4,4,100.00,1,0,1,1,1,1,0,1,0,1280,720
158,0,4,4,100.00,1,0,1,1,1,1,0,1,0,1280,720
159,0,4,4,100.00,1,0,1,1,1,1,0,1,0,1280,720
160,0,4,4,100.00,1,0,1,1,1,1,0,1,0,1280,720
161,0,4,4,100.00,1,0,1,1,1,1,0,1,0,1280,720
162,0,4,4,100.00,1,0,1,1,1,1,0,1,0,1280,720
163,0,4,4,100.00,1,0,1,1,1,1,0,1,0,1280,720
164,0,4,4,100.00,1,0,1,1,1,1,0,1,0,1280,720
165,0,4,4,100.00,1,0,1,1,1,1,0,1,0,1280,720
166,0,4,4,100.00,1,0,1,1,1,1,0,1,0,1280,720
167,0,4,4,100.00,1,0,1,1,1,1,0,1,0,1280,720
168,0,4,4,100.00,1,0,1,1,1,1,0,1,0,1280,720
169,0,4,4,100.00,1,0,1,1,1,1,0,1,0,1280,720
170,0,4,4,100.00,1,0,1,1,1,1,0,1,0,1280,720
171,0,4,4,100.00,1,0,1,1,1,1,0,1,0,1280,720
172,0,4,4,100.00,1,0,1,1,1,1,0,1,0,1280,720
173,0,4,4,100.00,1,0,1,1,1,1,0,1,0,1280,720
174,0,4,4,100.00,1,0,1,1,1,1,0,1,0,1280,720
175,0,4,4,100.00,1,0,1,1,1,1,0,1,0,1280,720
176,0,4,4,100.00,1,0,1,1,1,1,0,1,0,1280,720
177,0,4,4,100.00,1,0,1,1,1,1,0,1,0,1280,720
178,0,4,4,100.00,1,0,1,1,1,1,0,1,0,1280,720
179,0,4,4,100.00,1,0,1,1,1,1,0,1,0,1280,720
180,0,4,4,100.00,1,0,1,1,1,1,0,1,0,1280,720
181,0,4,4,100.00,1,0,1,1,1,1,0,1,0,1280,720
182,0,4,4,100.00,1,0,1,1,1,1,0,1,0,1280,720
183,0,4,4,100.00,1,0,1,1,1,1,0,1,0,1280,720
184,0,4,4,100.00,1,0,1,1,1,1,0,1,0,1280,720
185,0,4,4,100.00,1,0,1,1,1,1,0,1,0,1280,720
186,0,4,4,100.00,1,0,1,1,1,1,0,1,0,1280,720
187,0,4,4,100.00,1,0,1,1,1,1,0,1,0,1280,720
188,0,4,4,100.00,1,0,1,1,1,1,0,1,0,1280,720
189,0,4,4,100.00,1,0,1,1,1,1,0,1,0,1280,720
190,0,4,4,100.00,1,0,1,1,1,1,0,1,0,1280,720
191,0,4,4,100.00,1,0,1,1,1,1,0,1,0,1280,720
192,0,4,4,100.00,1,0,1,1,1,1,0,1,0,1280,720
193,0,4,4,100.00,1,0,1,1,1,1,0,1,0,1280,720
194,0,4,4,100.00,1,0,1,1,1,1,0,1,0,1280,720
195,0,4,4,100.00,1,0,1,1,1,1,0,1,0,1280,720
196,0,4,4,100.00,1,0,1,1,1,1,0,1,0,1280,720
197,0,4,4,100.00,1,0,1,1,1,1,0,1,0,1280,720
198,0,4,4,100.00,1,0,1,1,1,1,0,1,0,1280,720
199,0,4,4,100.00,1,0,1,1,1,1,0,1,0,1280,720
200,0,4,4,100.00,1,0,1,1,1,1,0,1,0,1280,720
201,0,4,4,100.00,1,0,1,1,1,1,0,1,0,1280,720
202,0,4,4,100.00,1,0,1,1,1,1,0,1,0,1280,720
203,0,4,4,100.00,1,0,1,1,1,1,0,1,0,1280,720
204,0,4,4,100.00,1,0,1,1,1,1,0,1,0,1280,720
205,0,4,4,100.00,1,0,1,1,1,1,0,1,0,1280,720
206,0,4,4,100.00,1,0,1,1,1,1,0,1,0,1280,720
207,0,4,4,100.00,1,0,1,1,1,1,0,1,0,1280,720
208,0,4,4,100.00,1,0,1,1,1,1,0,1,0,1280,720
209,0,4,4,100.00,1,0,1,1,1,1,0,1,0,1280,720
210,0,4,4,100.00,1,0,1,1,1,1,0,1,0,1280,720
211,0,4,4,100.00,1,0,1,1,1,1,0,1,0,1280,720
212,0,4,4,100.00,1,0,1,1,1,1,0,1,0,1280,720
213,0,4,4,100.00,1,0,1,1,1,1,0,1,0,1280,720
214,0,4,4,100.00,1,0,1,1,1,1,0,1,0,1280,720
215,0,4,4,100.00,1,0,1,1,1,1,0,1,0,1280,720
216,0,4,4,100.00,1,0,1,1,1,1,0,1,0,1280,720
217,0,4,4,100.00,1,0,1,1,1,1,0,1,0,1280,720
218,0,4,4,100.00,1,0,1,1,1,1,0,1,0,1280,720
219,0,4,4,100.00,1,0,1,1,1,1,0,1,0,1280,720
220,0,4,4,100.00,1,0,1,1,1,1,0,1,0,1280,720
221,0,4,4,100.00,1,0,1,1,1,1,0,1,0,1280,720
222,0,4,4,100.00,1,0,1,1,1,1,0,1,0,1280,720
223,0,4,4,100.00,1,0,1,1,1,1,0,1,0,1280,720
224,0,4,4,100.00,1,0,1,1,1,1,0,1,0,1280,720
225,0,4,4,100.00,1,0,1,1,1,1,0,1,0,1280,720
226,0,4,4,100.00,1,0,1,1,1,1,0,1,0,1280,720
227,0,4,4,100.00,1,0,1,1,1,1,0,1,0,1280,720
228,0,4,4,100.00,1,0,1,1,1,1,0,1,0,1280,720
229,0,4,4,100.00,1,0,1,1,1,1,0,1,0,1280,720
230,0,4,4,100.00,1,0,1,1,1,1,0,1,0,1280,720
231,0,4,4,100.00,1,0,1,1,1,1,0,1,0,1280,720
232,0,4,4,100.00,1,0,1,1,1,1,0,1,0,1280,720
233,0,4,4,100.00,1,0,1,1,1,1,0,1,0,1280,720
234,0,4,4,100.00,1,0,1,1,1,1,0,1,0,1280,720
235,0,4,4,100.00,1,0,1,1,1,1,0,1,0,1280,720
236,0,4,4,100.00,1,0,1,1,1,1,0,1,0,1280,720
237,0,4,4,100.00,1,0,1,1,1,1,0,1,0,1280,720
238,0,4,4,100.00,1,0,1,1,1,1,0,1,0,1280,720
239,0,4,4,100.00,1,0,1,1,1,1,0,1,0,1280,720
240,0,4,4,100.00,1,0,1,1,1,1,0,1,0,1280,720
241,0,4,4,100.00,1,0,1,1,1,1,0,1,0,1280,720
242,0,4,4,100.00,1,0,1,1,1,1,0,1,0,1280,720
243,0,4,4,100.00,1,0,1,1,1,1,0,1,0,1280,720
244,0,4,4,100.00,1,0,1,1,1,1,0,1,0,1280,720
245,0,4,4,100.00,1,0,1,1,1,1,0,1,0,1280,720
246,0,4,4,100.00,1,0,1,1,1,1,0,1,0,1280,720
247,0,4,4,100.00,1,0,1,1,1,1,0,1,0,1280,720
248,0,4,4,100.00,1,0,1,1,1,1,0,1,0,1280,720
249,0,4,4,100.00,1,0,1,1,1,1,0,1,0,1280,720
250,0,4,4,100.00,1,0,1,1,1,1,0,1,0,1280,720
251,0,4,4,100.00,1,0,1,1,1,1,0,1,0,1280,720
252,0,4,4,100.00,1,0,1,1,1,1,0,1,0,1280,720
253,0,4,4,100.00,1,0,1,1,1,1,0,1,0,1280,720
254,0,4,4,100.00,1,0,1,1,1,1,0,1,0,1280,720
255,0,4,4,100.00,1,0,1,1,1,1,0,1,0,1280,720
256,0,4,4,100.00,1,0,1,1,1,1,0,1,0,1280,720
257,0,4,4,100.00,1,0,1,1,1,1,0,1,0,1280,720
258,0,4,4,100.00,1,0,1,1,1,1,0,1,0,1280,720
259,0,4,4,100.00,1,0,1,1,1,1,0,1,0,1280,720
260,0,4,4,100.00,1,0,1,1,1,1,0,1,0,1280,720
261,0,4,4,100.00,1,0,1,1,1,1,0,1,0,1280,720
262,0,4,4,100.00,1,0,1,1,1,1,0,1,0,1280,720
263,0,4,4,100.00,1,0,1,1,1,1,0,1,0,1280,720
264,0,4,4,100.00,1,0,1,1,1,1,0,1,0,1280,720
265,0,4,4,100.00,1,0,1,1,1,1,0,1,0,1280,720
266,0,4,4,100.00,1,0,1,1,1,1,0,1,0,1280,720
267,0,4,4,100.00,1,0,1,1,1,1,0,1,0,1280,720
268,0,4,4,100.00,1,0,1,1,1,1,0,1,0,1280,720
269,0,4,4,100.00,1,0,1,1,1,1,0,1,0,1280,720
270,0,4,4,100.00,1,0,1,1,1,1,0,1,0,1280,720
271,0,4,4,100.00,1,0,1,1,1,1,0,1,0,1280,720
272,0,4,4,100.00,1,0,1,1,1,1,0,1,0,1280,720
273,0,4,4,100.00,1,0,1,1,1,1,0,1,0,1280,720
274,0,4,4,100.00,1,0,1,1,1,1,0,1,0,1280,720
275,0,4,4,100.00,1,0,1,1,1,1,0,1,0,1280,720
276,0,4,4,100.00,1,0,1,1,1,1,0,1,0,1280,720
277,0,4,4,100.00,1,0,1,1,1,1,0,1,0,1280,720
278,0,4,4,100.00,1,0,1,1,1,1,0,1,0,1280,720
279,0,4,4,100.00,1,0,1,1,1,1,0,1,0,1280,720
280,0,4,4,100.00,1,0,1,1,1,1,0,1,0,1280,720
281,0,4,4,100.00,1,0,1,1,1,1,0,1,0,1280,720
282,0,4,4,100.00,1,0,1,1,1,1,0,1,0,1280,720
283,0,4,4,100.00,1,0,1,1,1,1,0,1,0,1280,720
284,0,4,4,100.00,1,0,1,1,1,1,0,1,0,1280,720
285,0,4,4,100.00,1,0,1,1,1,1,0,1,0,1280,720
286,0,4,4,100.00,1,0,1,1,1,1,0,1,0,1280,720
287,0,4,4,100.00,1,0,1,1,1,1,0,1,0,1280,720
288,0,4,4,100.00,1,0,1,1,1,1,0,1,0,1280,720
289,0,4,4,100.00,1,0,1,1,1,1,0,1,0,1280,720
290,0,4,4,100.00,1,0,1,1,1,1,0,1,0,1280,720
291,0,4,4,100.00,1,0,1,1,1,1,0,1,0,1280,720
292,0,4,4,100.00,1,0,1,1,1,1,0,1,0,1280,720
293,0,4,4,100.00,1,0,1,1,1,1,0,1,0,1280,720
294,0,4,4,100.00,1,0,1,1,1,1,0,1,0,1280,720
295,0,4,4,100.00,1,0,1,1,1,1,0,1,0,1280,720
296,0,4,4,100.00,1,0,1,1,1,1,0,1,0,1280,720
297,0,4,4,100.00,1,0,1,1,1,1,0,1,0,1280,720
298,0,4,4,100.00,1,0,1,1,1,1,0,1,0,1280,720
299,0,4,4,100.00,1,0,1,1,1,1,0,1,0,1280,720
300,0,4,4,100.00,1,0,1,1,1,1,0,1,0,1280,720
301,0,4,4,100.00,1,0,1,1,1,1,0,1,0,1280,720
302,0,4,4,100.00,1,0,1,1,1,1,0,1,0,1280,720
303,0,4,4,100.00,1,0,1,1,1,1,0,1,0,1280,720
304,0,4,4,100.00,1,0,1,1,1,1,0,1,0,1280,720
305,0,4,4,100.00,1,0,1,1,1,1,0,1,0,1280,720
306,0,4,4,100.00,1,0,1,1,1,1,0,1,0,1280,720
307,0,4,4,100.00,1,0,1,1,1,1,0,1,0,1280,720
308,0,4,4,100.00,1,0,1,1,1,1,0,1,0,1280,720
309,0,4,4,100.00,1,0,1,1,1,1,0,1,0,1280,720
310,0,4,4,100.00,1,0,1,1,1,1,0,1,0,1280,720
311,0,4,4,100.00,1,0,1,1,1,1,0,1,0,1280,720
312,0,4,4,100.00,1,0,1,1,1,1,0,1,0,1280,720
313,0,4,4,100.00,1,0,1,1,1,1,0,1,0,1280,720
314,0,4,4,100.00,1,0,1,1,1,1,0,1,0,1280,720
315,0,4,4,100.00,1,0,1,1,1,1,0,1,0,1280,720
316,0,4,4,100.00,1,0,1,1,1,1,0,1,0,1280,720
317,0,4,4,100.00,1,0,1,1,1,1,0,1,0,1280,720
318,0,4,4,100.00,1,0,1,1,1,1,0,1,0,1280,720
319,0,4,4,100.00,1,0,1,1,1,1,0,1,0,1280,720
320,0,4,4,100.00,1,0,1,1,1,1,0,1,0,1280,720
321,0,4,4,100.00,1,0,1,1,1,1,0,1,0,1280,720
322,0,4,4,100.00,1,0,1,1,1,1,0,1,0,1280,720
323,0,4,4,100.00,1,0,1,1,1,1,0,1,0,1280,720
324,0,4,4,100.00,1,0,1,1,1,1,0,1,0,1280,720
325,0,4,4,100.00,1,0,1,1,1,1,0,1,0,1280,720
326,0,4,4,100.00,1,0,1,1,1,1,0,1,0,1280,720
327,0,4,4,100.00,1,0,1,1,1,1,0,1,0,1280,720
328,0,4,4,100.00,1,0,1,1,1,1,0,1,0,1280,720
329,0,4,4,100.00,1,0,1,1,1,1,0,1,0,1280,720
330,0,4,4,100.00,1,0,1,1,1,1,0,1,0,1280,720
331,0,4,4,100.00,1,0,1,1,1,1,0,1,0,1280,720
332,0,4,4,100.00,1,0,1,1,1,1,0,1,0,1280,720
333,0,4,4,100.00,1,0,1,1,1,1,0,1,0,1280,720
334,0,4,4,100.00,1,0,1,1,1,1,0,1,0,1280,720
335,0,4,4,100.00,1,0,1,1,1,1,0,1,0,1280,720
336,0,4,4,100.00,1,0,1,1,1,1,0,1,0,1280,720
337,0,4,4,100.00,1,0,1,1,1,1,0,1,0,1280,720
338,0,4,4,100.00,1,0,1,1,1,1,0,1,0,1280,720
339,0,4,4,100.00,1,0,1,1,1,1,0,1,0,1280,720
340,0,4,4,100.00,1,0,1,1,1,1,0,1,0,1280,720
341,0,4,4,100.00,1,0,1,1,1,1,0,1,0,1280,720
342,0,4,4,100.00,1,0,1,1,1,1,0,1,0,1280,720
343,0,4,4,100.00,1,0,1,1,1,1,0,1,0,1280,720
344,0,4,4,100.00,1,0,1,1,1,1,0,1,0,1280,720
345,0,4,4,100.00,1,0,1,1,1,1,0,1,0,1280,720
346,0,4,4,100.00,1,0,1,1,1,1,0,1,0,1280,720
347,0,4,4,100.00,1,0,1,1,1,1,0,1,0,1280,720
348,0,4,4,100.00,1,0,1,1,1,1,0,1,0,1280,720
349,0,4,4,100.00,1,0,1,1,1,1,0,1,0,1280,720
350,0,4,4,100.00,1,0,1,1,1,1,0,1,0,1280,720
351,0,4,4,100.00,1,0,1,1,1,1,0,1,0,1280,720
352,0,4,4,100.00,1,0,1,1,1,1,0,1,0,1280,720
353,0,4,4,100.00,1,0,1,1,1,1,0,1,0,1280,720
354,0,4,4,100.00,1,0,1,1,1,1,0,1,0,1280,720
355,0,4,4,100.00,1,0,1,1,1,1,0,1,0,1280,720
356,0,4,4,100.00,1,0,1,1,1,1,0,1,0,1280,720
357,0,4,4,100.00,1,0,1,1,1,1,0,1,0,1280,720
358,0,4,4,100.00,1,0,1,1,1,1,0,1,0,1280,720
359,0,4,4,100.00,1,0,1,1,1,1,0,1,0,1280,720
360,0,4,4,100.00,1,0,1,1,1,1,0,1,0,1280,720
361,0,4,4,100.00,1,0,1,1,1,1,0,1,0,1280,720
362,0,4,4,100.00,1,0,1,1,1,1,0,1,0,1280,720
363,0,4,4,100.00,1,0,1,1,1,1,0,1,0,1280,720
364,0,4,4,100.00,1,0,1,1,1,1,0,1,0,1280,720
365,0,4,4,100.00,1,0,1,1,1,1,0,1,0,1280,720
366,0,4,4,100.00,1,0,1,1,1,1,0,1,0,1280,720
367,0,4,4,100.00,1,0,1,1,1,1,0,1,0,1280,720
368,0,4,4,100.00,1,0,1,1,1,1,0,1,0,1280,720
369,0,4,4,100.00,1,0,1,1,1,1,0,1,0,1280,720
370,0,4,4,100.00,1,0,1,1,1,1,0,1,0,1280,720
371,0,4,4,100.00,1,0,1,1,1,1,0,1,0,1280,720
372,0,4,4,100.00,1,0,1,1,1,1,0,1,0,1280,720
372,0,4,4,100.00,1,0,1,1,1,1,0,1,0,1280,720
372,0,4,4,100.00,1,0,1,1,1,1,0,1,0,1280,720
372,0,4,4,100.00,1,0,1,1,1,1,0,1,0,1280,720
372,0,4,4,100.00,1,0,1,1,1,1,0,1,0,1280,720
373,0,4,4,100.00,1,0,1,1,1,1,0,1,0,1280,720
374,0,4,4,100.00,1,0,1,1,1,1,0,1,0,1280,720
375,0,4,4,100.00,1,0,1,1,1,1,0,1,0,1280,720
376,0,4,4,100.00,1,0,1,1,1,1,0,1,0,1280,720
377,0,4,4,100.00,1,0,1,1,1,1,0,1,0,1280,720
378,0,4,4,100.00,1,0,1,1,1,1,0,1,0,1280,720
379,0,4,4,100.00,1,0,1,1,1,1,0,1,0,1280,720
380,0,4,4,100.00,1,0,1,1,1,1,0,1,0,1280,720
381,0,4,4,100.00,1,0,1,1,1,1,0,1,0,1280,720
382,0,4,4,100.00,1,0,1,1,1,1,0,1,0,1280,720
383,0,4,4,100.00,1,0,1,1,1,1,0,1,0,1280,720
384,0,4,4,100.00,1,0,1,1,1,1,0,1,0,1280,720
385,0,4,4,100.00,1,0,1,1,1,1,0,1,0,1280,720
386,0,4,4,100.00,1,0,1,1,1,1,0,1,0,1280,720
387,0,4,4,100.00,1,0,1,1,1,1,0,1,0,1280,720
388,0,4,4,100.00,1,0,1,1,1,1,0,1,0,1280,720
389,0,4,4,100.00,1,0,1,1,1,1,0,1,0,1280,720
390,0,4,4,100.00,1,0,1,1,1,1,0,1,0,1280,720
391,0,4,4,100.00,1,0,1,1,1,1,0,1,0,1280,720
392,0,4,4,100.00,1,0,1,1,1,1,0,1,0,1280,720
393,0,4,4,100.00,1,0,1,1,1,1,0,1,0,1280,720
394,0,4,4,100.00,1,0,1,1,1,1,0,1,0,1280,720
395,0,4,4,100.00,1,0,1,1,1,1,0,1,0,1280,720
396,0,4,4,100.00,1,0,1,1,1,1,0,1,0,1280,720
397,0,4,4,100.00,1,0,1,1,1,1,0,1,0,1280,720
398,0,4,4,100.00,1,0,1,1,1,1,0,1,0,1280,720
399,0,4,4,100.00,1,0,1,1,1,1,0,1,0,1280,720
400,0,4,4,100.00,1,0,1,1,1,1,0,1,0,1280,720
401,0,4,4,100.00,1,0,1,1,1,1,0,1,0,1280,720
402,0,4,4,100.00,1,0,1,1,1,1,0,1,0,1280,720
403,0,4,4,100.00,1,0,1,1,1,1,0,1,0,1280,720
404,0,4,4,100.00,1,0,1,1,1,1,0,1,0,1280,720
405,0,4,4,100.00,1,0,1,1,1,1,0,1,0,1280,720
406,0,4,4,100.00,1,0,1,1,1,1,0,1,0,1280,720
407,0,4,4,100.00,1,0,1,1,1,1,0,1,0,1280,720
408,0,4,4,100.00,1,0,1,1,1,1,0,1,0,1280,720
409,0,4,4,100.00,1,0,1,1,1,1,0,1,0,1280,720
410,0,4,4,100.00,1,0,1,1,1,1,0,1,0,1280,720
411,0,4,4,100.00,1,0,1,1,1,1,0,1,0,1280,720
412,0,4,4,100.00,1,0,1,1,1,1,0,1,0,1280,720
413,0,4,4,100.00,1,0,1,1,1,1,0,1,0,1280,720
414,0,4,4,100.00,1,0,1,1,1,1,0,1,0,1280,720
415,0,4,4,100.00,1,0,1,1,1,1,0,1,0,1280,720
416,0,4,4,100.00,1,0,1,1,1,1,0,1,0,1280,720
417,0,4,4,100.00,1,0,1,1,1,1,0,1,0,1280,720
418,0,4,4,100.00,1,0,1,1,1,1,0,1,0,1280,720
419,0,4,4,100.00,1,0,1,1,1,1,0,1,0,1280,720
420,0,4,4,100.00,1,0,1,1,1,1,0,1,0,1280,720
421,0,4,4,100.00,1,0,1,1,1,1,0,1,0,1280,720
422,0,4,4,100.00,1,0,1,1,1,1,0,1,0,1280,720
423,0,4,4,100.00,1,0,1,1,1,1,0,1,0,1280,720
424,0,4,4,100.00,1,0,1,1,1,1,0,1,0,1280,720
425,0,4,4,100.00,1,0,1,1,1,1,0,1,0,1280,720
426,0,4,4,100.00,1,0,1,1,1,1,0,1,0,1280,720
427,0,4,4,100.00,1,0,1,1,1,1,0,1,0,1280,720
428,0,4,4,100.00,1,0,1,1,1,1,0,1,0,1280,720
429,0,4,4,100.00,1,0,1,1,1,1,0,1,0,1280,720
430,0,4,4,100.00,1,0,1,1,1,1,0,1,0,1280,720
431,0,4,4,100.00,1,0,1,1,1,1,0,1,0,1280,720
432,0,4,4,100.00,1,0,1,1,1,1,0,1,0,1280,720
433,0,4,4,100.00,1,0,1,1,1,1,0,1,0,1280,720
434,0,4,4,100.00,1,0,1,1,1,1,0,1,0,1280,720
435,0,4,4,100.00,1,0,1,1,1,1,0,1,0,1280,720
436,0,4,4,100.00,1,0,1,1,1,1,0,1,0,1280,720
437,0,4,4,100.00,1,0,1,1,1,1,0,1,0,1280,720
438,0,4,4,100.00,1,0,1,1,1,1,0,1,0,1280,720
439,0,4,4,100.00,1,0,1,1,1,1,0,1,0,1280,720
440,0,4,4,100.00,1,0,1,1,1,1,0,1,0,1280,720
441,0,4,4,100.00,1,0,1,1,1,1,0,1,0,1280,720
442,0,4,4,100.00,1,0,1,1,1,1,0,1,0,1280,720
443,0,4,4,100.00,1,0,1,1,1,1,0,1,0,1280,720
444,0,4,4,100.00,1,0,1,1,1,1,0,1,0,1280,720
445,0,4,4,100.00,1,0,1,1,1,1,0,1,0,1280,720
446,0,4,4,100.00,1,0,1,1,1,1,0,1,0,1280,720
447,0,4,4,100.00,1,0,1,1,1,1,0,1,0,1280,720
448,0,4,4,100.00,1,0,1,1,1,1,0,1,0,1280,720
449,0,4,4,100.00,1,0,1,1,1,1,0,1,0,1280,720
450,0,4,4,100.00,1,0,1,1,1,1,0,1,0,1280,720
451,0,4,4,100.00,1,0,1,1,1,1,0,1,0,1280,720
452,0,4,4,100.00,1,0,1,1,1,1,0,1,0,1280,720
453,0,4,4,100.00,1,0,1,1,1,1,0,1,0,1280,720
454,0,4,4,100.00,1,0,1,1,1,1,0,1,0,1280,720
455,0,4,4,100.00,1,0,1,1,1,1,0,1,0,1280,720
456,0,4,4,100.00,1,0,1,1,1,1,0,1,0,1280,720
457,0,4,4,100.00,1,0,1,1,1,1,0,1,0,1280,720
458,0,4,4,100.00,1,0,1,1,1,1,0,1,0,1280,720
459,0,4,4,100.00,1,0,1,1,1,1,0,1,0,1280,720
460,0,4,4,100.00,1,0,1,1,1,1,0,1,0,1280,720
461,0,4,4,100.00,1,0,1,1,1,1,0,1,0,1280,720
462,0,4,4,100.00,1,0,1,1,1,1,0,1,0,1280,720
463,0,4,4,100.00,1,0,1,1,1,1,0,1,0,1280,720
464,0,4,4,100.00,1,0,1,1,1,1,0,1,0,1280,720
465,0,4,4,100.00,1,0,1,1,1,1,0,1,0,1280,720
466,0,4,4,100.00,1,0,1,1,1,1,0,1,0,1280,720
467,0,4,4,100.00,1,0,1,1,1,1,0,1,0,1280,720
468,0,4,4,100.00,1,0,1,1,1,1,0,1,0,1280,720
469,0,4,4,100.00,1,0,1,1,1,1,0,1,0,1280,720
470,0,4,4,100.00,1,0,1,1,1,1,0,1,0,1280,720
471,0,4,4,100.00,1,0,1,1,1,1,0,1,0,1280,720
472,0,4,4,100.00,1,0,1,1,1,1,0,1,0,1280,720
473,0,4,4,100.00,1,0,1,1,1,1,0,1,0,1280,720
474,0,4,4,100.00,1,0,1,1,1,1,0,1,0,1280,720
475,0,4,4,100.00,1,0,1,1,1,1,0,1,0,1280,720
476,0,4,4,100.00,1,0,1,1,1,1,0,1,0,1280,720
477,0,4,4,100.00,1,0,1,1,1,1,0,1,0,1280,720
478,0,4,4,100.00,1,0,1,1,1,1,0,1,0,1280,720
479,0,4,4,100.00,1,0,1,1,1,1,0,1,0,1280,720
480,0,4,4,100.00,1,0,1,1,1,1,0,1,0,1280,720
481,0,4,4,100.00,1,0,1,1,1,1,0,1,0,1280,720
482,0,4,4,100.00,1,0,1,1,1,1,0,1,0,1280,720
483,0,4,4,100.00,1,0,1,1,1,1,0,1,0,1280,720
484,0,4,4,100.00,1,0,1,1,1,1,0,1,0,1280,720
485,0,4,4,100.00,1,0,1,1,1,1,0,1,0,1280,720
486,0,4,4,100.00,1,0,1,1,1,1,0,1,0,1280,720
487,0,4,4,100.00,1,0,1,1,1,1,0,1,0,1280,720
488,0,4,4,100.00,1,0,1,1,1,1,0,1,0,1280,720
489,0,4,4,100.00,1,0,1,1,1,1,0,1,0,1280,720
490,0,4,4,100.00,1,0,1,1,1,1,0,1,0,1280,720
491,0,4,4,100.00,1,0,1,1,1,1,0,1,0,1280,720
492,0,4,4,100.00,1,0,1,1,1,1,0,1,0,1280,720
493,0,4,4,100.00,1,0,1,1,1,1,0,1,0,1280,720
494,0,4,4,100.00,1,0,1,1,1,1,0,1,0,1280,720
495,0,4,4,100.00,1,0,1,1,1,1,0,1,0,1280,720
496,0,4,4,100.00,1,0,1,1,1,1,0,1,0,1280,720
497,0,4,4,100.00,1,0,1,1,1,1,0,1,0,1280,720
498,0,4,4,100.00,1,0,1,1,1,1,0,1,0,1280,720
499,0,4,4,100.00,1,0,1,1,1,1,0,1,0,1280,720
500,0,4,4,100.00,1,0,1,1,1,1,0,1,0,1280,720
501,0,4,4,100.00,1,0,1,1,1,1,0,1,0,1280,720
502,0,4,4,100.00,1,0,1,1,1,1,0,1,0,1280,720
503,0,4,4,100.00,1,0,1,1,1,1,0,1,0,1280,720
504,0,4,4,100.00,1,0,1,1,1,1,0,1,0,1280,720
505,0,4,4,100.00,1,0,1,1,1,1,0,1,0,1280,720
506,0,4,4,100.00,1,0,1,1,1,1,0,1,0,1280,720
507,0,4,4,100.00,1,0,1,1,1,1,0,1,0,1280,720
508,0,4,4,100.00,1,0,1,1,1,1,0,1,0,1280,720
509,0,4,4,100.00,1,0,1,1,1,1,0,1,0,1280,720
510,0,4,4,100.00,1,0,1,1,1,1,0,1,0,1280,720
511,0,4,4,100.00,1,0,1,1,1,1,0,1,0,1280,720
512,0,4,4,100.00,1,0,1,1,1,1,0,1,0,1280,720
513,0,4,4,100.00,1,0,1,1,1,1,0,1,0,1280,720
514,0,4,4,100.00,1,0,1,1,1,1,0,1,0,1280,720
515,0,4,4,100.00,1,0,1,1,1,1,0,1,0,1280,720
516,0,4,4,100.00,1,0,1,1,1,1,0,1,0,1280,720
517,0,4,4,100.00,1,0,1,1,1,1,0,1,0,1280,720
518,0,4,4,100.00,1,0,1,1,1,1,0,1,0,1280,720
519,0,4,4,100.00,1,0,1,1,1,1,0,1,0,1280,720
520,0,4,4,100.00,1,0,1,1,1,1,0,1,0,1280,720
521,0,4,4,100.00,1,0,1,1,1,1,0,1,0,1280,720
522,0,4,4,100.00,1,0,1,1,1,1,0,1,0,1280,720
523,0,4,4,100.00,1,0,1,1,1,1,0,1,0,1280,720
524,0,4,4,100.00,1,0,1,1,1,1,0,1,0,1280,720
525,0,4,4,100.00,1,0,1,1,1,1,0,1,0,1280,720
526,0,4,4,100.00,1,0,1,1,1,1,0,1,0,1280,720
527,0,4,4,100.00,1,0,1,1,1,1,0,1,0,1280,720
528,0,4,4,100.00,1,0,1,1,1,1,0,1,0,1280,720
529,0,4,4,100.00,1,0,1,1,1,1,0,1,0,1280,720
530,0,4,4,100.00,1,0,1,1,1,1,0,1,0,1280,720
531,0,4,4,100.00,1,0,1,1,1,1,0,1,0,1280,720
532,0,4,4,100.00,1,0,1,1,1,1,0,1,0,1280,720
533,0,4,4,100.00,1,0,1,1,1,1,0,1,0,1280,720
534,0,4,4,100.00,1,0,1,1,1,1,0,1,0,1280,720
535,0,4,4,100.00,1,0,1,1,1,1,0,1,0,1280,720
536,0,4,4,100.00,1,0,1,1,1,1,0,1,0,1280,720
537,0,4,4,100.00,1,0,1,1,1,1,0,1,0,1280,720
538,0,4,4,100.00,1,0,1,1,1,1,0,1,0,1280,720
539,0,4,4,100.00,1,0,1,1,1,1,0,1,0,1280,720
540,0,4,4,100.00,1,0,1,1,1,1,0,1,0,1280,720
541,0,4,4,100.00,1,0,1,1,1,1,0,1,0,1280,720
542,0,4,4,100.00,1,0,1,1,1,1,0,1,0,1280,720
543,0,4,4,100.00,1,0,1,1,1,1,0,1,0,1280,720
544,0,4,4,100.00,1,0,1,1,1,1,0,1,0,1280,720
545,0,4,4,100.00,1,0,1,1,1,1,0,1,0,1280,720
546,0,4,4,100.00,1,0,1,1,1,1,0,1,0,1280,720
547,0,4,4,100.00,1,0,1,1,1,1,0,1,0,1280,720
548,0,4,4,100.00,1,0,1,1,1,1,0,1,0,1280,720
549,0,4,4,100.00,1,0,1,1,1,1,0,1,0,1280,720
550,0,4,4,100.00,1,0,1,1,1,1,0,1,0,1280,720
551,0,4,4,100.00,1,0,1,1,1,1,0,1,0,1280,720
552,0,4,4,100.00,1,0,1,1,1,1,0,1,0,1280,720
553,0,4,4,100.00,1,0,1,1,1,1,0,1,0,1280,720
554,0,4,4,100.00,1,0,1,1,1,1,0,1,0,1280,720
555,0,4,4,100.00,1,0,1,1,1,1,0,1,0,1280,720
556,0,4,4,100.00,1,0,1,1,1,1,0,1,0,1280,720
557,0,4,4,100.00,1,0,1,1,1,1,0,1,0,1280,720
558,0,4,4,100.00,1,0,1,1,1,1,0,1,0,1280,720
559,0,4,4,100.00,1,0,1,1,1,1,0,1,0,1280,720
560,0,4,4,100.00,1,0,1,1,1,1,0,1,0,1280,720
561,0,4,4,100.00,1,0,1,1,1,1,0,1,0,1280,720
562,0,4,4,100.00,1,0,1,1,1,1,0,1,0,1280,720
563,0,4,4,100.00,1,0,1,1,1,1,0,1,0,1280,720
564,0,4,4,100.00,1,0,1,1,1,1,0,1,0,1280,720
565,0,4,4,100.00,1,0,1,1,1,1,0,1,0,1280,720
566,0,4,4,100.00,1,0,1,1,1,1,0,1,0,1280,720
567,0,4,4,100.00,1,0,1,1,1,1,0,1,0,1280,720
568,0,4,4,100.00,1,0,1,1,1,1,0,1,0,1280,720
569,0,4,4,100.00,1,0,1,1,1,1,0,1,0,1280,720
570,0,4,4,100.00,1,0,1,1,1,1,0,1,0,1280,720
571,0,4,4,100.00,1,0,1,1,1,1,0,1,0,1280,720
572,0,4,4,100.00,1,0,1,1,1,1,0,1,0,1280,720
573,0,4,4,100.00,1,0,1,1,1,1,0,1,0,1280,720
574,0,4,4,100.00,1,0,1,1,1,1,0,1,0,1280,720
575,0,4,4,100.00,1,0,1,1,1,1,0,1,0,1280,720
576,0,4,4,100.00,1,0,1,1,1,1,0,1,0,1280,720
577,0,4,4,100.00,1,0,1,1,1,1,0,1,0,1280,720
578,0,4,4,100.00,1,0,1,1,1,1,0,1,0,1280,720
579,0,4,4,100.00,1,0,1,1,1,1,0,1,0,1280,720
580,0,4,4,100.00,1,0,1,1,1,1,0,1,0,1280,720
581,0,4,4,100.00,1,0,1,1,1,1,0,1,0,1280,720
582,0,4,4,100.00,1,0,1,1,1,1,0,1,0,1280,720
583,0,4,4,100.00,1,0,1,1,1,1,0,1,0,1280,720
584,0,4,4,100.00,1,0,1,1,1,1,0,1,0,1280,720
585,0,4,4,100.00,1,0,1,1,1,1,0,1,0,1280,720
586,0,4,4,100.00,1,0,1,1,1,1,0,1,0,1280,720
587,0,4,4,100.00,1,0,1,1,1,1,0,1,0,1280,720
588,0,4,4,100.00,1,0,1,1,1,1,0,1,0,1280,720
589,0,4,4,100.00,1,0,1,1,1,1,0,1,0,1280,720
590,0,4,4,100.00,1,0,1,1,1,1,0,1,0,1280,720
591,0,4,4,100.00,1,0,1,1,1,1,0,1,0,1280,720
592,0,4,4,100.00,1,0,1,1,1,1,0,1,0,1280,720
593,0,4,4,100.00,1,0,1,1,1,1,0,1,0,1280,720
594,0,4,4,100.00,1,0,1,1,1,1,0,1,0,1280,720
595,0,4,4,100.00,1,0,1,1,1,1,0,1,0,1280,720
596,0,4,4,100.00,1,0,1,1,1,1,0,1,0,1280,720
597,0,4,4,100.00,1,0,1,1,1,1,0,1,0,1280,720
598,0,4,4,100.00,1,0,1,1,1,1,0,1,0,1280,720
599,0,4,4,100.00,1,0,1,1,1,1,0,1,0,1280,720
600,0,4,4,100.00,1,0,1,1,1,1,0,1,0,1280,720
601,0,4,4,100.00,1,0,1,1,1,1,0,1,0,1280,720
602,0,4,4,100.00,1,0,1,1,1,1,0,1,0,1280,720
603,0,4,4,100.00,1,0,1,1,1,1,0,1,0,1280,720
604,0,4,4,100.00,1,0,1,1,1,1,0,1,0,1280,720
605,0,4,4,100.00,1,0,1,1,1,1,0,1,0,1280,720
606,0,4,4,100.00,1,0,1,1,1,1,0,1,0,1280,720
607,0,4,4,100.00,1,0,1,1,1,1,0,1,0,1280,720
608,0,4,4,100.00,1,0,1,1,1,1,0,1,0,1280,720
609,0,4,4,100.00,1,0,1,1,1,1,0,1,0,1280,720
610,0,4,4,100.00,1,0,1,1,1,1,0,1,0,1280,720
611,0,4,4,100.00,1,0,1,1,1,1,0,1,0,1280,720
612,0,4,4,100.00,1,0,1,1,1,1,0,1,0,1280,720
613,0,4,4,100.00,1,0,1,1,1,1,0,1,0,1280,720
614,0,4,4,100.00,1,0,1,1,1,1,0,1,0,1280,720
615,0,4,4,100.00,1,0,1,1,1,1,0,1,0,1280,720
616,0,4,4,100.00,1,0,1,1,1,1,0,1,0,1280,720
617,0,4,4,100.00,1,0,1,1,1,1,0,1,0,1280,720
618,0,4,4,100.00,1,0,1,1,1,1,0,1,0,1280,720
619,0,4,4,100.00,1,0,1,1,1,1,0,1,0,1280,720
620,0,4,4,100.00,1,0,1,1,1,1,0,1,0,1280,720
621,0,4,4,100.00,1,0,1,1,1,1,0,1,0,1280,720
622,0,4,4,100.00,1,0,1,1,1,1,0,1,0,1280,720
623,0,4,4,100.00,1,0,1,1,1,1,0,1,0,1280,720
624,0,4,4,100.00,1,0,1,1,1,1,0,1,0,1280,720
625,0,4,4,100.00,1,0,1,1,1,1,0,1,0,1280,720
626,0,4,4,100.00,1,0,1,1,1,1,0,1,0,1280,720
627,0,4,4,100.00,1,0,1,1,1,1,0,1,0,1280,720
628,0,4,4,100.00,1,0,1,1,1,1,0,1,0,1280,720
629,0,4,4,100.00,1,0,1,1,1,1,0,1,0,1280,720
630,0,4,4,100.00,1,0,1,1,1,1,0,1,0,1280,720
631,0,4,4,100.00,1,0,1,1,1,1,0,1,0,1280,720
632,0,4,4,100.00,1,0,1,1,1,1,0,1,0,1280,720
633,0,4,4,100.00,1,0,1,1,1,1,0,1,0,1280,720
634,0,4,4,100.00,1,0,1,1,1,1,0,1,0,1280,720
635,0,4,4,100.00,1,0,1,1,1,1,0,1,0,1280,720
636,0,4,4,100.00,1,0,1,1,1,1,0,1,0,1280,720
637,0,4,4,100.00,1,0,1,1,1,1,0,1,0,1280,720
638,0,4,4,100.00,1,0,1,1,1,1,0,1,0,1280,720
639,0,4,4,100.00,1,0,1,1,1,1,0,1,0,1280,720
640,0,4,4,100.00,1,0,1,1,1,1,0,1,0,1280,720
641,0,4,4,100.00,1,0,1,1,1,1,0,1,0,1280,720
642,0,4,4,100.00,1,0,1,1,1,1,0,1,0,1280,720
643,0,4,4,100.00,1,0,1,1,1,1,0,1,0,1280,720
644,0,4,4,100.00,1,0,1,1,1,1,0,1,0,1280,720
645,0,4,4,100.00,1,0,1,1,1,1,0,1,0,1280,720
646,0,4,4,100.00,1,0,1,1,1,1,0,1,0,1280,720
647,0,4,4,100.00,1,0,1,1,1,1,0,1,0,1280,720
648,0,4,4,100.00,1,0,1,1,1,1,0,1,0,1280,720
649,0,4,4,100.00,1,0,1,1,1,1,0,1,0,1280,720
650,0,4,4,100.00,1,0,1,1,1,1,0,1,0,1280,720
651,0,4,4,100.00,1,0,1,1,1,1,0,1,0,1280,720
652,0,4,4,100.00,1,0,1,1,1,1,0,1,0,1280,720
653,0,4,4,100.00,1,0,1,1,1,1,0,1,0,1280,720
654,0,4,4,100.00,1,0,1,1,1,1,0,1,0,1280,720
655,0,4,4,100.00,1,0,1,1,1,1,0,1,0,1280,720
656,0,4,4,100.00,1,0,1,1,1,1,0,1,0,1280,720
657,0,4,4,100.00,1,0,1,1,1,1,0,1,0,1280,720
658,0,4,4,100.00,1,0,1,1,1,1,0,1,0,1280,720
659,0,4,4,100.00,1,0,1,1,1,1,0,1,0,1280,720
660,0,4,4,100.00,1,0,1,1,1,1,0,1,0,1280,720
661,0,4,4,100.00,1,0,1,1,1,1,0,1,0,1280,720
662,0,4,4,100.00,1,0,1,1,1,1,0,1,0,1280,720
663,0,4,4,100.00,1,0,1,1,1,1,0,1,0,1280,720
664,0,4,4,100.00,1,0,1,1,1,1,0,1,0,1280,720
665,0,4,4,100.00,1,0,1,1,1,1,0,1,0,1280,720
666,0,4,4,100.00,1,0,1,1,1,1,0,1,0,1280,720
667,0,4,4,100.00,1,0,1,1,1,1,0,1,0,1280,720
668,0,4,4,100.00,1,0,1,1,1,1,0,1,0,1280,720
669,0,4,4,100.00,1,0,1,1,1,1,0,1,0,1280,720
670,0,4,4,100.00,1,0,1,1,1,1,0,1,0,1280,720
671,0,4,4,100.00,1,0,1,1,1,1,0,1,0,1280,720
672,0,4,4,100.00,1,0,1,1,1,1,0,1,0,1280,720
673,0,4,4,100.00,1,0,1,1,1,1,0,1,0,1280,720
674,0,4,4,100.00,1,0,1,1,1,1,0,1,0,1280,720
675,0,4,4,100.00,1,0,1,1,1,1,0,1,0,1280,720
676,0,4,4,100.00,1,0,1,1,1,1,0,1,0,1280,720
677,0,4,4,100.00,1,0,1,1,1,1,0,1,0,1280,720
678,0,4,4,100.00,1,0,1,1,1,1,0,1,0,1280,720
679,0,4,4,100.00,1,0,1,1,1,1,0,1,0,1280,720
680,0,4,4,100.00,1,0,1,1,1,1,0,1,0,1280,720
681,0,4,4,100.00,1,0,1,1,1,1,0,1,0,1280,720
682,0,4,4,100.00,1,0,1,1,1,1,0,1,0,1280,720
683,0,4,4,100.00,1,0,1,1,1,1,0,1,0,1280,720
684,0,4,4,100.00,1,0,1,1,1,1,0,1,0,1280,720
685,0,4,4,100.00,1,0,1,1,1,1,0,1,0,1280,720
686,0,4,4,100.00,1,0,1,1,1,1,0,1,0,1280,720
687,0,4,4,100.00,1,0,1,1,1,1,0,1,0,1280,720
688,0,4,4,100.00,1,0,1,1,1,1,0,1,0,1280,720
689,0,4,4,100.00,1,0,1,1,1,1,0,1,0,1280,720
690,0,4,4,100.00,1,0,1,1,1,1,0,1,0,1280,720
691,0,4,4,100.00,1,0,1,1,1,1,0,1,0,1280,720
692,0,4,4,100.00,1,0,1,1,1,1,0,1,0,1280,720
693,0,4,4,100.00,1,0,1,1,1,1,0,1,0,1280,720
694,0,4,4,100.00,1,0,1,1,1,1,0,1,0,1280,720
695,0,4,4,100.00,1,0,1,1,1,1,0,1,0,1280,720
696,0,4,4,100.00,1,0,1,1,1,1,0,1,0,1280,720
697,0,4,4,100.00,1,0,1,1,1,1,0,1,0,1280,720
698,0,4,4,100.00,1,0,1,1,1,1,0,1,0,1280,720
699,0,4,4,100.00,1,0,1,1,1,1,0,1,0,1280,720
700,0,4,4,100.00,1,0,1,1,1,1,0,1,0,1280,720
701,0,4,4,100.00,1,0,1,1,1,1,0,1,0,1280,720
702,0,4,4,100.00,1,0,1,1,1,1,0,1,0,1280,720
703,0,4,4,100.00,1,0,1,1,1,1,0,1,0,1280,720
704,0,4,4,100.00,1,0,1,1,1,1,0,1,0,1280,720
705,0,4,4,100.00,1,0,1,1,1,1,0,1,0,1280,720
706,0,4,4,100.00,1,0,1,1,1,1,0,1,0,1280,720
707,0,4,4,100.00,1,0,1,1,1,1,0,1,0,1280,720
708,0,4,4,100.00,1,0,1,1,1,1,0,1,0,1280,720
709,0,4,4,100.00,1,0,1,1,1,1,0,1,0,1280,720
710,0,4,4,100.00,1,0,1,1,1,1,0,1,0,1280,720
711,0,4,4,100.00,1,0,1,1,1,1,0,1,0,1280,720
712,0,4,4,100.00,1,0,1,1,1,1,0,1,0,1280,720
713,0,4,4,100.00,1,0,1,1,1,1,0,1,0,1280,720
714,0,4,4,100.00,1,0,1,1,1,1,0,1,0,1280,720
715,0,4,4,100.00,1,0,1,1,1,1,0,1,0,1280,720
716,0,4,4,100.00,1,0,1,1,1,1,0,1,0,1280,720
717,0,4,4,100.00,1,0,1,1,1,1,0,1,0,1280,720
718,0,4,4,100.00,1,0,1,1,1,1,0,1,0,1280,720
719,0,4,4,100.00,1,0,1,1,1,1,0,1,0,1280,720
720,0,4,4,100.00,1,0,1,1,1,1,0,1,0,1280,720
721,0,4,4,100.00,1,0,1,1,1,1,0,1,0,1280,720
722,0,4,4,100.00,1,0,1,1,1,1,0,1,0,1280,720
723,0,4,4,100.00,1,0,1,1,1,1,0,1,0,1280,720
724,0,4,4,100.00,1,0,1,1,1,1,0,1,0,1280,720
725,0,4,4,100.00,1,0,1,1,1,1,0,1,0,1280,720
726,0,4,4,100.00,1,0,1,1,1,1,0,1,0,1280,720
727,0,4,4,100.00,1,0,1,1,1,1,0,1,0,1280,720
728,0,4,4,100.00,1,0,1,1,1,1,0,1,0,1280,720
729,0,4,4,100.00,1,0,1,1,1,1,0,1,0,1280,720
730,0,4,4,100.00,1,0,1,1,1,1,0,1,0,1280,720
731,0,4,4,100.00,1,0,1,1,1,1,0,1,0,1280,720
732,0,4,4,100.00,1,0,1,1,1,1,0,1,0,1280,720
733,0,4,4,100.00,1,0,1,1,1,1,0,1,0,1280,720
734,0,4,4,100.00,1,0,1,1,1,1,0,1,0,1280,720
735,0,4,4,100.00,1,0,1,1,1,1,0,1,0,1280,720
736,0,4,4,100.00,1,0,1,1,1,1,0,1,0,1280,720
737,0,4,4,100.00,1,0,1,1,1,1,0,1,0,1280,720
738,0,4,4,100.00,1,0,1,1,1,1,0,1,0,1280,720
739,0,4,4,100.00,1,0,1,1,1,1,0,1,0,1280,720
740,0,4,4,100.00,1,0,1,1,1,1,0,1,0,1280,720
741,0,4,4,100.00,1,0,1,1,1,1,0,1,0,1280,720
742,0,4,4,100.00,1,0,1,1,1,1,0,1,0,1280,720
743,0,4,4,100.00,1,0,1,1,1,1,0,1,0,1280,720
744,0,4,4,100.00,1,0,1,1,1,1,0,1,0,1280,720
745,0,4,4,100.00,1,0,1,1,1,1,0,1,0,1280,720
746,0,4,4,100.00,1,0,1,1,1,1,0,1,0,1280,720
747,0,4,4,100.00,1,0,1,1,1,1,0,1,0,1280,720
748,0,4,4,100.00,1,0,1,1,1,1,0,1,0,1280,720
749,0,4,4,100.00,1,0,1,1,1,1,0,1,0,1280,720
750,0,4,4,100.00,1,0,1,1,1,1,0,1,0,1280,720
751,0,4,4,100.00,1,0,1,1,1,1,0,1,0,1280,720
752,0,4,4,100.00,1,0,1,1,1,1,0,1,0,1280,720
753,0,4,4,100.00,1,0,1,1,1,1,0,1,0,1280,720
754,0,4,4,100.00,1,0,1,1,1,1,0,1,0,1280,720
755,0,4,4,100.00,1,0,1,1,1,1,0,1,0,1280,720
756,0,4,4,100.00,1,0,1,1,1,1,0,1,0,1280,720
757,0,4,4,100.00,1,0,1,1,1,1,0,1,0,1280,720
758,0,4,4,100.00,1,0,1,1,1,1,0,1,0,1280,720
759,0,4,4,100.00,1,0,1,1,1,1,0,1,0,1280,720
760,0,4,4,100.00,1,0,1,1,1,1,0,1,0,1280,720
761,0,4,4,100.00,1,0,1,1,1,1,0,1,0,1280,720
762,0,4,4,100.00,1,0,1,1,1,1,0,1,0,1280,720
763,0,4,4,100.00,1,0,1,1,1,1,0,1,0,1280,720
764,0,4,4,100.00,1,0,1,1,1,1,0,1,0,1280,720
765,0,4,4,100.00,1,0,1,1,1,1,0,1,0,1280,720
766,0,4,4,100.00,1,0,1,1,1,1,0,1,0,1280,720
767,0,4,4,100.00,1,0,1,1,1,1,0,1,0,1280,720
768,0,4,4,100.00,1,0,1,1,1,1,0,1,0,1280,720
769,0,4,4,100.00,1,0,1,1,1,1,0,1,0,1280,720
770,0,4,4,100.00,1,0,1,1,1,1,0,1,0,1280,720
771,0,4,4,100.00,1,0,1,1,1,1,0,1,0,1280,720
772,0,4,4,100.00,1,0,1,1,1,1,0,1,0,1280,720
773,0,4,4,100.00,1,0,1,1,1,1,0,1,0,1280,720
774,0,4,4,100.00,1,0,1,1,1,1,0,1,0,1280,720
775,0,4,4,100.00,1,0,1,1,1,1,0,1,0,1280,720
776,0,4,4,100.00,1,0,1,1,1,1,0,1,0,1280,720
777,0,4,4,100.00,1,0,1,1,1,1,0,1,0,1280,720
778,0,4,4,100.00,1,0,1,1,1,1,0,1,0,1280,720
779,0,4,4,100.00,1,0,1,1,1,1,0,1,0,1280,720
780,0,4,4,100.00,1,0,1,1,1,1,0,1,0,1280,720
781,0,4,4,100.00,1,0,1,1,1,1,0,1,0,1280,720
782,0,4,4,100.00,1,0,1,1,1,1,0,1,0,1280,720
783,0,4,4,100.00,1,0,1,1,1,1,0,1,0,1280,720
784,0,4,4,100.00,1,0,1,1,1,1,0,1,0,1280,720
785,0,4,4,100.00,1,0,1,1,1,1,0,1,0,1280,720
786,0,4,4,100.00,1,0,1,1,1,1,0,1,0,1280,720
787,0,4,4,100.00,1,0,1,1,1,1,0,1,0,1280,720
788,0,4,4,100.00,1,0,1,1,1,1,0,1,0,1280,720
789,0,4,4,100.00,1,0,1,1,1,1,0,1,0,1280,720
790,0,4,4,100.00,1,0,1,1,1,1,0,1,0,1280,720
791,0,4,4,100.00,1,0,1,1,1,1,0,1,0,1280,720
792,0,4,4,100.00,1,0,1,1,1,1,0,1,0,1280,720
793,0,4,4,100.00,1,0,1,1,1,1,0,1,0,1280,720
794,0,4,4,100.00,1,0,1,1,1,1,0,1,0,1280,720
795,0,4,4,100.00,1,0,1,1,1,1,0,1,0,1280,720
796,0,4,4,100.00,1,0,1,1,1,1,0,1,0,1280,720
797,0,4,4,100.00,1,0,1,1,1,1,0,1,0,1280,720
798,0,4,4,100.00,1,0,1,1,1,1,0,1,0,1280,720
799,0,4,4,100.00,1,0,1,1,1,1,0,1,0,1280,720
800,0,4,4,100.00,1,0,1,1,1,1,0,1,0,1280,720
801,0,4,4,100.00,1,0,1,1,1,1,0,1,0,1280,720
802,0,4,4,100.00,1,0,1,1,1,1,0,1,0,1280,720
803,0,4,4,100.00,1,0,1,1,1,1,0,1,0,1280,720
804,0,4,4,100.00,1,0,1,1,1,1,0,1,0,1280,720
805,0,4,4,100.00,1,0,1,1,1,1,0,1,0,1280,720
806,0,4,4,100.00,1,0,1,1,1,1,0,1,0,1280,720
807,0,4,4,100.00,1,0,1,1,1,1,0,1,0,1280,720
808,0,4,4,100.00,1,0,1,1,1,1,0,1,0,1280,720
809,0,4,4,100.00,1,0,1,1,1,1,0,1,0,1280,720
810,0,4,4,100.00,1,0,1,1,1,1,0,1,0,1280,720
811,0,4,4,100.00,1,0,1,1,1,1,0,1,0,1280,720
812,0,4,4,100.00,1,0,1,1,1,1,0,1,0,1280,720
813,0,4,4,100.00,1,0,1,1,1,1,0,1,0,1280,720
814,0,4,4,100.00,1,0,1,1,1,1,0,1,0,1280,720
815,0,4,4,100.00,1,0,1,1,1,1,0,1,0,1280,720
816,0,4,4,100.00,1,0,1,1,1,1,0,1,0,1280,720
817,0,4,4,100.00,1,0,1,1,1,1,0,1,0,1280,720
818,0,4,4,100.00,1,0,1,1,1,1,0,1,0,1280,720
819,0,4,4,100.00,1,0,1,1,1,1,0,1,0,1280,720
820,0,4,4,100.00,1,0,1,1,1,1,0,1,0,1280,720
821,0,4,4,100.00,1,0,1,1,1,1,0,1,0,1280,720
822,0,4,4,100.00,1,0,1,1,1,1,0,1,0,1280,720
823,0,4,4,100.00,1,0,1,1,1,1,0,1,0,1280,720
824,0,4,4,100.00,1,0,1,1,1,1,0,1,0,1280,720
825,0,4,4,100.00,1,0,1,1,1,1,0,1,0,1280,720
826,0,4,4,100.00,1,0,1,1,1,1,0,1,0,1280,720
827,0,4,4,100.00,1,0,1,1,1,1,0,1,0,1280,720
828,0,4,4,100.00,1,0,1,1,1,1,0,1,0,1280,720
829,0,4,4,100.00,1,0,1,1,1,1,0,1,0,1280,720
830,0,4,4,100.00,1,0,1,1,1,1,0,1,0,1280,720
831,0,4,4,100.00,1,0,1,1,1,1,0,1,0,1280,720
832,0,4,4,100.00,1,0,1,1,1,1,0,1,0,1280,720
833,0,4,4,100.00,1,0,1,1,1,1,0,1,0,1280,720
834,0,4,4,100.00,1,0,1,1,1,1,0,1,0,1280,720
835,0,4,4,100.00,1,0,1,1,1,1,0,1,0,1280,720
836,0,4,4,100.00,1,0,1,1,1,1,0,1,0,1280,720
837,0,4,4,100.00,1,0,1,1,1,1,0,1,0,1280,720
838,0,4,4,100.00,1,0,1,1,1,1,0,1,0,1280,720
839,0,4,4,100.00,1,0,1,1,1,1,0,1,0,1280,720
840,0,4,4,100.00,1,0,1,1,1,1,0,1,0,1280,720
841,0,4,4,100.00,1,0,1,1,1,1,0,1,0,1280,720
842,0,4,4,100.00,1,0,1,1,1,1,0,1,0,1280,720
843,0,4,4,100.00,1,0,1,1,1,1,0,1,0,1280,720
844,0,4,4,100.00,1,0,1,1,1,1,0,1,0,1280,720
845,0,4,4,100.00,1,0,1,1,1,1,0,1,0,1280,720
846,0,4,4,100.00,1,0,1,1,1,1,0,1,0,1280,720
847,0,4,4,100.00,1,0,1,1,1,1,0,1,0,1280,720
848,0,4,4,100.00,1,0,1,1,1,1,0,1,0,1280,720
849,0,4,4,100.00,1,0,1,1,1,1,0,1,0,1280,720
850,0,4,4,100.00,1,0,1,1,1,1,0,1,0,1280,720
851,0,4,4,100.00,1,0,1,1,1,1,0,1,0,1280,720
852,0,4,4,100.00,1,0,1,1,1,1,0,1,0,1280,720
853,0,4,4,100.00,1,0,1,1,1,1,0,1,0,1280,720
854,0,4,4,100.00,1,0,1,1,1,1,0,1,0,1280,720
855,0,4,4,100.00,1,0,1,1,1,1,0,1,0,1280,720
856,0,4,4,100.00,1,0,1,1,1,1,0,1,0,1280,720
857,0,4,4,100.00,1,0,1,1,1,1,0,1,0,1280,720
858,0,4,4,100.00,1,0,1,1,1,1,0,1,0,1280,720
859,0,4,4,100.00,1,0,1,1,1,1,0,1,0,1280,720
860,0,4,4,100.00,1,0,1,1,1,1,0,1,0,1280,720
861,0,4,4,100.00,1,0,1,1,1,1,0,1,0,1280,720
862,0,4,4,100.00,1,0,1,1,1,1,0,1,0,1280,720
863,0,4,4,100.00,1,0,1,1,1,1,0,1,0,1280,720
864,0,4,4,100.00,1,0,1,1,1,1,0,1,0,1280,720
865,0,4,4,100.00,1,0,1,1,1,1,0,1,0,1280,720
866,0,4,4,100.00,1,0,1,1,1,1,0,1,0,1280,720
867,0,4,4,100.00,1,0,1,1,1,1,0,1,0,1280,720
868,0,4,4,100.00,1,0,1,1,1,1,0,1,0,1280,720
869,0,4,4,100.00,1,0,1,1,1,1,0,1,0,1280,720
870,0,4,4,100.00,1,0,1,1,1,1,0,1,0,1280,720
871,0,4,4,100.00,1,0,1,1,1,1,0,1,0,1280,720
872,0,4,4,100.00,1,0,1,1,1,1,0,1,0,1280,720
873,0,4,4,100.00,1,0,1,1,1,1,0,1,0,1280,720
874,0,4,4,100.00,1,0,1,1,1,1,0,1,0,1280,720
875,0,4,4,100.00,1,0,1,1,1,1,0,1,0,1280,720
876,0,4,4,100.00,1,0,1,1,1,1,0,1,0,1280,720
877,0,4,4,100.00,1,0,1,1,1,1,0,1,0,1280,720
878,0,4,4,100.00,1,0,1,1,1,1,0,1,0,1280,720
879,0,4,4,100.00,1,0,1,1,1,1,0,1,0,1280,720
880,0,4,4,100.00,1,0,1,1,1,1,0,1,0,1280,720
881,0,4,4,100.00,1,0,1,1,1,1,0,1,0,1280,720
882,0,4,4,100.00,1,0,1,1,1,1,0,1,0,1280,720
883,0,4,4,100.00,1,0,1,1,1,1,0,1,0,1280,720
884,0,4,4,100.00,1,0,1,1,1,1,0,1,0,1280,720
885,0,4,4,100.00,1,0,1,1,1,1,0,1,0,1280,720
886,0,4,4,100.00,1,0,1,1,1,1,0,1,0,1280,720
887,0,4,4,100.00,1,0,1,1,1,1,0,1,0,1280,720
888,0,4,4,100.00,1,0,1,1,1,1,0,1,0,1280,720
889,0,4,4,100.00,1,0,1,1,1,1,0,1,0,1280,720
890,0,4,4,100.00,1,0,1,1,1,1,0,1,0,1280,720
891,0,4,4,100.00,1,0,1,1,1,1,0,1,0,1280,720
892,0,4,4,100.00,1,0,1,1,1,1,0,1,0,1280,720
893,0,4,4,100.00,1,0,1,1,1,1,0,1,0,1280,720
894,0,4,4,100.00,1,0,1,1,1,1,0,1,0,1280,720
895,0,4,4,100.00,1,0,1,1,1,1,0,1,0,1280,720
896,0,4,4,100.00,1,0,1,1,1,1,0,1,0,1280,720
897,0,4,4,100.00,1,0,1,1,1,1,0,1,0,1280,720
898,0,4,4,100.00,1,0,1,1,1,1,0,1,0,1280,720
899,0,4,4,100.00,1,0,1,1,1,1,0,1,0,1280,720
900,0,4,4,100.00,1,0,1,1,1,1,0,1,0,1280,720
901,0,4,4,100.00,1,0,1,1,1,1,0,1,0,1280,720
902,0,4,4,100.00,1,0,1,1,1,1,0,1,0,1280,720
903,0,4,4,100.00,1,0,1,1,1,1,0,1,0,1280,720
904,0,4,4,100.00,1,0,1,1,1,1,0,1,0,1280,720
905,0,4,4,100.00,1,0,1,1,1,1,0,1,0,1280,720
906,0,4,4,100.00,1,0,1,1,1,1,0,1,0,1280,720
907,0,4,4,100.00,1,0,1,1,1,1,0,1,0,1280,720
908,0,4,4,100.00,1,0,1,1,1,1,0,1,0,1280,720
909,0,4,4,100.00,1,0,1,1,1,1,0,1,0,1280,720
910,0,4,4,100.00,1,0,1,1,1,1,0,1,0,1280,720
911,0,4,4,100.00,1,0,1,1,1,1,0,1,0,1280,720
912,0,4,4,100.00,1,0,1,1,1,1,0,1,0,1280,720
913,0,4,4,100.00,1,0,1,1,1,1,0,1,0,1280,720
914,0,4,4,100.00,1,0,1,1,1,1,0,1,0,1280,720
915,0,4,4,100.00,1,0,1,1,1,1,0,1,0,1280,720
916,0,4,4,100.00,1,0,1,1,1,1,0,1,0,1280,720
917,0,4,4,100.00,1,0,1,1,1,1,0,1,0,1280,720
918,0,4,4,100.00,1,0,1,1,1,1,0,1,0,1280,720
919,0,4,4,100.00,1,0,1,1,1,1,0,1,0,1280,720
920,0,4,4,100.00,1,0,1,1,1,1,0,1,0,1280,720
921,0,4,4,100.00,1,0,1,1,1,1,0,1,0,1280,720
922,0,4,4,100.00,1,0,1,1,1,1,0,1,0,1280,720
923,0,4,4,100.00,1,0,1,1,1,1,0,1,0,1280,720
924,0,4,4,100.00,1,0,1,1,1,1,0,1,0,1280,720
925,0,4,4,100.00,1,0,1,1,1,1,0,1,0,1280,720
926,0,4,4,100.00,1,0,1,1,1,1,0,1,0,1280,720
927,0,4,4,100.00,1,0,1,1,1,1,0,1,0,1280,720
928,0,4,4,100.00,1,0,1,1,1,1,0,1,0,1280,720
929,0,4,4,100.00,1,0,1,1,1,1,0,1,0,1280,720
930,0,4,4,100.00,1,0,1,1,1,1,0,1,0,1280,720
931,0,4,4,100.00,1,0,1,1,1,1,0,1,0,1280,720
932,0,4,4,100.00,1,0,1,1,1,1,0,1,0,1280,720
933,0,4,4,100.00,1,0,1,1,1,1,0,1,0,1280,720
934,0,4,4,100.00,1,0,1,1,1,1,0,1,0,1280,720
935,0,4,4,100.00,1,0,1,1,1,1,0,1,0,1280,720
936,0,4,4,100.00,1,0,1,1,1,1,0,1,0,1280,720
937,0,4,4,100.00,1,0,1,1,1,1,0,1,0,1280,720
938,0,4,4,100.00,1,0,1,1,1,1,0,1,0,1280,720
939,0,4,4,100.00,1,0,1,1,1,1,0,1,0,1280,720
940,0,4,4,100.00,1,0,1,1,1,1,0,1,0,1280,720
941,0,4,4,100.00,1,0,1,1,1,1,0,1,0,1280,720
942,0,4,4,100.00,1,0,1,1,1,1,0,1,0,1280,720
943,0,4,4,100.00,1,0,1,1,1,1,0,1,0,1280,720
944,0,4,4,100.00,1,0,1,1,1,1,0,1,0,1280,720
945,0,4,4,100.00,1,0,1,1,1,1,0,1,0,1280,720
946,0,4,4,100.00,1,0,1,1,1,1,0,1,0,1280,720
947,0,4,4,100.00,1,0,1,1,1,1,0,1,0,1280,720
948,0,4,4,100.00,1,0,1,1,1,1,0,1,0,1280,720
949,0,4,4,100.00,1,0,1,1,1,1,0,1,0,1280,720
950,0,4,4,100.00,1,0,1,1,1,1,0,1,0,1280,720
951,0,4,4,100.00,1,0,1,1,1,1,0,1,0,1280,720
952,0,4,4,100.00,1,0,1,1,1,1,0,1,0,1280,720
953,0,4,4,100.00,1,0,1,1,1,1,0,1,0,1280,720
954,0,4,4,100.00,1,0,1,1,1,1,0,1,0,1280,720
955,0,4,4,100.00,1,0,1,1,1,1,0,1,0,1280,720
956,0,4,4,100.00,1,0,1,1,1,1,0,1,0,1280,720
957,0,4,4,100.00,1,0,1,1,1,1,0,1,0,1280,720
958,0,4,4,100.00,1,0,1,1,1,1,0,1,0,1280,720
959,0,4,4,100.00,1,0,1,1,1,1,0,1,0,1280,720
960,0,4,4,100.00,1,0,1,1,1,1,0,1,0,1280,720
961,0,4,4,100.00,1,0,1,1,1,1,0,1,0,1280,720
962,0,4,4,100.00,1,0,1,1,1,1,0,1,0,1280,720
963,0,4,4,100.00,1,0,1,1,1,1,0,1,0,1280,720
964,0,4,4,100.00,1,0,1,1,1,1,0,1,0,1280,720
965,0,4,4,100.00,1,0,1,1,1,1,0,1,0,1280,720
966,0,4,4,100.00,1,0,1,1,1,1,0,1,0,1280,720
967,0,4,4,100.00,1,0,1,1,1,1,0,1,0,1280,720
968,0,4,4,100.00,1,0,1,1,1,1,0,1,0,1280,720
969,0,4,4,100.00,1,0,1,1,1,1,0,1,0,1280,720
970,0,4,4,100.00,1,0,1,1,1,1,0,1,0,1280,720
971,0,4,4,100.00,1,0,1,1,1,1,0,1,0,1280,720
972,0,4,4,100.00,1,0,1,1,1,1,0,1,0,1280,720
973,0,4,4,100.00,1,0,1,1,1,1,0,1,0,1280,720
974,0,4,4,100.00,1,0,1,1,1,1,0,1,0,1280,720
975,0,4,4,100.00,1,0,1,1,1,1,0,1,0,1280,720
976,0,4,4,100.00,1,0,1,1,1,1,0,1,0,1280,720
977,0,4,4,100.00,1,0,1,1,1,1,0,1,0,1280,720
978,0,4,4,100.00,1,0,1,1,1,1,0,1,0,1280,720
979,0,4,4,100.00,1,0,1,1,1,1,0,1,0,1280,720
980,0,4,4,100.00,1,0,1,1,1,1,0,1,0,1280,720
981,0,4,4,100.00,1,0,1,1,1,1,0,1,0,1280,720
982,0,4,4,100.00,1,0,1,1,1,1,0,1,0,1280,720
983,0,4,4,100.00,1,0,1,1,1,1,0,1,0,1280,720
984,0,4,4,100.00,1,0,1,1,1,1,0,1,0,1280,720
985,0,4,4,100.00,1,0,1,1,1,1,0,1,0,1280,720
986,0,4,4,100.00,1,0,1,1,1,1,0,1,0,1280,720
987,0,4,4,100.00,1,0,1,1,1,1,0,1,0,1280,720
988,0,4,4,100.00,1,0,1,1,1,1,0,1,0,1280,720
989,0,4,4,100.00,1,0,1,1,1,1,0,1,0,1280,720
990,0,4,4,100.00,1,0,1,1,1,1,0,1,0,1280,720
991,0,4,4,100.00,1,0,1,1,1,1,0,1,0,1280,720
992,0,4,4,100.00,1,0,1,1,1,1,0,1,0,1280,720
993,0,4,4,100.00,1,0,1,1,1,1,0,1,0,1280,720
994,0,4,4,100.00,1,0,1,1,1,1,0,1,0,1280,720
995,0,4,4,100.00,1,0,1,1,1,1,0,1,0,1280,720
996,0,4,4,100.00,1,0,1,1,1,1,0,1,0,1280,720
997,0,4,4,100.00,1,0,1,1,1,1,0,1,0,1280,720
998,0,4,4,100.00,1,0,1,1,1,1,0,1,0,1280,720
999,0,4,4,100.00,1,0,1,1,1,1,0,1,0,1280,720
1000,0,4,4,100.00,1,0,1,1,1,1,0,1,0,1280,720
1001,0,4,4,100.00,1,0,1,1,1,1,0,1,0,1280,720
1002,0,4,4,100.00,1,0,1,1,1,1,0,1,0,1280,720
1003,0,4,4,100.00,1,0,1,1,1,1,0,1,0,1280,720
1004,0,4,4,100.00,1,0,1,1,1,1,0,1,0,1280,720
1005,0,4,4,100.00,1,0,1,1,1,1,0,1,0,1280,720
1006,0,4,4,100.00,1,0,1,1,1,1,0,1,0,1280,720
1007,0,4,4,100.00,1,0,1,1,1,1,0,1,0,1280,720
1008,0,4,4,100.00,1,0,1,1,1,1,0,1,0,1280,720
1009,0,4,4,100.00,1,0,1,1,1,1,0,1,0,1280,720
1010,0,4,4,100.00,1,0,1,1,1,1,0,1,0,1280,720
1011,0,4,4,100.00,1,0,1,1,1,1,0,1,0,1280,720
1012,0,4,4,100.00,1,0,1,1,1,1,0,1,0,1280,720
1013,0,4,4,100.00,1,0,1,1,1,1,0,1,0,1280,720
1014,0,4,4,100.00,1,0,1,1,1,1,0,1,0,1280,720
1015,0,4,4,100.00,1,0,1,1,1,1,0,1,0,1280,720
1016,0,4,4,100.00,1,0,1,1,1,1,0,1,0,1280,720
1017,0,4,4,100.00,1,0,1,1,1,1,0,1,0,1280,720
1018,0,4,4,100.00,1,0,1,1,1,1,0,1,0,1280,720
1019,0,4,4,100.00,1,0,1,1,1,1,0,1,0,1280,720
1020,0,4,4,100.00,1,0,1,1,1,1,0,1,0,1280,720
1021,0,4,4,100.00,1,0,1,1,1,1,0,1,0,1280,720
1022,0,4,4,100.00,1,0,1,1,1,1,0,1,0,1280,720
1023,0,4,4,100.00,1,0,1,1,1,1,0,1,0,1280,720
1024,0,4,4,100.00,1,0,1,1,1,1,0,1,0,1280,720
1025,0,4,4,100.00,1,0,1,1,1,1,0,1,0,1280,720
1026,0,4,4,100.00,1,0,1,1,1,1,0,1,0,1280,720
1027,0,4,4,100.00,1,0,1,1,1,1,0,1,0,1280,720
1028,0,4,4,100.00,1,0,1,1,1,1,0,1,0,1280,720
1029,0,4,4,100.00,1,0,1,1,1,1,0,1,0,1280,720
1030,0,4,4,100.00,1,0,1,1,1,1,0,1,0,1280,720
1031,0,4,4,100.00,1,0,1,1,1,1,0,1,0,1280,720
1032,0,4,4,100.00,1,0,1,1,1,1,0,1,0,1280,720
1033,0,4,4,100.00,1,0,1,1,1,1,0,1,0,1280,720
1034,0,4,4,100.00,1,0,1,1,1,1,0,1,0,1280,720
1035,0,4,4,100.00,1,0,1,1,1,1,0,1,0,1280,720
1036,0,4,4,100.00,1,0,1,1,1,1,0,1,0,1280,720
1037,0,4,4,100.00,1,0,1,1,1,1,0,1,0,1280,720
1038,0,4,4,100.00,1,0,1,1,1,1,0,1,0,1280,720
1039,0,4,4,100.00,1,0,1,1,1,1,0,1,0,1280,720
1040,0,4,4,100.00,1,0,1,1,1,1,0,1,0,1280,720
1041,0,4,4,100.00,1,0,1,1,1,1,0,1,0,1280,720
1042,0,4,4,100.00,1,0,1,1,1,1,0,1,0,1280,720
1043,0,4,4,100.00,1,0,1,1,1,1,0,1,0,1280,720
1044,0,4,4,100.00,1,0,1,1,1,1,0,1,0,1280,720
1045,0,4,4,100.00,1,0,1,1,1,1,0,1,0,1280,720
1046,0,4,4,100.00,1,0,1,1,1,1,0,1,0,1280,720
1047,0,4,4,100.00,1,0,1,1,1,1,0,1,0,1280,720
1048,0,4,4,100.00,1,0,1,1,1,1,0,1,0,1280,720
1049,0,4,4,100.00,1,0,1,1,1,1,0,1,0,1280,720
1050,0,4,4,100.00,1,0,1,1,1,1,0,1,0,1280,720
1051,0,4,4,100.00,1,0,1,1,1,1,0,1,0,1280,720
1052,0,4,4,100.00,1,0,1,1,1,1,0,1,0,1280,720
1053,0,4,4,100.00,1,0,1,1,1,1,0,1,0,1280,720
1054,0,4,4,100.00,1,0,1,1,1,1,0,1,0,1280,720
1055,0,4,4,100.00,1,0,1,1,1,1,0,1,0,1280,720
1056,0,4,4,100.00,1,0,1,1,1,1,0,1,0,1280,720
1057,0,4,4,100.00,1,0,1,1,1,1,0,1,0,1280,720
1058,0,4,4,100.00,1,0,1,1,1,1,0,1,0,1280,720
1059,0,4,4,100.00,1,0,1,1,1,1,0,1,0,1280,720
1060,0,4,4,100.00,1,0,1,1,1,1,0,1,0,1280,720
1061,0,4,4,100.00,1,0,1,1,1,1,0,1,0,1280,720
1062,0,4,4,100.00,1,0,1,1,1,1,0,1,0,1280,720
1063,0,4,4,100.00,1,0,1,1,1,1,0,1,0,1280,720
1064,0,4,4,100.00,1,0,1,1,1,1,0,1,0,1280,720
1065,0,4,4,100.00,1,0,1,1,1,1,0,1,0,1280,720
1066,0,4,4,100.00,1,0,1,1,1,1,0,1,0,1280,720
1067,0,4,4,100.00,1,0,1,1,1,1,0,1,0,1280,720
1068,0,4,4,100.00,1,0,1,1,1,1,0,1,0,1280,720
1069,0,4,4,100.00,1,0,1,1,1,1,0,1,0,1280,720
1070,0,4,4,100.00,1,0,1,1,1,1,0,1,0,1280,720
1071,0,4,4,100.00,1,0,1,1,1,1,0,1,0,1280,720
1072,0,4,4,100.00,1,0,1,1,1,1,0,1,0,1280,720
1073,0,4,4,100.00,1,0,1,1,1,1,0,1,0,1280,720
1074,0,4,4,100.00,1,0,1,1,1,1,0,1,0,1280,720
1075,0,4,4,100.00,1,0,1,1,1,1,0,1,0,1280,720
1076,0,4,4,100.00,1,0,1,1,1,1,0,1,0,1280,720
1077,0,4,4,100.00,1,0,1,1,1,1,0,1,0,1280,720
1078,0,4,4,100.00,1,0,1,1,1,1,0,1,0,1280,720
1079,0,4,4,100.00,1,0,1,1,1,1,0,1,0,1280,720
1080,0,4,4,100.00,1,0,1,1,1,1,0,1,0,1280,720
1081,0,4,4,100.00,1,0,1,1,1,1,0,1,0,1280,720
1082,0,4,4,100.00,1,0,1,1,1,1,0,1,0,1280,720
1083,0,4,4,100.00,1,0,1,1,1,1,0,1,0,1280,720
1084,0,4,4,100.00,1,0,1,1,1,1,0,1,0,1280,720
1085,0,4,4,100.00,1,0,1,1,1,1,0,1,0,1280,720
1086,0,4,4,100.00,1,0,1,1,1,1,0,1,0,1280,720
1087,0,4,4,100.00,1,0,1,1,1,1,0,1,0,1280,720
1088,0,4,4,100.00,1,0,1,1,1,1,0,1,0,1280,720
1089,0,4,4,100.00,1,0,1,1,1,1,0,1,0,1280,720
1090,0,4,4,100.00,1,0,1,1,1,1,0,1,0,1280,720
1091,0,4,4,100.00,1,0,1,1,1,1,0,1,0,1280,720
1092,0,4,4,100.00,1,0,1,1,1,1,0,1,0,1280,720
1093,0,4,4,100.00,1,0,1,1,1,1,0,1,0,1280,720
1094,0,4,4,100.00,1,0,1,1,1,1,0,1,0,1280,720
1095,0,4,4,100.00,1,0,1,1,1,1,0,1,0,1280,720
1096,0,4,4,100.00,1,0,1,1,1,1,0,1,0,1280,720
1097,0,4,4,100.00,1,0,1,1,1,1,0,1,0,1280,720
1098,0,4,4,100.00,1,0,1,1,1,1,0,1,0,1280,720
1099,0,4,4,100.00,1,0,1,1,1,1,0,1,0,1280,720
1100,0,4,4,100.00,1,0,1,1,1,1,0,1,0,1280,720
1101,0,4,4,100.00,1,0,1,1,1,1,0,1,0,1280,720
1102,0,4,4,100.00,1,0,1,1,1,1,0,1,0,1280,720
1103,0,4,4,100.00,1,0,1,1,1,1,0,1,0,1280,720
1104,0,4,4,100.00,1,0,1,1,1,1,0,1,0,1280,720
1105,0,4,4,100.00,1,0,1,1,1,1,0,1,0,1280,720
1106,0,4,4,100.00,1,0,1,1,1,1,0,1,0,1280,720
1107,0,4,4,100.00,1,0,1,1,1,1,0,1,0,1280,720
1108,0,4,4,100.00,1,0,1,1,1,1,0,1,0,1280,720
1109,0,4,4,100.00,1,0,1,1,1,1,0,1,0,1280,720
1110,0,4,4,100.00,1,0,1,1,1,1,0,1,0,1280,720
1111,0,4,4,100.00,1,0,1,1,1,1,0,1,0,1280,720
1112,0,4,4,100.00,1,0,1,1,1,1,0,1,0,1280,720
1113,0,4,4,100.00,1,0,1,1,1,1,0,1,0,1280,720
1114,0,4,4,100.00,1,0,1,1,1,1,0,1,0,1280,720
1115,0,4,4,100.00,1,0,1,1,1,1,0,1,0,1280,720
1116,0,4,4,100.00,1,0,1,1,1,1,0,1,0,1280,720
1117,0,4,4,100.00,1,0,1,1,1,1,0,1,0,1280,720
1118,0,4,4,100.00,1,0,1,1,1,1,0,1,0,1280,720
1119,0,4,4,100.00,1,0,1,1,1,1,0,1,0,1280,720
1120,0,4,4,100.00,1,0,1,1,1,1,0,1,0,1280,720
1121,0,4,4,100.00,1,0,1,1,1,1,0,1,0,1280,720
1122,0,4,4,100.00,1,0,1,1,1,1,0,1,0,1280,720
1123,0,4,4,100.00,1,0,1,1,1,1,0,1,0,1280,720
1124,0,4,4,100.00,1,0,1,1,1,1,0,1,0,1280,720
1125,0,4,4,100.00,1,0,1,1,1,1,0,1,0,1280,720
1126,0,4,4,100.00,1,0,1,1,1,1,0,1,0,1280,720
1127,0,4,4,100.00,1,0,1,1,1,1,0,1,0,1280,720
1128,0,4,4,100.00,1,0,1,1,1,1,0,1,0,1280,720
1129,0,4,4,100.00,1,0,1,1,1,1,0,1,0,1280,720
1130,0,4,4,100.00,1,0,1,1,1,1,0,1,0,1280,720
1131,0,4,4,100.00,1,0,1,1,1,1,0,1,0,1280,720
1132,0,4,4,100.00,1,0,1,1,1,1,0,1,0,1280,720
1133,0,4,4,100.00,1,0,1,1,1,1,0,1,0,1280,720
1134,0,4,4,100.00,1,0,1,1,1,1,0,1,0,1280,720
1135,0,4,4,100.00,1,0,1,1,1,1,0,1,0,1280,720
1136,0,4,4,100.00,1,0,1,1,1,1,0,1,0,1280,720
1137,0,4,4,100.00,1,0,1,1,1,1,0,1,0,1280,720
1138,0,4,4,100.00,1,0,1,1,1,1,0,1,0,1280,720
1139,0,4,4,100.00,1,0,1,1,1,1,0,1,0,1280,720
1140,0,4,4,100.00,1,0,1,1,1,1,0,1,0,1280,720
1141,0,4,4,100.00,1,0,1,1,1,1,0,1,0,1280,720
1142,0,4,4,100.00,1,0,1,1,1,1,0,1,0,1280,720
1143,0,4,4,100.00,1,0,1,1,1,1,0,1,0,1280,720
1144,0,4,4,100.00,1,0,1,1,1,1,0,1,0,1280,720
1145,0,4,4,100.00,1,0,1,1,1,1,0,1,0,1280,720
1146,0,4,4,100.00,1,0,1,1,1,1,0,1,0,1280,720
1147,0,4,4,100.00,1,0,1,1,1,1,0,1,0,1280,720
1148,0,4,4,100.00,1,0,1,1,1,1,0,1,0,1280,720
1149,0,4,4,100.00,1,0,1,1,1,1,0,1,0,1280,720
1150,0,4,4,100.00,1,0,1,1,1,1,0,1,0,1280,720
1151,0,4,4,100.00,1,0,1,1,1,1,0,1,0,1280,720
1152,0,4,4,100.00,1,0,1,1,1,1,0,1,0,1280,720
1153,0,4,4,100.00,1,0,1,1,1,1,0,1,0,1280,720
1154,0,4,4,100.00,1,0,1,1,1,1,0,1,0,1280,720
1155,0,4,4,100.00,1,0,1,1,1,1,0,1,0,1280,720
1156,0,4,4,100.00,1,0,1,1,1,1,0,1,0,1280,720
1157,0,4,4,100.00,1,0,1,1,1,1,0,1,0,1280,720
1158,0,4,4,100.00,1,0,1,1,1,1,0,1,0,1280,720
1159,0,4,4,100.00,1,0,1,1,1,1,0,1,0,1280,720
1160,0,4,4,100.00,1,0,1,1,1,1,0,1,0,1280,720
1161,0,4,4,100.00,1,0,1,1,1,1,0,1,0,1280,720
1162,0,4,4,100.00,1,0,1,1,1,1,0,1,0,1280,720
1163,0,4,4,100.00,1,0,1,1,1,1,0,1,0,1280,720
1164,0,4,4,100.00,1,0,1,1,1,1,0,1,0,1280,720
1165,0,4,4,100.00,1,0,1,1,1,1,0,1,0,1280,720
1166,0,4,4,100.00,1,0,1,1,1,1,0,1,0,1280,720
1167,0,4,4,100.00,1,0,1,1,1,1,0,1,0,1280,720
1168,0,4,4,100.00,1,0,1,1,1,1,0,1,0,1280,720
1169,0,4,4,100.00,1,0,1,1,1,1,0,1,0,1280,720
1170,0,4,4,100.00,1,0,1,1,1,1,0,1,0,1280,720
1171,0,4,4,100.00,1,0,1,1,1,1,0,1,0,1280,720
1172,0,4,4,100.00,1,0,1,1,1,1,0,1,0,1280,720
1173,0,4,4,100.00,1,0,1,1,1,1,0,1,0,1280,720
1174,0,4,4,100.00,1,0,1,1,1,1,0,1,0,1280,720
1175,0,4,4,100.00,1,0,1,1,1,1,0,1,0,1280,720
1176,0,4,4,100.00,1,0,1,1,1,1,0,1,0,1280,720
1177,0,4,4,100.00,1,0,1,1,1,1,0,1,0,1280,720
1178,0,4,4,100.00,1,0,1,1,1,1,0,1,0,1280,720
1179,0,4,4,100.00,1,0,1,1,1,1,0,1,0,1280,720
1180,0,4,4,100.00,1,0,1,1,1,1,0,1,0,1280,720
1181,0,4,4,100.00,1,0,1,1,1,1,0,1,0,1280,720
1182,0,4,4,100.00,1,0,1,1,1,1,0,1,0,1280,720
1183,0,4,4,100.00,1,0,1,1,1,1,0,1,0,1280,720
1184,0,4,4,100.00,1,0,1,1,1,1,0,1,0,1280,720
1185,0,4,4,100.00,1,0,1,1,1,1,0,1,0,1280,720
1186,0,4,4,100.00,1,0,1,1,1,1,0,1,0,1280,720
1187,0,4,4,100.00,1,0,1,1,1,1,0,1,0,1280,720
1188,0,4,4,100.00,1,0,1,1,1,1,0,1,0,1280,720
1189,0,4,4,100.00,1,0,1,1,1,1,0,1,0,1280,720
1190,0,4,4,100.00,1,0,1,1,1,1,0,1,0,1280,720
1191,0,4,4,100.00,1,0,1,1,1,1,0,1,0,1280,720
1192,0,4,4,100.00,1,0,1,1,1,1,0,1,0,1280,720
1193,0,4,4,100.00,1,0,1,1,1,1,0,1,0,1280,720
1194,0,4,4,100.00,1,0,1,1,1,1,0,1,0,1280,720
1195,0,4,4,100.00,1,0,1,1,1,1,0,1,0,1280,720
1196,0,4,4,100.00,1,0,1,1,1,1,0,1,0,1280,720
1197,0,4,4,100.00,1,0,1,1,1,1,0,1,0,1280,720
1198,0,4,4,100.00,1,0,1,1,1,1,0,1,0,1280,720
1199,0,4,4,100.00,1,0,1,1,1,1,0,1,0,1280,720
1200,0,4,4,100.00,1,0,1,1,1,1,0,1,0,1280,720
1201,0,4,4,100.00,1,0,1,1,1,1,0,1,0,1280,720
1202,0,4,4,100.00,1,0,1,1,1,1,0,1,0,1280,720
1203,0,4,4,100.00,1,0,1,1,1,1,0,1,0,1280,720
1204,0,4,4,100.00,1,0,1,1,1,1,0,1,0,1280,720
1205,0,4,4,100.00,1,0,1,1,1,1,0,1,0,1280,720
1206,0,4,4,100.00,1,0,1,1,1,1,0,1,0,1280,720
1207,0,4,4,100.00,1,0,1,1,1,1,0,1,0,1280,720
1208,0,4,4,100.00,1,0,1,1,1,1,0,1,0,1280,720
1209,0,4,4,100.00,1,0,1,1,1,1,0,1,0,1280,720
1210,0,4,4,100.00,1,0,1,1,1,1,0,1,0,1280,720
1211,0,4,4,100.00,1,0,1,1,1,1,0,1,0,1280,720
1212,0,4,4,100.00,1,0,1,1,1,1,0,1,0,1280,720
1213,0,4,4,100.00,1,0,1,1,1,1,0,1,0,1280,720
1214,0,4,4,100.00,1,0,1,1,1,1,0,1,0,1280,720
1215,0,4,4,100.00,1,0,1,1,1,1,0,1,0,1280,720
1216,0,4,4,100.00,1,0,1,1,1,1,0,1,0,1280,720
1217,0,4,4,100.00,1,0,1,1,1,1,0,1,0,1280,720
1218,0,4,4,100.00,1,0,1,1,1,1,0,1,0,1280,720
1219,0,4,4,100.00,1,0,1,1,1,1,0,1,0,1280,720
1220,0,4,4,100.00,1,0,1,1,1,1,0,1,0,1280,720
1221,0,4,4,100.00,1,0,1,1,1,1,0,1,0,1280,720
1222,0,4,4,100.00,1,0,1,1,1,1,0,1,0,1280,720
1223,0,4,4,100.00,1,0,1,1,1,1,0,1,0,1280,720
1224,0,4,4,100.00,1,0,1,1,1,1,0,1,0,1280,720
1225,0,4,4,100.00,1,0,1,1,1,1,0,1,0,1280,720
1226,0,4,4,100.00,1,0,1,1,1,1,0,1,0,1280,720
1227,0,4,4,100.00,1,0,1,1,1,1,0,1,0,1280,720
1228,0,4,4,100.00,1,0,1,1,1,1,0,1,0,1280,720
1229,0,4,4,100.00,1,0,1,1,1,1,0,1,0,1280,720
1230,0,4,4,100.00,1,0,1,1,1,1,0,1,0,1280,720
1231,0,4,4,100.00,1,0,1,1,1,1,0,1,0,1280,720
1232,0,4,4,100.00,1,0,1,1,1,1,0,1,0,1280,720
1233,0,4,4,100.00,1,0,1,1,1,1,0,1,0,1280,720
1234,0,4,4,100.00,1,0,1,1,1,1,0,1,0,1280,720
1235,0,4,4,100.00,1,0,1,1,1,1,0,1,0,1280,720
1236,0,4,4,100.00,1,0,1,1,1,1,0,1,0,1280,720
1237,0,4,4,100.00,1,0,1,1,1,1,0,1,0,1280,720
1238,0,4,4,100.00,1,0,1,1,1,1,0,1,0,1280,720
1239,0,4,4,100.00,1,0,1,1,1,1,0,1,0,1280,720
1240,0,4,4,100.00,1,0,1,1,1,1,0,1,0,1280,720
1241,0,4,4,100.00,1,0,1,1,1,1,0,1,0,1280,720
1242,0,4,4,100.00,1,0,1,1,1,1,0,1,0,1280,720
1243,0,4,4,100.00,1,0,1,1,1,1,0,1,0,1280,720
1244,0,4,4,100.00,1,0,1,1,1,1,0,1,0,1280,720
1245,0,4,4,100.00,1,0,1,1,1,1,0,1,0,1280,720
1246,0,4,4,100.00,1,0,1,1,1,1,0,1,0,1280,720
1247,0,4,4,100.00,1,0,1,1,1,1,0,1,0,1280,720
1248,0,4,4,100.00,1,0,1,1,1,1,0,1,0,1280,720
1249,0,4,4,100.00,1,0,1,1,1,1,0,1,0,1280,720
1250,0,4,4,100.00,1,0,1,1,1,1,0,1,0,1280,720
1251,0,4,4,100.00,1,0,1,1,1,1,0,1,0,1280,720
1252,0,4,4,100.00,1,0,1,1,1,1,0,1,0,1280,720
1253,0,4,4,100.00,1,0,1,1,1,1,0,1,0,1280,720
1254,0,4,4,100.00,1,0,1,1,1,1,0,1,0,1280,720
1255,0,4,4,100.00,1,0,1,1,1,1,0,1,0,1280,720
1256,0,4,4,100.00,1,0,1,1,1,1,0,1,0,1280,720
1257,0,4,4,100.00,1,0,1,1,1,1,0,1,0,1280,720
1258,0,4,4,100.00,1,0,1,1,1,1,0,1,0,1280,720
1259,0,4,4,100.00,1,0,1,1,1,1,0,1,0,1280,720
1260,0,4,4,100.00,1,0,1,1,1,1,0,1,0,1280,720
1261,0,4,4,100.00,1,0,1,1,1,1,0,1,0,1280,720
1262,0,4,4,100.00,1,0,1,1,1,1,0,1,0,1280,720
1263,0,4,4,100.00,1,0,1,1,1,1,0,1,0,1280,720
1264,0,4,4,100.00,1,0,1,1,1,1,0,1,0,1280,720
1265,0,4,4,100.00,1,0,1,1,1,1,0,1,0,1280,720
1266,0,4,4,100.00,1,0,1,1,1,1,0,1,0,1280,720
1267,0,4,4,100.00,1,0,1,1,1,1,0,1,0,1280,720
1268,0,4,4,100.00,1,0,1,1,1,1,0,1,0,1280,720
1269,0,4,4,100.00,1,0,1,1,1,1,0,1,0,1280,720
1270,0,4,4,100.00,1,0,1,1,1,1,0,1,0,1280,720
1271,0,4,4,100.00,1,0,1,1,1,1,0,1,0,1280,720
1272,0,4,4,100.00,1,0,1,1,1,1,0,1,0,1280,720
1273,0,4,4,100.00,1,0,1,1,1,1,0,1,0,1280,720
1274,0,4,4,100.00,1,0,1,1,1,1,0,1,0,1280,720
1275,0,4,4,100.00,1,0,1,1,1,1,0,1,0,1280,720
1276,0,4,4,100.00,1,0,1,1,1,1,0,1,0,1280,720
1277,0,4,4,100.00,1,0,1,1,1,1,0,1,0,1280,720
1278,0,4,4,100.00,1,0,1,1,1,1,0,1,0,1280,720
1279,0,4,4,100.00,1,0,1,1,1,1,0,1,0,1280,720
1280,0,4,4,100.00,1,0,1,1,1,1,0,1,0,1280,720
1281,0,4,4,100.00,1,0,1,1,1,1,0,1,0,1280,720
1282,0,4,4,100.00,1,0,1,1,1,1,0,1,0,1280,720
1283,0,4,4,100.00,1,0,1,1,1,1,0,1,0,1280,720
1284,0,4,4,100.00,1,0,1,1,1,1,0,1,0,1280,720
1285,0,4,4,100.00,1,0,1,1,1,1,0,1,0,1280,720
1286,0,4,4,100.00,1,0,1,1,1,1,0,1,0,1280,720
1287,0,4,4,100.00,1,0,1,1,1,1,0,1,0,1280,720
1288,0,4,4,100.00,1,0,1,1,1,1,0,1,0,1280,720
1289,0,4,4,100.00,1,0,1,1,1,1,0,1,0,1280,720
1290,0,4,4,100.00,1,0,1,1,1,1,0,1,0,1280,720
1291,0,4,4,100.00,1,0,1,1,1,1,0,1,0,1280,720
1292,0,4,4,100.00,1,0,1,1,1,1,0,1,0,1280,720
1293,0,4,4,100.00,1,0,1,1,1,1,0,1,0,1280,720
1294,0,4,4,100.00,1,0,1,1,1,1,0,1,0,1280,720
1295,0,4,4,100.00,1,0,1,1,1,1,0,1,0,1280,720
1296,0,4,4,100.00,1,0,1,1,1,1,0,1,0,1280,720
1297,0,4,4,100.00,1,0,1,1,1,1,0,1,0,1280,720
1298,0,4,4,100.00,1,0,1,1,1,1,0,1,0,1280,720
1299,0,4,4,100.00,1,0,1,1,1,1,0,1,0,1280,720
1300,0,4,4,100.00,1,0,1,1,1,1,0,1,0,1280,720
1301,0,4,4,100.00,1,0,1,1,1,1,0,1,0,1280,720
1302,0,4,4,100.00,1,0,1,1,1,1,0,1,0,1280,720
1303,0,4,4,100.00,1,0,1,1,1,1,0,1,0,1280,720
1304,0,4,4,100.00,1,0,1,1,1,1,0,1,0,1280,720
1305,0,4,4,100.00,1,0,1,1,1,1,0,1,0,1280,720
1306,0,4,4,100.00,1,0,1,1,1,1,0,1,0,1280,720
1307,0,4,4,100.00,1,0,1,1,1,1,0,1,0,1280,720
1308,0,4,4,100.00,1,0,1,1,1,1,0,1,0,1280,720
1309,0,4,4,100.00,1,0,1,1,1,1,0,1,0,1280,720
1310,0,4,4,100.00,1,0,1,1,1,1,0,1,0,1280,720
1311,0,4,4,100.00,1,0,1,1,1,1,0,1,0,1280,720
1312,0,4,4,100.00,1,0,1,1,1,1,0,1,0,1280,720
1313,0,4,4,100.00,1,0,1,1,1,1,0,1,0,1280,720
1314,0,4,4,100.00,1,0,1,1,1,1,0,1,0,1280,720
1315,0,4,4,100.00,1,0,1,1,1,1,0,1,0,1280,720
1316,0,4,4,100.00,1,0,1,1,1,1,0,1,0,1280,720
1317,0,4,4,100.00,1,0,1,1,1,1,0,1,0,1280,720
1318,0,4,4,100.00,1,0,1,1,1,1,0,1,0,1280,720
1319,0,4,4,100.00,1,0,1,1,1,1,0,1,0,1280,720
1320,0,4,4,100.00,1,0,1,1,1,1,0,1,0,1280,720
1321,0,4,4,100.00,1,0,1,1,1,1,0,1,0,1280,720
1322,0,4,4,100.00,1,0,1,1,1,1,0,1,0,1280,720
1323,0,4,4,100.00,1,0,1,1,1,1,0,1,0,1280,720
1324,0,4,4,100.00,1,0,1,1,1,1,0,1,0,1280,720
1325,0,4,4,100.00,1,0,1,1,1,1,0,1,0,1280,720
1326,0,4,4,100.00,1,0,1,1,1,1,0,1,0,1280,720
1327,0,4,4,100.00,1,0,1,1,1,1,0,1,0,1280,720
1328,0,4,4,100.00,1,0,1,1,1,1,0,1,0,1280,720
1329,0,4,4,100.00,1,0,1,1,1,1,0,1,0,1280,720
1330,0,4,4,100.00,1,0,1,1,1,1,0,1,0,1280,720
1331,0,4,4,100.00,1,0,1,1,1,1,0,1,0,1280,720
1332,0,4,4,100.00,1,0,1,1,1,1,0,1,0,1280,720
1333,0,4,4,100.00,1,0,1,1,1,1,0,1,0,1280,720
1334,0,4,4,100.00,1,0,1,1,1,1,0,1,0,1280,720
1335,0,4,4,100.00,1,0,1,1,1,1,0,1,0,1280,720
1336,0,4,4,100.00,1,0,1,1,1,1,0,1,0,1280,720
1337,0,4,4,100.00,1,0,1,1,1,1,0,1,0,1280,720
1338,0,4,4,100.00,1,0,1,1,1,1,0,1,0,1280,720
1339,0,4,4,100.00,1,0,1,1,1,1,0,1,0,1280,720
1340,0,4,4,100.00,1,0,1,1,1,1,0,1,0,1280,720
1341,0,4,4,100.00,1,0,1,1,1,1,0,1,0,1280,720
1342,0,4,4,100.00,1,0,1,1,1,1,0,1,0,1280,720
1343,0,4,4,100.00,1,0,1,1,1,1,0,1,0,1280,720
1344,0,4,4,100.00,1,0,1,1,1,1,0,1,0,1280,720
1345,0,4,4,100.00,1,0,1,1,1,1,0,1,0,1280,720
1346,0,4,4,100.00,1,0,1,1,1,1,0,1,0,1280,720
1347,0,4,4,100.00,1,0,1,1,1,1,0,1,0,1280,720
1348,0,4,4,100.00,1,0,1,1,1,1,0,1,0,1280,720
1349,0,4,4,100.00,1,0,1,1,1,1,0,1,0,1280,720
1350,0,4,4,100.00,1,0,1,1,1,1,0,1,0,1280,720
1351,0,4,4,100.00,1,0,1,1,1,1,0,1,0,1280,720
1352,0,4,4,100.00,1,0,1,1,1,1,0,1,0,1280,720
1353,0,4,4,100.00,1,0,1,1,1,1,0,1,0,1280,720
1354,0,4,4,100.00,1,0,1,1,1,1,0,1,0,1280,720
1355,0,4,4,100.00,1,0,1,1,1,1,0,1,0,1280,720
1356,0,4,4,100.00,1,0,1,1,1,1,0,1,0,1280,720
1357,0,4,4,100.00,1,0,1,1,1,1,0,1,0,1280,720
1358,0,4,4,100.00,1,0,1,1,1,1,0,1,0,1280,720
1359,0,4,4,100.00,1,0,1,1,1,1,0,1,0,1280,720
1360,0,4,4,100.00,1,0,1,1,1,1,0,1,0,1280,720
1361,0,4,4,100.00,1,0,1,1,1,1,0,1,0,1280,720
1362,0,4,4,100.00,1,0,1,1,1,1,0,1,0,1280,720
1363,0,4,4,100.00,1,0,1,1,1,1,0,1,0,1280,720
1364,0,4,4,100.00,1,0,1,1,1,1,0,1,0,1280,720
1365,0,4,4,100.00,1,0,1,1,1,1,0,1,0,1280,720
1366,0,4,4,100.00,1,0,1,1,1,1,0,1,0,1280,720
1367,0,4,4,100.00,1,0,1,1,1,1,0,1,0,1280,720
1368,0,4,4,100.00,1,0,1,1,1,1,0,1,0,1280,720
1369,0,4,4,100.00,1,0,1,1,1,1,0,1,0,1280,720
1370,0,4,4,100.00,1,0,1,1,1,1,0,1,0,1280,720
1371,0,4,4,100.00,1,0,1,1,1,1,0,1,0,1280,720
1372,0,4,4,100.00,1,0,1,1,1,1,0,1,0,1280,720
1373,0,4,4,100.00,1,0,1,1,1,1,0,1,0,1280,720
1374,0,4,4,100.00,1,0,1,1,1,1,0,1,0,1280,720
1375,0,4,4,100.00,1,0,1,1,1,1,0,1,0,1280,720
1376,0,4,4,100.00,1,0,1,1,1,1,0,1,0,1280,720
1377,0,4,4,100.00,1,0,1,1,1,1,0,1,0,1280,720
1378,0,4,4,100.00,1,0,1,1,1,1,0,1,0,1280,720
1379,0,4,4,100.00,1,0,1,1,1,1,0,1,0,1280,720
1380,0,4,4,100.00,1,0,1,1,1,1,0,1,0,1280,720
1381,0,4,4,100.00,1,0,1,1,1,1,0,1,0,1280,720
1382,0,4,4,100.00,1,0,1,1,1,1,0,1,0,1280,720
1383,0,4,4,100.00,1,0,1,1,1,1,0,1,0,1280,720
1384,0,4,4,100.00,1,0,1,1,1,1,0,1,0,1280,720
1385,0,4,4,100.00,1,0,1,1,1,1,0,1,0,1280,720
1386,0,4,4,100.00,1,0,1,1,1,1,0,1,0,1280,720
1387,0,4,4,100.00,1,0,1,1,1,1,0,1,0,1280,720
1388,0,4,4,100.00,1,0,1,1,1,1,0,1,0,1280,720
1389,0,4,4,100.00,1,0,1,1,1,1,0,1,0,1280,720
1390,0,4,4,100.00,1,0,1,1,1,1,0,1,0,1280,720
1391,0,4,4,100.00,1,0,1,1,1,1,0,1,0,1280,720
1392,0,4,4,100.00,1,0,1,1,1,1,0,1,0,1280,720
1393,0,4,4,100.00,1,0,1,1,1,1,0,1,0,1280,720
1394,0,4,4,100.00,1,0,1,1,1,1,0,1,0,1280,720
1395,0,4,4,100.00,1,0,1,1,1,1,0,1,0,1280,720
1396,0,4,4,100.00,1,0,1,1,1,1,0,1,0,1280,720
1397,0,4,4,100.00,1,0,1,1,1,1,0,1,0,1280,720
1398,0,4,4,100.00,1,0,1,1,1,1,0,1,0,1280,720
1399,0,4,4,100.00,1,0,1,1,1,1,0,1,0,1280,720
1400,0,4,4,100.00,1,0,1,1,1,1,0,1,0,1280,720
1401,0,4,4,100.00,1,0,1,1,1,1,0,1,0,1280,720
1402,0,4,4,100.00,1,0,1,1,1,1,0,1,0,1280,720
1403,0,4,4,100.00,1,0,1,1,1,1,0,1,0,1280,720
1404,0,4,4,100.00,1,0,1,1,1,1,0,1,0,1280,720
1405,0,4,4,100.00,1,0,1,1,1,1,0,1,0,1280,720
1406,0,4,4,100.00,1,0,1,1,1,1,0,1,0,1280,720
1407,0,4,4,100.00,1,0,1,1,1,1,0,1,0,1280,720
1408,0,4,4,100.00,1,0,1,1,1,1,0,1,0,1280,720
1409,0,4,4,100.00,1,0,1,1,1,1,0,1,0,1280,720
1410,0,4,4,100.00,1,0,1,1,1,1,0,1,0,1280,720
1411,0,4,4,100.00,1,0,1,1,1,1,0,1,0,1280,720
1412,0,4,4,100.00,1,0,1,1,1,1,0,1,0,1280,720
1413,0,4,4,100.00,1,0,1,1,1,1,0,1,0,1280,720
1414,0,4,4,100.00,1,0,1,1,1,1,0,1,0,1280,720
1415,0,4,4,100.00,1,0,1,1,1,1,0,1,0,1280,720
1416,0,4,4,100.00,1,0,1,1,1,1,0,1,0,1280,720
1417,0,4,4,100.00,1,0,1,1,1,1,0,1,0,1280,720
1418,0,4,4,100.00,1,0,1,1,1,1,0,1,0,1280,720
1419,0,4,4,100.00,1,0,1,1,1,1,0,1,0,1280,720
1420,0,4,4,100.00,1,0,1,1,1,1,0,1,0,1280,720
1421,0,4,4,100.00,1,0,1,1,1,1,0,1,0,1280,720
1422,0,4,4,100.00,1,0,1,1,1,1,0,1,0,1280,720
1423,0,4,4,100.00,1,0,1,1,1,1,0,1,0,1280,720
1424,0,4,4,100.00,1,0,1,1,1,1,0,1,0,1280,720
1425,0,4,4,100.00,1,0,1,1,1,1,0,1,0,1280,720
1426,0,4,4,100.00,1,0,1,1,1,1,0,1,0,1280,720
1427,0,4,4,100.00,1,0,1,1,1,1,0,1,0,1280,720
1428,0,4,4,100.00,1,0,1,1,1,1,0,1,0,1280,720
1429,0,4,4,100.00,1,0,1,1,1,1,0,1,0,1280,720
1430,0,4,4,100.00,1,0,1,1,1,1,0,1,0,1280,720
1431,0,4,4,100.00,1,0,1,1,1,1,0,1,0,1280,720
1432,0,4,4,100.00,1,0,1,1,1,1,0,1,0,1280,720
1433,0,4,4,100.00,1,0,1,1,1,1,0,1,0,1280,720
1434,0,4,4,100.00,1,0,1,1,1,1,0,1,0,1280,720
1435,0,4,4,100.00,1,0,1,1,1,1,0,1,0,1280,720
1436,0,4,4,100.00,1,0,1,1,1,1,0,1,0,1280,720
1437,0,4,4,100.00,1,0,1,1,1,1,0,1,0,1280,720
1438,0,4,4,100.00,1,0,1,1,1,1,0,1,0,1280,720
1439,0,4,4,100.00,1,0,1,1,1,1,0,1,0,1280,720
1440,0,4,4,100.00,1,0,1,1,1,1,0,1,0,1280,720
1441,0,4,4,100.00,1,0,1,1,1,1,0,1,0,1280,720
1442,0,4,4,100.00,1,0,1,1,1,1,0,1,0,1280,720
1443,0,4,4,100.00,1,0,1,1,1,1,0,1,0,1280,720
1444,0,4,4,100.00,1,0,1,1,1,1,0,1,0,1280,720
1445,0,4,4,100.00,1,0,1,1,1,1,0,1,0,1280,720
1446,0,4,4,100.00,1,0,1,1,1,1,0,1,0,1280,720
1447,0,4,4,100.00,1,0,1,1,1,1,0,1,0,1280,720
1448,0,4,4,100.00,1,0,1,1,1,1,0,1,0,1280,720
1449,0,4,4,100.00,1,0,1,1,1,1,0,1,0,1280,720
1450,0,4,4,100.00,1,0,1,1,1,1,0,1,0,1280,720
1451,0,4,4,100.00,1,0,1,1,1,1,0,1,0,1280,720
1452,0,4,4,100.00,1,0,1,1,1,1,0,1,0,1280,720
1453,0,4,4,100.00,1,0,1,1,1,1,0,1,0,1280,720
1454,0,4,4,100.00,1,0,1,1,1,1,0,1,0,1280,720
1455,0,4,4,100.00,1,0,1,1,1,1,0,1,0,1280,720
1456,0,4,4,100.00,1,0,1,1,1,1,0,1,0,1280,720
1457,0,4,4,100.00,1,0,1,1,1,1,0,1,0,1280,720
1458,0,4,4,100.00,1,0,1,1,1,1,0,1,0,1280,720
1459,0,4,4,100.00,1,0,1,1,1,1,0,1,0,1280,720
1460,0,4,4,100.00,1,0,1,1,1,1,0,1,0,1280,720
1461,0,4,4,100.00,1,0,1,1,1,1,0,1,0,1280,720
1462,0,4,4,100.00,1,0,1,1,1,1,0,1,0,1280,720
1463,0,4,4,100.00,1,0,1,1,1,1,0,1,0,1280,720
1464,0,4,4,100.00,1,0,1,1,1,1,0,1,0,1280,720
1465,0,4,4,100.00,1,0,1,1,1,1,0,1,0,1280,720
1466,0,4,4,100.00,1,0,1,1,1,1,0,1,0,1280,720
1467,0,4,4,100.00,1,0,1,1,1,1,0,1,0,1280,720
1468,0,4,4,100.00,1,0,1,1,1,1,0,1,0,1280,720
1469,0,4,4,100.00,1,0,1,1,1,1,0,1,0,1280,720
1470,0,4,4,100.00,1,0,1,1,1,1,0,1,0,1280,720
1471,0,4,4,100.00,1,0,1,1,1,1,0,1,0,1280,720
1472,0,4,4,100.00,1,0,1,1,1,1,0,1,0,1280,720
1473,0,4,4,100.00,1,0,1,1,1,1,0,1,0,1280,720
1474,0,4,4,100.00,1,0,1,1,1,1,0,1,0,1280,720
1475,0,4,4,100.00,1,0,1,1,1,1,0,1,0,1280,720
1476,0,4,4,100.00,1,0,1,1,1,1,0,1,0,1280,720
1477,0,4,4,100.00,1,0,1,1,1,1,0,1,0,1280,720
1478,0,4,4,100.00,1,0,1,1,1,1,0,1,0,1280,720
1479,0,4,4,100.00,1,0,1,1,1,1,0,1,0,1280,720
1480,0,4,4,100.00,1,0,1,1,1,1,0,1,0,1280,720
1481,0,4,4,100.00,1,0,1,1,1,1,0,1,0,1280,720
1482,0,4,4,100.00,1,0,1,1,1,1,0,1,0,1280,720
1483,0,4,4,100.00,1,0,1,1,1,1,0,1,0,1280,720
1484,0,4,4,100.00,1,0,1,1,1,1,0,1,0,1280,720
1485,0,4,4,100.00,1,0,1,1,1,1,0,1,0,1280,720
1486,0,4,4,100.00,1,0,1,1,1,1,0,1,0,1280,720
1487,0,4,4,100.00,1,0,1,1,1,1,0,1,0,1280,720
1488,0,4,4,100.00,1,0,1,1,1,1,0,1,0,1280,720
1489,0,4,4,100.00,1,0,1,1,1,1,0,1,0,1280,720
1490,0,4,4,100.00,1,0,1,1,1,1,0,1,0,1280,720
1491,0,4,4,100.00,1,0,1,1,1,1,0,1,0,1280,720
1492,0,4,4,100.00,1,0,1,1,1,1,0,1,0,1280,720
1493,0,4,4,100.00,1,0,1,1,1,1,0,1,0,1280,720
1494,0,4,4,100.00,1,0,1,1,1,1,0,1,0,1280,720
1495,0,4,4,100.00,1,0,1,1,1,1,0,1,0,1280,720
1496,0,4,4,100.00,1,0,1,1,1,1,0,1,0,1280,720
1497,0,4,4,100.00,1,0,1,1,1,1,0,1,0,1280,720
1498,0,4,4,100.00,1,0,1,1,1,1,0,1,0,1280,720
1499,0,4,4,100.00,1,0,1,1,1,1,0,1,0,1280,720
1500,0,4,4,100.00,1,0,1,1,1,1,0,1,0,1280,720
1501,0,4,4,100.00,1,0,1,1,1,1,0,1,0,1280,720
1502,0,4,4,100.00,1,0,1,1,1,1,0,1,0,1280,720
1503,0,4,4,100.00,1,0,1,1,1,1,0,1,0,1280,720
1504,0,4,4,100.00,1,0,1,1,1,1,0,1,0,1280,720
1505,0,4,4,100.00,1,0,1,1,1,1,0,1,0,1280,720
1506,0,4,4,100.00,1,0,1,1,1,1,0,1,0,1280,720
1507,0,4,4,100.00,1,0,1,1,1,1,0,1,0,1280,720
1508,0,4,4,100.00,1,0,1,1,1,1,0,1,0,1280,720
1509,0,4,4,100.00,1,0,1,1,1,1,0,1,0,1280,720
1510,0,4,4,100.00,1,0,1,1,1,1,0,1,0,1280,720
1511,0,4,4,100.00,1,0,1,1,1,1,0,1,0,1280,720
1512,0,4,4,100.00,1,0,1,1,1,1,0,1,0,1280,720
1513,0,4,4,100.00,1,0,1,1,1,1,0,1,0,1280,720
1514,0,4,4,100.00,1,0,1,1,1,1,0,1,0,1280,720
1515,0,4,4,100.00,1,0,1,1,1,1,0,1,0,1280,720
1516,0,4,4,100.00,1,0,1,1,1,1,0,1,0,1280,720
1517,0,4,4,100.00,1,0,1,1,1,1,0,1,0,1280,720
1518,0,4,4,100.00,1,0,1,1,1,1,0,1,0,1280,720
1519,0,4,4,100.00,1,0,1,1,1,1,0,1,0,1280,720
1520,0,4,4,100.00,1,0,1,1,1,1,0,1,0,1280,720
1521,0,4,4,100.00,1,0,1,1,1,1,0,1,0,1280,720
1522,0,4,4,100.00,1,0,1,1,1,1,0,1,0,1280,720
1523,0,4,4,100.00,1,0,1,1,1,1,0,1,0,1280,720
1524,0,4,4,100.00,1,0,1,1,1,1,0,1,0,1280,720
1525,0,4,4,100.00,1,0,1,1,1,1,0,1,0,1280,720
1526,0,4,4,100.00,1,0,1,1,1,1,0,1,0,1280,720
1527,0,4,4,100.00,1,0,1,1,1,1,0,1,0,1280,720
1528,0,4,4,100.00,1,0,1,1,1,1,0,1,0,1280,720
1529,0,4,4,100.00,1,0,1,1,1,1,0,1,0,1280,720
1530,0,4,4,100.00,1,0,1,1,1,1,0,1,0,1280,720
1531,0,4,4,100.00,1,0,1,1,1,1,0,1,0,1280,720
1532,0,4,4,100.00,1,0,1,1,1,1,0,1,0,1280,720
1533,0,4,4,100.00,1,0,1,1,1,1,0,1,0,1280,720
1534,0,4,4,100.00,1,0,1,1,1,1,0,1,0,1280,720
1535,0,4,4,100.00,1,0,1,1,1,1,0,1,0,1280,720
1536,0,4,4,100.00,1,0,1,1,1,1,0,1,0,1280,720
1537,0,4,4,100.00,1,0,1,1,1,1,0,1,0,1280,720
1538,0,4,4,100.00,1,0,1,1,1,1,0,1,0,1280,720
1539,0,4,4,100.00,1,0,1,1,1,1,0,1,0,1280,720
1540,0,4,4,100.00,1,0,1,1,1,1,0,1,0,1280,720
1541,0,4,4,100.00,1,0,1,1,1,1,0,1,0,1280,720
1542,0,4,4,100.00,1,0,1,1,1,1,0,1,0,1280,720
1543,0,4,4,100.00,1,0,1,1,1,1,0,1,0,1280,720
1544,0,4,4,100.00,1,0,1,1,1,1,0,1,0,1280,720
1545,0,4,4,100.00,1,0,1,1,1,1,0,1,0,1280,720
1546,0,4,4,100.00,1,0,1,1,1,1,0,1,0,1280,720
1547,0,4,4,100.00,1,0,1,1,1,1,0,1,0,1280,720
1548,0,4,4,100.00,1,0,1,1,1,1,0,1,0,1280,720
1549,0,4,4,100.00,1,0,1,1,1,1,0,1,0,1280,720
1550,0,4,4,100.00,1,0,1,1,1,1,0,1,0,1280,720
1551,0,4,4,100.00,1,0,1,1,1,1,0,1,0,1280,720
1552,0,4,4,100.00,1,0,1,1,1,1,0,1,0,1280,720
1553,0,4,4,100.00,1,0,1,1,1,1,0,1,0,1280,720
1554,0,4,4,100.00,1,0,1,1,1,1,0,1,0,1280,720
1555,0,4,4,100.00,1,0,1,1,1,1,0,1,0,1280,720
1556,0,4,4,100.00,1,0,1,1,1,1,0,1,0,1280,720
1557,0,4,4,100.00,1,0,1,1,1,1,0,1,0,1280,720
1558,0,4,4,100.00,1,0,1,1,1,1,0,1,0,1280,720
1559,0,4,4,100.00,1,0,1,1,1,1,0,1,0,1280,720
1560,0,4,4,100.00,1,0,1,1,1,1,0,1,0,1280,720
1561,0,4,4,100.00,1,0,1,1,1,1,0,1,0,1280,720
1562,0,4,4,100.00,1,0,1,1,1,1,0,1,0,1280,720
1563,0,4,4,100.00,1,0,1,1,1,1,0,1,0,1280,720
1564,0,4,4,100.00,1,0,1,1,1,1,0,1,0,1280,720
1565,0,4,4,100.00,1,0,1,1,1,1,0,1,0,1280,720
1566,0,4,4,100.00,1,0,1,1,1,1,0,1,0,1280,720
1567,0,4,4,100.00,1,0,1,1,1,1,0,1,0,1280,720
1568,0,4,4,100.00,1,0,1,1,1,1,0,1,0,1280,720
1569,0,4,4,100.00,1,0,1,1,1,1,0,1,0,1280,720
1570,0,4,4,100.00,1,0,1,1,1,1,0,1,0,1280,720
1571,0,4,4,100.00,1,0,1,1,1,1,0,1,0,1280,720
1572,0,4,4,100.00,1,0,1,1,1,1,0,1,0,1280,720
1573,0,4,4,100.00,1,0,1,1,1,1,0,1,0,1280,720
1574,0,4,4,100.00,1,0,1,1,1,1,0,1,0,1280,720
1575,0,4,4,100.00,1,0,1,1,1,1,0,1,0,1280,720
1576,0,4,4,100.00,1,0,1,1,1,1,0,1,0,1280,720
1577,0,4,4,100.00,1,0,1,1,1,1,0,1,0,1280,720
1578,0,4,4,100.00,1,0,1,1,1,1,0,1,0,1280,720
1579,0,4,4,100.00,1,0,1,1,1,1,0,1,0,1280,720
1580,0,4,4,100.00,1,0,1,1,1,1,0,1,0,1280,720
1581,0,4,4,100.00,1,0,1,1,1,1,0,1,0,1280,720
1582,0,4,4,100.00,1,0,1,1,1,1,0,1,0,1280,720
1583,0,4,4,100.00,1,0,1,1,1,1,0,1,0,1280,720
1584,0,4,4,100.00,1,0,1,1,1,1,0,1,0,1280,720
1585,0,4,4,100.00,1,0,1,1,1,1,0,1,0,1280,720
1586,0,4,4,100.00,1,0,1,1,1,1,0,1,0,1280,720
1587,0,4,4,100.00,1,0,1,1,1,1,0,1,0,1280,720
1588,0,4,4,100.00,1,0,1,1,1,1,0,1,0,1280,720
1589,0,4,4,100.00,1,0,1,1,1,1,0,1,0,1280,720
1590,0,4,4,100.00,1,0,1,1,1,1,0,1,0,1280,720
1591,0,4,4,100.00,1,0,1,1,1,1,0,1,0,1280,720
1592,0,4,4,100.00,1,0,1,1,1,1,0,1,0,1280,720
1593,0,4,4,100.00,1,0,1,1,1,1,0,1,0,1280,720
1594,0,4,4,100.00,1,0,1,1,1,1,0,1,0,1280,720
1595,0,4,4,100.00,1,0,1,1,1,1,0,1,0,1280,720
1596,0,4,4,100.00,1,0,1,1,1,1,0,1,0,1280,720
1597,0,4,4,100.00,1,0,1,1,1,1,0,1,0,1280,720
1598,0,4,4,100.00,1,0,1,1,1,1,0,1,0,1280,720
1599,0,4,4,100.00,1,0,1,1,1,1,0,1,0,1280,720
1600,0,4,4,100.00,1,0,1,1,1,1,0,1,0,1280,720
1601,0,4,4,100.00,1,0,1,1,1,1,0,1,0,1280,720
1602,0,4,4,100.00,1,0,1,1,1,1,0,1,0,1280,720
1603,0,4,4,100.00,1,0,1,1,1,1,0,1,0,1280,720
1604,0,4,4,100.00,1,0,1,1,1,1,0,1,0,1280,720
1605,0,4,4,100.00,1,0,1,1,1,1,0,1,0,1280,720
1606,0,4,4,100.00,1,0,1,1,1,1,0,1,0,1280,720
1607,0,4,4,100.00,1,0,1,1,1,1,0,1,0,1280,720
1608,0,4,4,100.00,1,0,1,1,1,1,0,1,0,1280,720
1609,0,4,4,100.00,1,0,1,1,1,1,0,1,0,1280,720
1610,0,4,4,100.00,1,0,1,1,1,1,0,1,0,1280,720
1611,0,4,4,100.00,1,0,1,1,1,1,0,1,0,1280,720
1612,0,4,4,100.00,1,0,1,1,1,1,0,1,0,1280,720
1613,0,4,4,100.00,1,0,1,1,1,1,0,1,0,1280,720
1614,0,4,4,100.00,1,0,1,1,1,1,0,1,0,1280,720
1615,0,4,4,100.00,1,0,1,1,1,1,0,1,0,1280,720
1616,0,4,4,100.00,1,0,1,1,1,1,0,1,0,1280,720
1617,0,4,4,100.00,1,0,1,1,1,1,0,1,0,1280,720
1618,0,4,4,100.00,1,0,1,1,1,1,0,1,0,1280,720
1619,0,4,4,100.00,1,0,1,1,1,1,0,1,0,1280,720
1620,0,4,4,100.00,1,0,1,1,1,1,0,1,0,1280,720
1621,0,4,4,100.00,1,0,1,1,1,1,0,1,0,1280,720
1622,0,4,4,100.00,1,0,1,1,1,1,0,1,0,1280,720
1623,0,4,4,100.00,1,0,1,1,1,1,0,1,0,1280,720
1624,0,4,4,100.00,1,0,1,1,1,1,0,1,0,1280,720
1625,0,4,4,100.00,1,0,1,1,1,1,0,1,0,1280,720
1626,0,4,4,100.00,1,0,1,1,1,1,0,1,0,1280,720
1627,0,4,4,100.00,1,0,1,1,1,1,0,1,0,1280,720
1628,0,4,4,100.00,1,0,1,1,1,1,0,1,0,1280,720
1629,0,4,4,100.00,1,0,1,1,1,1,0,1,0,1280,720
1630,0,4,4,100.00,1,0,1,1,1,1,0,1,0,1280,720
1631,0,4,4,100.00,1,0,1,1,1,1,0,1,0,1280,720
1632,0,4,4,100.00,1,0,1,1,1,1,0,1,0,1280,720
1633,0,4,4,100.00,1,0,1,1,1,1,0,1,0,1280,720
1634,0,4,4,100.00,1,0,1,1,1,1,0,1,0,1280,720
1635,0,4,4,100.00,1,0,1,1,1,1,0,1,0,1280,720
1636,0,4,4,100.00,1,0,1,1,1,1,0,1,0,1280,720
1637,0,4,4,100.00,1,0,1,1,1,1,0,1,0,1280,720
1638,0,4,4,100.00,1,0,1,1,1,1,0,1,0,1280,720
1639,0,4,4,100.00,1,0,1,1,1,1,0,1,0,1280,720
1640,0,4,4,100.00,1,0,1,1,1,1,0,1,0,1280,720
1641,0,4,4,100.00,1,0,1,1,1,1,0,1,0,1280,720
1642,0,4,4,100.00,1,0,1,1,1,1,0,1,0,1280,720
1643,0,4,4,100.00,1,0,1,1,1,1,0,1,0,1280,720
1644,0,4,4,100.00,1,0,1,1,1,1,0,1,0,1280,720
1645,0,4,4,100.00,1,0,1,1,1,1,0,1,0,1280,720
1646,0,4,4,100.00,1,0,1,1,1,1,0,1,0,1280,720
1647,0,4,4,100.00,1,0,1,1,1,1,0,1,0,1280,720
1648,0,4,4,100.00,1,0,1,1,1,1,0,1,0,1280,720
1649,0,4,4,100.00,1,0,1,1,1,1,0,1,0,1280,720
1650,0,4,4,100.00,1,0,1,1,1,1,0,1,0,1280,720
1651,0,4,4,100.00,1,0,1,1,1,1,0,1,0,1280,720
1652,0,4,4,100.00,1,0,1,1,1,1,0,1,0,1280,720
