frame,time,phase,age,camera_pitch,barrel_pitch,sample_pitch,aim_weight,jump_weight,x,y,z,foot_x,foot_y,foot_z
1085,3.013205,2,0.000000,-0.000000,11.825014,0.000000,0.000000,0.000000,6000.000000,-1000.000000,90.000000,19.779801,8.689231,6.132371
1086,3.025395,2,0.012191,0.000000,11.832626,0.000000,0.000000,0.000000,6000.000000,-1000.000000,90.000000,19.779264,8.685248,6.132371
1087,3.036712,2,0.023507,0.000000,11.840018,0.000000,0.000000,0.000000,6000.000000,-1000.000000,90.000000,19.778727,8.681627,6.132371
1088,3.048586,2,0.035382,0.000000,11.848574,0.000000,0.000000,0.000000,6000.000000,-1000.000000,90.000000,19.778071,8.678034,6.132371
1089,3.060647,2,0.047443,0.000000,11.857258,0.000000,0.000000,0.000000,6000.000000,-1000.000000,90.000000,19.777402,8.674376,6.132371
1090,3.071596,2,0.058391,0.000000,11.867298,0.000000,0.000000,0.000000,6000.000000,-1000.000000,90.000000,19.776076,8.673992,6.132371
1091,3.082795,2,0.069591,0.000000,11.880249,0.000000,0.000000,0.000000,6000.000000,-1000.000000,90.000000,19.773828,8.677270,6.132371
1092,3.093623,2,0.080418,0.000000,11.892762,0.000000,0.000000,0.000000,6000.000000,-1000.000000,90.000000,19.771650,8.680441,6.132371
1093,3.105412,2,0.092207,0.000000,11.906446,0.000000,0.000000,0.000000,6000.000000,-1000.000000,90.000000,19.771780,8.682686,6.132371
1094,3.117098,2,0.103893,0.000000,11.920042,0.000000,0.000000,0.000000,6000.000000,-1000.000000,90.000000,19.774835,8.683500,6.132371
1095,3.128802,2,0.115598,0.000000,11.933670,0.000000,0.000000,0.000000,6000.000000,-1000.000000,90.000000,19.777890,8.684318,6.132371
1096,3.141085,2,0.127881,0.000000,11.948913,0.000000,0.000000,0.000000,6000.000000,-1000.000000,90.000000,19.778645,8.684481,6.132371
1097,3.153346,2,0.140141,0.000000,11.964688,0.000000,0.000000,0.000000,6000.000000,-1000.000000,90.000000,19.777974,8.684236,6.132371
1098,3.166540,2,0.153335,0.000000,11.981664,0.000000,0.000000,0.000000,6000.000000,-1000.000000,90.000000,19.777252,8.683974,6.132371
1099,3.179793,2,0.166589,0.000000,11.984959,0.000000,0.000000,0.000000,6000.000000,-1000.000000,90.000000,19.774342,8.683397,6.132371
1100,3.191784,2,0.178579,0.000000,11.987824,0.000000,0.000000,0.000000,6000.000000,-1000.000000,90.000000,19.771689,8.682875,6.132371
1101,3.205531,2,0.192326,0.000000,11.988488,0.000000,0.000000,0.000000,6000.000000,-1000.000000,90.000000,19.770648,8.682421,6.132371
1102,3.215757,2,0.202552,0.000000,11.986100,0.000000,0.000000,0.000000,6000.000000,-1000.000000,90.000000,19.772080,8.682247,6.132371
1103,3.227644,2,0.214440,0.000000,11.983317,0.000000,0.000000,0.000000,6000.000000,-1000.000000,90.000000,19.773749,8.682043,6.132371
1104,3.239213,2,0.226008,0.000000,11.977066,0.000000,0.000000,0.000000,6000.000000,-1000.000000,90.000000,19.775207,8.681660,6.132371
1105,3.250569,2,0.237364,0.000000,11.967560,0.000000,0.000000,0.000000,6000.000000,-1000.000000,90.000000,19.776483,8.681107,6.132371
1106,3.262195,2,0.248991,0.000000,11.957826,0.000000,0.000000,0.000000,6000.000000,-1000.000000,90.000000,19.777784,8.680540,6.132371
1107,3.274270,2,0.261065,0.000000,11.947344,0.000000,0.000000,0.000000,6000.000000,-1000.000000,90.000000,19.777503,8.680676,6.132371
1108,3.285109,2,0.271904,0.000000,11.937732,0.000000,0.000000,0.000000,6000.000000,-1000.000000,90.000000,19.776380,8.681177,6.132371
1109,3.296170,2,0.282965,0.000000,11.927909,0.000000,0.000000,0.000000,6000.000000,-1000.000000,90.000000,19.775238,8.681688,6.132371
1110,3.307494,2,0.294289,0.000000,11.917850,0.000000,0.000000,0.000000,6000.000000,-1000.000000,90.000000,19.772414,8.680314,6.132371
1111,3.318787,2,0.305582,0.000000,11.907808,0.000000,0.000000,0.000000,6000.000000,-1000.000000,90.000000,19.768767,8.677987,6.132371
1112,3.329851,2,0.316646,0.000000,11.897962,0.000000,0.000000,0.000000,6000.000000,-1000.000000,90.000000,19.765183,8.675696,6.132371
1113,3.340780,2,0.327575,0.000000,11.889081,0.000000,0.000000,0.000000,6000.000000,-1000.000000,90.000000,19.765456,8.674148,6.132371
1114,3.352180,2,0.338975,0.000000,11.880238,0.000000,0.000000,0.000000,6000.000000,-1000.000000,90.000000,19.767604,8.672878,6.132371
1115,3.363303,2,0.350098,0.000000,11.871592,0.000000,0.000000,0.000000,6000.000000,-1000.000000,90.000000,19.769694,8.671642,6.132371
1116,3.375377,2,0.362173,0.000000,11.861388,0.000000,0.000000,0.000000,6000.000000,-1000.000000,90.000000,19.770191,8.668775,6.132371
1117,3.386880,2,0.373676,0.000000,11.851369,0.000000,0.000000,0.000000,6000.000000,-1000.000000,90.000000,19.770014,8.665484,6.132371
1118,3.397622,2,0.384418,0.000000,11.842000,0.000000,0.000000,0.000000,6000.000000,-1000.000000,90.000000,19.769846,8.662407,6.132371
1119,3.408292,2,0.395088,0.000000,11.828890,0.000000,0.000000,0.000000,6000.000000,-1000.000000,90.000000,19.765843,8.663429,6.132371
1120,3.419544,2,0.406340,0.000000,11.813915,0.000000,0.000000,0.000000,6000.000000,-1000.000000,90.000000,19.760458,8.665736,6.132371
1121,3.430955,2,0.417751,0.000000,11.798725,0.000000,0.000000,0.000000,6000.000000,-1000.000000,90.000000,19.754999,8.668075,6.132371
1122,3.442677,2,0.429472,0.000000,11.778812,0.000000,0.000000,0.000000,6000.000000,-1000.000000,90.000000,19.753232,8.671278,6.132371
1123,3.454484,2,0.441280,0.000000,11.757643,0.000000,0.000000,0.000000,6000.000000,-1000.000000,90.000000,19.752437,8.674712,6.132371
1124,3.466311,2,0.453107,0.000000,11.736445,0.000000,0.000000,0.000000,6000.000000,-1000.000000,90.000000,19.751641,8.678151,6.132371
1125,3.477157,2,0.463953,0.000000,11.747497,0.000000,0.000000,0.000000,6000.000000,-1000.000000,90.000000,19.754334,8.679500,6.132371
1126,3.488667,2,0.475462,0.000000,11.760326,0.000000,0.000000,0.000000,6000.000000,-1000.000000,90.000000,19.757340,8.680874,6.132371
1127,3.499868,2,0.486663,0.000000,11.772806,0.000000,0.000000,0.000000,6000.000000,-1000.000000,90.000000,19.760253,8.682210,6.132371
1128,3.510932,2,0.497728,0.000000,11.770886,0.000000,0.000000,0.000000,6000.000000,-1000.000000,90.000000,19.763668,8.679002,6.132371
1129,3.523871,2,0.510667,0.000000,11.768435,0.000000,0.000000,0.000000,6000.000000,-1000.000000,90.000000,19.767661,8.675180,6.132371
1130,3.535544,2,0.522340,0.000000,11.769869,0.000000,0.000000,0.000000,6000.000000,-1000.000000,90.000000,19.770522,8.672063,6.132371
1131,3.546793,2,0.533589,0.000000,11.786259,0.000000,0.000000,0.000000,6000.000000,-1000.000000,90.000000,19.770190,8.670399,6.132371
1132,3.557291,2,0.544087,0.000000,11.801555,0.000000,0.000000,0.000000,6000.000000,-1000.000000,90.000000,19.769883,8.668850,6.132371
1133,3.568626,2,0.555421,0.000000,11.818324,0.000000,0.000000,0.000000,6000.000000,-1000.000000,90.000000,19.770161,8.667799,6.132371
1134,3.580131,2,0.566926,0.000000,11.836620,0.000000,0.000000,0.000000,6000.000000,-1000.000000,90.000000,19.773408,8.669757,6.132371
1135,3.591138,2,0.577933,0.000000,11.854121,0.000000,0.000000,0.000000,6000.000000,-1000.000000,90.000000,19.776514,8.671643,6.132371
1136,3.601654,2,0.588450,0.000000,11.867769,0.000000,0.000000,0.000000,6000.000000,-1000.000000,90.000000,19.779389,8.673430,6.132371
1137,3.613393,2,0.600189,0.000000,11.864645,0.000000,0.000000,0.000000,6000.000000,-1000.000000,90.000000,19.781973,8.675379,6.132371
1138,3.624458,2,0.611253,0.000000,11.861707,0.000000,0.000000,0.000000,6000.000000,-1000.000000,90.000000,19.784410,8.677213,6.132371
1139,3.636366,2,0.623161,0.000000,11.860209,0.000000,0.000000,0.000000,6000.000000,-1000.000000,90.000000,19.787143,8.678386,6.132371
1140,3.647776,2,0.634571,0.000000,11.863413,0.000000,0.000000,0.000000,6000.000000,-1000.000000,90.000000,19.790074,8.677254,6.132371
1141,3.658844,2,0.645640,0.000000,11.866521,0.000000,0.000000,0.000000,6000.000000,-1000.000000,90.000000,19.792918,8.676158,6.132371
1142,3.669982,2,0.656777,0.000000,11.870911,0.000000,0.000000,0.000000,6000.000000,-1000.000000,90.000000,19.794785,8.674929,6.132371
1143,3.681264,2,0.668060,0.000000,11.878401,0.000000,0.000000,0.000000,6000.000000,-1000.000000,90.000000,19.794277,8.673368,6.132371
1144,3.692535,2,0.679331,0.000000,11.885896,0.000000,0.000000,0.000000,6000.000000,-1000.000000,90.000000,19.793778,8.671810,6.132371
1145,3.704137,2,0.690932,0.000000,11.892191,0.000000,0.000000,0.000000,6000.000000,-1000.000000,90.000000,19.792437,8.670783,6.132371
1146,3.715803,2,0.702598,0.000000,11.895923,0.000000,0.000000,0.000000,6000.000000,-1000.000000,90.000000,19.789601,8.670786,6.132371
1147,3.728521,2,0.715316,0.000000,11.900008,0.000000,0.000000,0.000000,6000.000000,-1000.000000,90.000000,19.786503,8.670795,6.132371
1148,3.739873,2,0.726669,0.000000,11.907852,0.000000,0.000000,0.000000,6000.000000,-1000.000000,90.000000,19.787055,8.670513,6.132371
1149,3.751526,2,0.738321,0.000000,11.919086,0.000000,0.000000,0.000000,6000.000000,-1000.000000,90.000000,19.790128,8.670017,6.132371
1150,3.763457,2,0.750252,0.000000,11.930596,0.000000,0.000000,0.000000,6000.000000,-1000.000000,90.000000,19.793273,8.669503,6.132371
1151,3.775966,2,0.762761,0.000000,11.928340,0.000000,0.000000,0.000000,6000.000000,-1000.000000,90.000000,19.795932,8.667838,6.132371
1152,3.788056,2,0.774852,0.000000,11.921386,0.000000,0.000000,0.000000,6000.000000,-1000.000000,90.000000,19.798281,8.665860,6.132371
1153,3.799716,2,0.786512,0.000000,11.914673,0.000000,0.000000,0.000000,6000.000000,-1000.000000,90.000000,19.800550,8.663952,6.132371
1154,3.811284,2,0.798080,0.000000,11.891010,0.000000,0.000000,0.000000,6000.000000,-1000.000000,90.000000,19.801114,8.665542,6.132371
1155,3.822523,2,0.809319,0.000000,11.867614,0.000000,0.000000,0.000000,6000.000000,-1000.000000,90.000000,19.801626,8.667183,6.132371
1156,3.833596,2,0.820392,0.000000,11.844863,0.000000,0.000000,0.000000,6000.000000,-1000.000000,90.000000,19.802127,8.668764,6.132371
1157,3.845030,2,0.831825,0.000000,11.833652,0.000000,0.000000,0.000000,6000.000000,-1000.000000,90.000000,19.802347,8.668948,6.132371
1158,3.855688,2,0.842484,0.000000,11.823210,0.000000,0.000000,0.000000,6000.000000,-1000.000000,90.000000,19.802556,8.669118,6.132371
1159,3.867120,2,0.853915,0.000000,11.812114,0.000000,0.000000,0.000000,6000.000000,-1000.000000,90.000000,19.802654,8.669353,6.132371
1160,3.878794,2,0.865590,0.000000,11.803065,0.000000,0.000000,0.000000,6000.000000,-1000.000000,90.000000,19.799558,8.670827,6.132371
1161,3.890149,2,0.876944,0.000000,11.794267,0.000000,0.000000,0.000000,6000.000000,-1000.000000,90.000000,19.796545,8.672256,6.132371
1162,3.901689,2,0.888484,0.000000,11.786479,0.000000,0.000000,0.000000,6000.000000,-1000.000000,90.000000,19.793776,8.673731,6.132371
1163,3.913182,2,0.899978,0.000000,11.785356,0.000000,0.000000,0.000000,6000.000000,-1000.000000,90.000000,19.792666,8.675282,6.132371
1164,3.924891,2,0.911686,0.000000,11.784211,0.000000,0.000000,0.000000,6000.000000,-1000.000000,90.000000,19.791538,8.676859,6.132371
1165,3.936467,2,0.923263,0.000000,11.789041,0.000000,0.000000,0.000000,6000.000000,-1000.000000,90.000000,19.790057,8.677784,6.132371
1166,3.949159,2,0.935954,0.000000,11.811970,0.000000,0.000000,0.000000,6000.000000,-1000.000000,90.000000,19.787348,8.676914,6.132371
1167,3.962021,2,0.948817,0.000000,11.835209,0.000000,0.000000,0.000000,6000.000000,-1000.000000,90.000000,19.784613,8.676046,6.132371
1168,3.973078,2,0.959874,0.000000,11.852842,0.000000,0.000000,0.000000,6000.000000,-1000.000000,90.000000,19.783801,8.676365,6.132371
1169,3.984654,2,0.971450,0.000000,11.869534,0.000000,0.000000,0.000000,6000.000000,-1000.000000,90.000000,19.784130,8.677509,6.132371
1170,3.995899,2,0.982694,0.000000,11.885748,0.000000,0.000000,0.000000,6000.000000,-1000.000000,90.000000,19.784446,8.678621,6.132371
1171,4.007573,2,0.994369,0.000000,11.893803,0.000000,0.000000,0.000000,6000.000000,-1000.000000,90.000000,19.784747,8.677564,6.132371
1172,4.019498,2,1.006294,0.000000,11.897183,0.000000,0.000000,0.000000,6000.000000,-1000.000000,90.000000,19.785054,8.675260,6.132371
1173,4.030657,2,1.017452,0.000000,11.900339,0.000000,0.000000,0.000000,6000.000000,-1000.000000,90.000000,19.785329,8.673100,6.132371
1174,4.042856,2,1.029652,0.000000,11.919051,0.000000,0.000000,0.000000,6000.000000,-1000.000000,90.000000,19.784270,8.671263,6.132371
1175,4.055546,2,1.042341,0.000000,11.942971,0.000000,0.000000,0.000000,6000.000000,-1000.000000,90.000000,19.782759,8.669503,6.132371
1176,4.067271,2,1.054067,0.000000,11.964317,0.000000,0.000000,0.000000,6000.000000,-1000.000000,90.000000,19.781355,8.668037,6.132371
1177,4.078572,2,1.065367,0.000000,11.971398,0.000000,0.000000,0.000000,6000.000000,-1000.000000,90.000000,19.779575,8.669442,6.132371
1178,4.090200,2,1.076996,0.000000,11.978664,0.000000,0.000000,0.000000,6000.000000,-1000.000000,90.000000,19.777749,8.670875,6.132371
1179,4.101728,2,1.088523,0.000000,11.983047,0.000000,0.000000,0.000000,6000.000000,-1000.000000,90.000000,19.776019,8.672365,6.132371
1180,4.113727,2,1.100522,0.000000,11.970914,0.000000,0.000000,0.000000,6000.000000,-1000.000000,90.000000,19.774678,8.674260,6.132371
1181,4.126900,2,1.113696,0.000000,11.957564,0.000000,0.000000,0.000000,6000.000000,-1000.000000,90.000000,19.773210,8.676342,6.132371
1182,4.138644,2,1.125440,0.000000,11.929056,0.000000,0.000000,0.000000,6000.000000,-1000.000000,90.000000,19.772959,8.676459,6.132371
1183,4.150217,2,1.137013,0.000000,11.881137,0.000000,0.000000,0.000000,6000.000000,-1000.000000,90.000000,19.773965,8.674499,6.132371
1184,4.162125,2,1.148921,0.000000,11.831841,0.000000,0.000000,0.000000,6000.000000,-1000.000000,90.000000,19.775003,8.672476,6.132371
1185,4.171884,2,1.158680,0.000000,11.797524,0.000000,0.000000,0.000000,6000.000000,-1000.000000,90.000000,19.774450,8.671840,6.132371
1186,4.183306,2,1.170101,0.000000,11.763548,0.000000,0.000000,0.000000,6000.000000,-1000.000000,90.000000,19.772383,8.672141,6.132371
1187,4.195660,2,1.182455,0.000000,11.726808,0.000000,0.000000,0.000000,6000.000000,-1000.000000,90.000000,19.770144,8.672457,6.132371
1188,4.207242,2,1.194038,0.000000,11.715646,0.000000,0.000000,0.000000,6000.000000,-1000.000000,90.000000,19.768638,8.672583,6.132371
1189,4.218764,2,1.205560,0.000000,11.718446,0.000000,0.000000,0.000000,6000.000000,-1000.000000,90.000000,19.767487,8.672614,6.132371
1190,4.229677,2,1.216472,0.000000,11.721099,0.000000,0.000000,0.000000,6000.000000,-1000.000000,90.000000,19.766402,8.672642,6.132371
1191,4.240800,2,1.227595,0.000000,11.743123,0.000000,0.000000,0.000000,6000.000000,-1000.000000,90.000000,19.767257,8.671733,6.132371
1192,4.253562,2,1.240357,0.000000,11.779257,0.000000,0.000000,0.000000,6000.000000,-1000.000000,90.000000,19.769348,8.670158,6.132371
1193,4.265667,2,1.252463,0.000000,11.813511,0.000000,0.000000,0.000000,6000.000000,-1000.000000,90.000000,19.771337,8.668669,6.132371
1194,4.276357,2,1.263153,0.000000,11.834417,0.000000,0.000000,0.000000,6000.000000,-1000.000000,90.000000,19.771954,8.668523,6.132371
1195,4.287728,2,1.274524,0.000000,11.855679,0.000000,0.000000,0.000000,6000.000000,-1000.000000,90.000000,19.772500,8.668504,6.132371
1196,4.298915,2,1.285710,0.000000,11.876603,0.000000,0.000000,0.000000,6000.000000,-1000.000000,90.000000,19.773017,8.668474,6.132371
1197,4.309727,2,1.296522,0.000000,11.872684,0.000000,0.000000,0.000000,6000.000000,-1000.000000,90.000000,19.773084,8.666886,6.132371
1198,4.320165,2,1.306960,0.000000,11.866287,0.000000,0.000000,0.000000,6000.000000,-1000.000000,90.000000,19.773102,8.665186,6.132371
1199,4.330362,2,1.317157,0.000000,11.860044,0.000000,0.000000,0.000000,6000.000000,-1000.000000,90.000000,19.773117,8.663525,6.132371
1200,4.730362,2,1.717157,0.000000,11.894778,0.000000,0.000000,0.000000,6000.000000,-1000.000000,90.000000,19.794096,8.639604,7.631995
1201,4.738205,3,0.000000,-45.000000,11.890253,0.000000,0.000000,0.000000,6000.000000,-1000.000000,90.000000,19.794930,8.639557,7.537572
1202,4.739792,3,0.001587,-45.000000,11.890133,0.000000,0.000000,0.000000,6000.000000,-1000.000000,90.000000,19.795208,8.639636,7.518474
1203,4.750928,3,0.012723,-45.000000,11.889275,0.000000,0.000000,0.000000,6000.000000,-1000.000000,90.000000,19.797206,8.640228,7.384528
1204,4.764249,3,0.026044,-45.000000,11.888245,0.000000,0.000000,0.000000,6000.000000,-1000.000000,90.000000,19.799592,8.640926,7.224409
1205,4.777964,3,0.039759,-45.000000,11.884189,0.000000,0.000000,0.000000,6000.000000,-1000.000000,90.000000,19.800171,8.641877,7.059695
1206,4.791677,3,0.053472,-45.000000,11.879490,0.000000,0.000000,0.000000,6000.000000,-1000.000000,90.000000,19.800352,8.642878,6.895136
1207,4.805381,3,0.067175,-45.000000,11.870105,0.000000,0.000000,0.000000,6000.000000,-1000.000000,90.000000,19.800853,8.642627,6.730622
1208,4.819220,3,0.081014,-45.000000,11.853287,0.000000,0.000000,0.000000,6000.000000,-1000.000000,90.000000,19.801854,8.640395,6.564500
1209,4.833463,3,0.095257,-45.000000,11.835873,0.000000,0.000000,0.000000,6000.000000,-1000.000000,90.000000,19.802868,8.638146,6.393909
1210,4.847786,3,0.109581,-45.000000,11.809916,0.000000,0.000000,0.000000,6000.000000,-1000.000000,90.000000,19.803034,8.641543,6.222784
1211,4.862445,3,0.124239,-45.000000,11.783340,0.000000,0.000000,0.000000,6000.000000,-1000.000000,90.000000,19.803208,8.645014,6.132371
1212,4.876563,3,0.138357,-45.000000,11.770703,0.000000,0.000000,0.000000,6000.000000,-1000.000000,90.000000,19.804523,8.646352,6.132371
1213,4.891475,3,0.153270,-45.000000,11.763191,0.000000,0.000000,0.000000,6000.000000,-1000.000000,90.000000,19.806429,8.646854,6.132371
1214,4.904371,3,0.166165,-45.000000,11.766342,0.000000,0.000000,0.000000,6000.000000,-1000.000000,90.000000,19.807053,8.646565,6.132371
1215,4.918760,3,0.180555,-45.000000,11.790861,0.000000,0.000000,0.000000,6000.000000,-1000.000000,90.000000,19.805517,8.644685,6.132371
1216,4.931472,3,0.193267,-45.000000,11.812541,0.000000,0.000000,0.000000,6000.000000,-1000.000000,90.000000,19.804156,8.643023,6.132371
1217,4.945161,3,0.206955,-45.000000,11.841955,0.000000,0.000000,0.000000,6000.000000,-1000.000000,90.000000,19.808895,8.641642,6.132371
1218,4.961225,3,0.223020,-45.000000,11.877583,0.000000,0.000000,0.000000,6000.000000,-1000.000000,90.000000,19.815592,8.640086,6.132371
1219,4.974095,3,0.235890,-45.000000,11.910756,0.000000,0.000000,0.000000,6000.000000,-1000.000000,90.000000,19.817652,8.639541,6.132371
1220,4.986731,3,0.248526,-45.000000,11.946672,0.000000,0.000000,0.000000,6000.000000,-1000.000000,90.000000,19.817313,8.639498,6.132371
1221,5.000740,3,0.262535,-45.000000,11.984987,0.000000,0.000000,0.000000,6000.000000,-1000.000000,90.000000,19.816753,8.639474,6.132371
1222,5.013971,3,0.275765,-45.000000,11.995300,0.000000,0.000000,0.000000,6000.000000,-1000.000000,90.000000,19.813282,8.639686,6.132371
1223,5.027185,3,0.288980,-45.000000,12.005579,0.000000,0.000000,0.000000,6000.000000,-1000.000000,90.000000,19.809806,8.639893,6.132371
1224,5.040081,3,0.301876,-45.000000,12.016771,0.000000,0.000000,0.000000,6000.000000,-1000.000000,90.000000,19.809053,8.640148,6.132371
1225,5.053052,3,0.314847,-45.000000,12.029097,0.000000,0.000000,0.000000,6000.000000,-1000.000000,90.000000,19.810727,8.640451,6.132371
1226,5.066426,3,0.328221,-45.000000,12.041796,0.000000,0.000000,0.000000,6000.000000,-1000.000000,90.000000,19.812456,8.640772,6.132371
1227,5.079789,3,0.341584,-45.000000,12.057564,0.000000,0.000000,0.000000,6000.000000,-1000.000000,90.000000,19.815634,8.639508,6.132371
1228,5.092405,3,0.354200,-45.000000,12.072505,0.000000,0.000000,0.000000,6000.000000,-1000.000000,90.000000,19.818662,8.638288,6.132371
1229,5.106163,3,0.367958,-45.000000,12.086490,0.000000,0.000000,0.000000,6000.000000,-1000.000000,90.000000,19.819841,8.637321,6.132371
1230,5.120954,3,0.382749,-45.000000,12.098481,0.000000,0.000000,0.000000,6000.000000,-1000.000000,90.000000,19.818298,8.636780,6.132371
1231,5.135918,3,0.397713,-45.000000,12.108820,0.000000,0.000000,0.000000,6000.000000,-1000.000000,90.000000,19.816922,8.635899,6.132371
1232,5.150318,3,0.412113,-45.000000,12.110571,0.000000,0.000000,0.000000,6000.000000,-1000.000000,90.000000,19.816454,8.633551,6.132371
1233,5.164822,3,0.426617,-45.000000,12.112324,0.000000,0.000000,0.000000,6000.000000,-1000.000000,90.000000,19.815980,8.631188,6.132371
1234,5.179094,3,0.440889,-45.000000,12.099204,0.000000,0.000000,0.000000,6000.000000,-1000.000000,90.000000,19.816546,8.628611,6.132371
1235,5.193815,3,0.455610,-45.000000,12.083378,0.000000,0.000000,0.000000,6000.000000,-1000.000000,90.000000,19.817287,8.625908,6.132371
1236,5.208306,3,0.470100,-45.000000,12.061728,0.000000,0.000000,0.000000,6000.000000,-1000.000000,90.000000,19.817994,8.625635,6.132371
1237,5.223746,3,0.485541,-45.000000,12.033834,0.000000,0.000000,0.000000,6000.000000,-1000.000000,90.000000,19.818712,8.627226,6.132371
1238,5.237590,3,0.499385,-45.000000,12.012250,0.000000,0.000000,0.000000,6000.000000,-1000.000000,90.000000,19.818603,8.626251,6.132371
1239,5.252184,3,0.513979,-45.000000,11.997630,0.000000,0.000000,0.000000,6000.000000,-1000.000000,90.000000,19.816639,8.619503,6.132371
1240,5.266954,3,0.528749,-45.000000,11.982939,0.000000,0.000000,0.000000,6000.000000,-1000.000000,90.000000,19.814796,8.612823,6.132371
1241,5.282091,3,0.543886,-45.000000,11.973052,0.000000,0.000000,0.000000,6000.000000,-1000.000000,90.000000,19.820336,8.613553,6.132371
1242,5.297501,3,0.559296,-45.000000,11.962975,0.000000,0.000000,0.000000,6000.000000,-1000.000000,90.000000,19.825980,8.614300,6.132371
1243,5.311600,3,0.573395,-45.000000,11.948301,0.000000,0.000000,0.000000,6000.000000,-1000.000000,90.000000,19.822659,8.614319,6.132371
1244,5.325867,3,0.587662,-45.000000,11.932264,0.000000,0.000000,0.000000,6000.000000,-1000.000000,90.000000,19.817437,8.614189,6.132371
1245,5.340351,3,0.602146,-45.000000,11.916914,0.000000,0.000000,0.000000,6000.000000,-1000.000000,90.000000,19.813853,8.612357,6.132371
1246,5.354465,3,0.616260,-45.000000,11.902925,0.000000,0.000000,0.000000,6000.000000,-1000.000000,90.000000,19.812143,8.608810,6.132371
1247,5.369481,3,0.631276,-45.000000,11.885768,0.000000,0.000000,0.000000,6000.000000,-1000.000000,90.000000,19.812175,8.607423,6.132371
1248,5.383931,3,0.645726,-45.000000,11.859743,0.000000,0.000000,0.000000,6000.000000,-1000.000000,90.000000,19.819977,8.616044,6.132371
1249,5.398355,3,0.660150,-45.000000,11.833776,0.000000,0.000000,0.000000,6000.000000,-1000.000000,90.000000,19.827756,8.624649,6.132371
1250,5.413049,3,0.674844,-45.000000,11.823668,0.000000,0.000000,0.000000,6000.000000,-1000.000000,90.000000,19.832829,8.626613,6.132371
1251,5.427587,3,0.689381,-45.000000,11.815730,0.000000,0.000000,0.000000,6000.000000,-1000.000000,90.000000,19.837506,8.627704,6.132371
1252,5.442502,3,0.704297,-45.000000,11.819592,0.000000,0.000000,0.000000,6000.000000,-1000.000000,90.000000,19.840035,8.628283,6.132371
1253,5.456526,3,0.718321,-45.000000,11.830276,0.000000,0.000000,0.000000,6000.000000,-1000.000000,90.000000,19.841086,8.628495,6.132371
1254,5.470696,3,0.732491,-45.000000,11.843206,0.000000,0.000000,0.000000,6000.000000,-1000.000000,90.000000,19.842503,8.628958,6.132371
1255,5.484521,3,0.746316,-45.000000,11.861076,0.000000,0.000000,0.000000,6000.000000,-1000.000000,90.000000,19.844759,8.630023,6.132371
1256,5.497897,3,0.759692,-45.000000,11.878348,0.000000,0.000000,0.000000,6000.000000,-1000.000000,90.000000,19.846951,8.631057,6.132371
1257,5.510360,3,0.772155,-45.000000,11.875630,0.000000,0.000000,0.000000,6000.000000,-1000.000000,90.000000,19.849209,8.631886,6.132371
1258,5.522614,3,0.784409,-45.000000,11.869196,0.000000,0.000000,0.000000,6000.000000,-1000.000000,90.000000,19.851485,8.632679,6.132371
1259,5.535161,3,0.796956,-45.000000,11.866069,0.000000,0.000000,0.000000,6000.000000,-1000.000000,90.000000,19.853599,8.633568,6.132371
1260,5.548326,3,0.810121,-45.000000,11.884274,0.000000,0.000000,0.000000,6000.000000,-1000.000000,90.000000,19.854469,8.634980,6.132371
1261,5.561752,3,0.823547,-45.000000,11.902826,0.000000,0.000000,0.000000,6000.000000,-1000.000000,90.000000,19.855355,8.636421,6.132371
1262,5.574632,3,0.836427,-45.000000,11.920945,0.000000,0.000000,0.000000,6000.000000,-1000.000000,90.000000,19.856232,8.636097,6.132371
1263,5.587567,3,0.849362,-45.000000,11.939327,0.000000,0.000000,0.000000,6000.000000,-1000.000000,90.000000,19.857127,8.634712,6.132371
1264,5.601153,3,0.862948,-45.000000,11.959274,0.000000,0.000000,0.000000,6000.000000,-1000.000000,90.000000,19.858130,8.633381,6.132371
1265,5.613592,3,0.875386,-45.000000,11.983678,0.000000,0.000000,0.000000,6000.000000,-1000.000000,90.000000,19.859609,8.633293,6.132371
1266,5.625406,3,0.887201,-45.000000,12.006866,0.000000,0.000000,0.000000,6000.000000,-1000.000000,90.000000,19.861003,8.633206,6.132371
1267,5.638067,3,0.899862,-45.000000,12.028598,0.000000,0.000000,0.000000,6000.000000,-1000.000000,90.000000,19.862118,8.633790,6.132371
1268,5.649886,3,0.911681,-45.000000,12.044011,0.000000,0.000000,0.000000,6000.000000,-1000.000000,90.000000,19.862546,8.635393,6.132371
1269,5.662811,3,0.924605,-45.000000,12.060862,0.000000,0.000000,0.000000,6000.000000,-1000.000000,90.000000,19.863008,8.637146,6.132371
1270,5.676517,3,0.938312,-45.000000,12.075897,0.000000,0.000000,0.000000,6000.000000,-1000.000000,90.000000,19.862193,8.635702,6.132371
1271,5.689707,3,0.951502,-45.000000,12.089314,0.000000,0.000000,0.000000,6000.000000,-1000.000000,90.000000,19.860910,8.633071,6.132371
1272,5.702119,3,0.963914,-45.000000,12.102325,0.000000,0.000000,0.000000,6000.000000,-1000.000000,90.000000,19.859925,8.631069,6.132371
1273,5.715072,3,0.976867,-45.000000,12.117927,0.000000,0.000000,0.000000,6000.000000,-1000.000000,90.000000,19.860058,8.631406,6.132371
1274,5.727115,3,0.988910,-45.000000,12.132431,0.000000,0.000000,0.000000,6000.000000,-1000.000000,90.000000,19.860182,8.631721,6.132371
1275,5.739244,3,1.001038,-45.000000,12.144045,0.000000,0.000000,0.000000,6000.000000,-1000.000000,90.000000,19.859447,8.630072,6.132371
1276,5.750848,3,1.012643,-45.000000,12.152122,0.000000,0.000000,0.000000,6000.000000,-1000.000000,90.000000,19.857861,8.626515,6.132371
1277,5.762420,3,1.024215,-45.000000,12.160183,0.000000,0.000000,0.000000,6000.000000,-1000.000000,90.000000,19.856290,8.622970,6.132371
1278,5.774640,3,1.036435,-45.000000,12.165301,0.000000,0.000000,0.000000,6000.000000,-1000.000000,90.000000,19.854767,8.620839,6.132371
1279,5.786572,3,1.048367,-45.000000,12.168545,0.000000,0.000000,0.000000,6000.000000,-1000.000000,90.000000,19.853374,8.619610,6.132371
1280,5.798018,3,1.059813,-45.000000,12.171640,0.000000,0.000000,0.000000,6000.000000,-1000.000000,90.000000,19.852035,8.618420,6.132371
1281,5.810670,3,1.072464,-45.000000,12.154337,0.000000,0.000000,0.000000,6000.000000,-1000.000000,90.000000,19.853310,8.617518,6.132371
1282,5.822652,3,1.084447,-45.000000,12.134275,0.000000,0.000000,0.000000,6000.000000,-1000.000000,90.000000,19.854991,8.616735,6.132371
1283,5.834448,3,1.096243,-45.000000,12.114426,0.000000,0.000000,0.000000,6000.000000,-1000.000000,90.000000,19.856374,8.615776,6.132371
1284,5.847658,3,1.109453,-45.000000,12.090965,0.000000,0.000000,0.000000,6000.000000,-1000.000000,90.000000,19.854849,8.612640,6.132371
1285,5.861269,3,1.123064,-45.000000,12.066793,0.000000,0.000000,0.000000,6000.000000,-1000.000000,90.000000,19.853286,8.609412,6.132371
1286,5.874356,3,1.136151,-45.000000,12.043225,0.000000,0.000000,0.000000,6000.000000,-1000.000000,90.000000,19.853898,8.607979,6.132371
1287,5.887536,3,1.149331,-45.000000,12.019256,0.000000,0.000000,0.000000,6000.000000,-1000.000000,90.000000,19.856012,8.607718,6.132371
1288,5.901337,3,1.163132,-45.000000,11.996160,0.000000,0.000000,0.000000,6000.000000,-1000.000000,90.000000,19.857829,8.607458,6.132371
1289,5.914537,3,1.176332,-45.000000,11.991799,0.000000,0.000000,0.000000,6000.000000,-1000.000000,90.000000,19.855939,8.607319,6.132371
1290,5.928289,3,1.190084,-45.000000,11.987265,0.000000,0.000000,0.000000,6000.000000,-1000.000000,90.000000,19.853959,8.607162,6.132371
1291,5.941786,3,1.203581,-45.000000,11.984949,0.000000,0.000000,0.000000,6000.000000,-1000.000000,90.000000,19.852228,8.606495,6.132371
1292,5.955481,3,1.217275,-45.000000,11.983908,0.000000,0.000000,0.000000,6000.000000,-1000.000000,90.000000,19.850587,8.605505,6.132371
1293,5.968801,3,1.230596,-45.000000,11.982241,0.000000,0.000000,0.000000,6000.000000,-1000.000000,90.000000,19.849272,8.604288,6.132371
1294,5.982646,3,1.244441,-45.000000,11.976936,0.000000,0.000000,0.000000,6000.000000,-1000.000000,90.000000,19.849445,8.601660,6.132371
1295,5.996326,3,1.258121,-45.000000,11.971684,0.000000,0.000000,0.000000,6000.000000,-1000.000000,90.000000,19.849607,8.599053,6.132371
1296,6.009553,3,1.271348,-45.000000,11.965491,0.000000,0.000000,0.000000,6000.000000,-1000.000000,90.000000,19.851492,8.598948,6.132371
1297,6.022371,3,1.284165,-45.000000,11.959064,0.000000,0.000000,0.000000,6000.000000,-1000.000000,90.000000,19.853958,8.599748,6.132371
1298,6.036723,3,1.298518,-45.000000,11.953354,0.000000,0.000000,0.000000,6000.000000,-1000.000000,90.000000,19.856430,8.600840,6.132371
1299,6.050372,3,1.312167,-45.000000,11.952484,0.000000,0.000000,0.000000,6000.000000,-1000.000000,90.000000,19.857917,8.602513,6.132371
1300,6.063384,3,1.325179,-45.000000,11.951662,0.000000,0.000000,0.000000,6000.000000,-1000.000000,90.000000,19.859328,8.604108,6.132371
1301,6.239743,3,1.501537,-45.000000,12.103104,0.000000,0.000000,0.000000,6000.000000,-1000.000000,90.000000,19.870138,8.614096,6.132371
1302,6.246375,4,0.000000,12.000000,12.112675,0.000000,0.000000,0.000000,6000.000000,-1000.000000,90.000000,19.873180,8.614899,6.132371
1303,6.249354,4,0.002979,12.000000,12.116971,0.000000,0.000000,0.000000,6000.000000,-1000.000000,90.000000,19.874552,8.615258,6.132371
1304,6.261537,4,0.015162,12.000000,12.134562,0.000000,0.000000,0.000000,6000.000000,-1000.000000,90.000000,19.880152,8.616734,6.132371
1305,6.273833,4,0.027458,12.000000,12.167853,0.000000,0.000000,0.000000,6000.000000,-1000.000000,90.000000,19.885132,8.616481,6.132371
1306,6.286642,4,0.040268,12.000000,12.214090,0.000000,0.000000,0.000000,6000.000000,-1000.000000,90.000000,19.889822,8.614917,6.132371
1307,6.298657,4,0.052282,12.000000,12.257402,0.000000,0.000000,0.000000,6000.000000,-1000.000000,90.000000,19.894218,8.613454,6.132371
1308,6.311088,4,0.064714,12.000000,12.282113,0.000000,0.000000,0.000000,6000.000000,-1000.000000,90.000000,19.899007,8.614198,6.132371
1309,6.322387,4,0.076012,12.000000,12.302357,0.000000,0.000000,0.000000,6000.000000,-1000.000000,90.000000,19.903372,8.615119,6.132371
1310,6.336064,4,0.089689,12.000000,12.321991,0.000000,0.000000,0.000000,6000.000000,-1000.000000,90.000000,19.908318,8.614636,6.132371
1311,6.349581,4,0.103207,12.000000,12.322117,0.000000,0.000000,0.000000,6000.000000,-1000.000000,90.000000,19.911888,8.607825,6.132371
1312,6.362454,4,0.116080,12.000000,12.322237,0.000000,0.000000,0.000000,6000.000000,-1000.000000,90.000000,19.915279,8.601333,6.132371
1313,6.375549,4,0.129175,12.000000,12.328539,0.000000,0.000000,0.000000,6000.000000,-1000.000000,90.000000,19.916029,8.601143,6.132371
1314,6.389302,4,0.142928,12.000000,12.338243,0.000000,0.000000,0.000000,6000.000000,-1000.000000,90.000000,19.915450,8.604137,6.132371
1315,6.401721,4,0.155346,12.000000,12.346702,0.000000,0.000000,0.000000,6000.000000,-1000.000000,90.000000,19.914469,8.606923,6.132371
1316,6.414433,4,0.168059,12.000000,12.353447,0.000000,0.000000,0.000000,6000.000000,-1000.000000,90.000000,19.910442,8.610293,6.132371
1317,6.426890,4,0.180516,12.000000,12.360053,0.000000,0.000000,0.000000,6000.000000,-1000.000000,90.000000,19.906506,8.613601,6.132371
1318,6.439227,4,0.192853,12.000000,12.361377,0.000000,0.000000,0.000000,6000.000000,-1000.000000,90.000000,19.907960,8.614419,6.132371
1319,6.452090,4,0.205716,12.000000,12.356840,0.000000,0.000000,0.000000,6000.000000,-1000.000000,90.000000,19.915587,8.612466,6.132371
1320,6.463517,4,0.217143,12.000000,12.352804,0.000000,0.000000,0.000000,6000.000000,-1000.000000,90.000000,19.922366,8.610735,6.132371
1321,6.475684,4,0.229309,12.000000,12.346290,0.000000,0.000000,0.000000,6000.000000,-1000.000000,90.000000,19.922538,8.609499,6.132371
1322,6.488111,4,0.241737,12.000000,12.338845,0.000000,0.000000,0.000000,6000.000000,-1000.000000,90.000000,19.920199,8.608450,6.132371
1323,6.499916,4,0.253542,12.000000,12.331777,0.000000,0.000000,0.000000,6000.000000,-1000.000000,90.000000,19.917986,8.607455,6.132371
1324,6.512344,4,0.265969,12.000000,12.323703,0.000000,0.000000,0.000000,6000.000000,-1000.000000,90.000000,19.921120,8.610505,6.132371
1325,6.524126,4,0.277752,12.000000,12.316047,0.000000,0.000000,0.000000,6000.000000,-1000.000000,90.000000,19.924128,8.613423,6.132371
1326,6.535754,4,0.289379,12.000000,12.306862,0.000000,0.000000,0.000000,6000.000000,-1000.000000,90.000000,19.926750,8.615413,6.132371
1327,6.547686,4,0.301311,12.000000,12.291004,0.000000,0.000000,0.000000,6000.000000,-1000.000000,90.000000,19.928060,8.613944,6.132371
1328,6.559272,4,0.312898,12.000000,12.275622,0.000000,0.000000,0.000000,6000.000000,-1000.000000,90.000000,19.929342,8.612524,6.132371
1329,6.570801,4,0.324427,12.000000,12.259581,0.000000,0.000000,0.000000,6000.000000,-1000.000000,90.000000,19.929504,8.611271,6.132371
1330,6.582941,4,0.336567,12.000000,12.241358,0.000000,0.000000,0.000000,6000.000000,-1000.000000,90.000000,19.927594,8.610267,6.132371
1331,6.594759,4,0.348384,12.000000,12.223612,0.000000,0.000000,0.000000,6000.000000,-1000.000000,90.000000,19.925725,8.609289,6.132371
1332,6.607146,4,0.360772,12.000000,12.203131,0.000000,0.000000,0.000000,6000.000000,-1000.000000,90.000000,19.923732,8.608221,6.132371
1333,6.621822,4,0.375447,12.000000,12.177222,0.000000,0.000000,0.000000,6000.000000,-1000.000000,90.000000,19.921335,8.606910,6.132371
1334,6.634067,4,0.387693,12.000000,12.155083,0.000000,0.000000,0.000000,6000.000000,-1000.000000,90.000000,19.919598,8.605893,6.132371
1335,6.646143,4,0.399768,12.000000,12.125395,0.000000,0.000000,0.000000,6000.000000,-1000.000000,90.000000,19.921955,8.606032,6.132371
1336,6.658715,4,0.412341,12.000000,12.094458,0.000000,0.000000,0.000000,6000.000000,-1000.000000,90.000000,19.924410,8.606174,6.132371
1337,6.670975,4,0.424600,12.000000,12.066811,0.000000,0.000000,0.000000,6000.000000,-1000.000000,90.000000,19.926285,8.606388,6.132371
1338,6.683320,4,0.436945,12.000000,12.043622,0.000000,0.000000,0.000000,6000.000000,-1000.000000,90.000000,19.927212,8.606733,6.132371
1339,6.695242,4,0.448868,12.000000,12.021232,0.000000,0.000000,0.000000,6000.000000,-1000.000000,90.000000,19.928119,8.607062,6.132371
1340,6.708580,4,0.462206,12.000000,11.989476,0.000000,0.000000,0.000000,6000.000000,-1000.000000,90.000000,19.929081,8.611024,6.132371
1341,6.721173,4,0.474799,12.000000,11.955973,0.000000,0.000000,0.000000,6000.000000,-1000.000000,90.000000,19.929961,8.616643,6.132371
1342,6.733116,4,0.486742,12.000000,11.924196,0.000000,0.000000,0.000000,6000.000000,-1000.000000,90.000000,19.930792,8.621973,6.132371
1343,6.745844,4,0.499470,12.000000,11.876610,0.000000,0.000000,0.000000,6000.000000,-1000.000000,90.000000,19.932520,8.621111,6.132371
1344,6.756984,4,0.510609,12.000000,11.834701,0.000000,0.000000,0.000000,6000.000000,-1000.000000,90.000000,19.934040,8.620259,6.132371
1345,6.768172,4,0.521798,12.000000,11.791164,0.000000,0.000000,0.000000,6000.000000,-1000.000000,90.000000,19.935308,8.619202,6.132371
1346,6.778777,4,0.532402,12.000000,11.741271,0.000000,0.000000,0.000000,6000.000000,-1000.000000,90.000000,19.934928,8.617000,6.132371
1347,6.789470,4,0.543095,12.000000,11.690876,0.000000,0.000000,0.000000,6000.000000,-1000.000000,90.000000,19.934547,8.614783,6.132371
1348,6.801099,4,0.554725,12.000000,11.642705,0.000000,0.000000,0.000000,6000.000000,-1000.000000,90.000000,19.934307,8.612661,6.132371
1349,6.812953,4,0.566578,12.000000,11.659531,0.000000,0.000000,0.000000,6000.000000,-1000.000000,90.000000,19.935744,8.613357,6.132371
1350,6.825304,4,0.578930,12.000000,11.677063,0.000000,0.000000,0.000000,6000.000000,-1000.000000,90.000000,19.937247,8.614082,6.132371
1351,6.838515,4,0.592140,12.000000,11.684933,0.000000,0.000000,0.000000,6000.000000,-1000.000000,90.000000,19.937080,8.614026,6.132371
1352,6.851864,4,0.605489,12.000000,11.675811,0.000000,0.000000,0.000000,6000.000000,-1000.000000,90.000000,19.934158,8.612670,6.132371
1353,6.864656,4,0.618281,12.000000,11.667077,0.000000,0.000000,0.000000,6000.000000,-1000.000000,90.000000,19.931348,8.611369,6.132371
1354,6.877620,4,0.631245,12.000000,11.654569,0.000000,0.000000,0.000000,6000.000000,-1000.000000,90.000000,19.928051,8.608695,6.132371
1355,6.889901,4,0.643526,12.000000,11.642070,0.000000,0.000000,0.000000,6000.000000,-1000.000000,90.000000,19.924839,8.605933,6.132371
1356,6.902183,4,0.655808,12.000000,11.631648,0.000000,0.000000,0.000000,6000.000000,-1000.000000,90.000000,19.921867,8.603345,6.132371
1357,6.914647,4,0.668273,12.000000,11.630818,0.000000,0.000000,0.000000,6000.000000,-1000.000000,90.000000,19.919982,8.601587,6.132371
1358,6.927391,4,0.681016,12.000000,11.629975,0.000000,0.000000,0.000000,6000.000000,-1000.000000,90.000000,19.918061,8.599794,6.132371
1359,6.939362,4,0.692987,12.000000,11.624747,0.000000,0.000000,0.000000,6000.000000,-1000.000000,90.000000,19.916440,8.599192,6.132371
1360,6.951485,4,0.705110,12.000000,11.615009,0.000000,0.000000,0.000000,6000.000000,-1000.000000,90.000000,19.914971,8.599664,6.132371
1361,6.964105,4,0.717731,12.000000,11.604904,0.000000,0.000000,0.000000,6000.000000,-1000.000000,90.000000,19.913458,8.600166,6.132371
1362,6.976804,4,0.730430,12.000000,11.619892,0.000000,0.000000,0.000000,6000.000000,-1000.000000,90.000000,19.910704,8.601241,6.132371
1363,6.989825,4,0.743450,12.000000,11.641759,0.000000,0.000000,0.000000,6000.000000,-1000.000000,90.000000,19.907573,8.602490,6.132371
1364,7.003122,4,0.756747,12.000000,11.667331,0.000000,0.000000,0.000000,6000.000000,-1000.000000,90.000000,19.904857,8.603802,6.132371
1365,7.015649,4,0.769275,12.000000,11.701447,0.000000,0.000000,0.000000,6000.000000,-1000.000000,90.000000,19.903774,8.605170,6.132371
1366,7.028268,4,0.781893,12.000000,11.735796,0.000000,0.000000,0.000000,6000.000000,-1000.000000,90.000000,19.902681,8.606543,6.132371
1367,7.040947,4,0.794573,12.000000,11.768419,0.000000,0.000000,0.000000,6000.000000,-1000.000000,90.000000,19.901433,8.605060,6.132371
1368,7.053823,4,0.807448,12.000000,11.800252,0.000000,0.000000,0.000000,6000.000000,-1000.000000,90.000000,19.900060,8.601631,6.132371
1369,7.065883,4,0.819508,12.000000,11.830037,0.000000,0.000000,0.000000,6000.000000,-1000.000000,90.000000,19.898775,8.598414,6.132371
1370,7.077703,4,0.831329,12.000000,11.844340,0.000000,0.000000,0.000000,6000.000000,-1000.000000,90.000000,19.897389,8.596681,6.132371
1371,7.090724,4,0.844350,12.000000,11.858894,0.000000,0.000000,0.000000,6000.000000,-1000.000000,90.000000,19.895847,8.594881,6.132371
1372,7.102985,4,0.856610,12.000000,11.867039,0.000000,0.000000,0.000000,6000.000000,-1000.000000,90.000000,19.894359,8.593908,6.132371
1373,7.116390,4,0.870016,12.000000,11.857085,0.000000,0.000000,0.000000,6000.000000,-1000.000000,90.000000,19.892630,8.595315,6.132371
1374,7.129252,4,0.882878,12.000000,11.847513,0.000000,0.000000,0.000000,6000.000000,-1000.000000,90.000000,19.890964,8.596668,6.132371
1375,7.141497,4,0.895123,12.000000,11.850080,0.000000,0.000000,0.000000,6000.000000,-1000.000000,90.000000,19.891364,8.597744,6.132371
1376,7.153582,4,0.907208,12.000000,11.858411,0.000000,0.000000,0.000000,6000.000000,-1000.000000,90.000000,19.892747,8.598706,6.132371
1377,7.166355,4,0.919981,12.000000,11.867215,0.000000,0.000000,0.000000,6000.000000,-1000.000000,90.000000,19.894207,8.599726,6.132371
1378,7.178517,4,0.932142,12.000000,11.878369,0.000000,0.000000,0.000000,6000.000000,-1000.000000,90.000000,19.891681,8.604045,6.132371
1379,7.190521,4,0.944147,12.000000,11.889455,0.000000,0.000000,0.000000,6000.000000,-1000.000000,90.000000,19.889085,8.608393,6.132371
1380,7.202662,4,0.956287,12.000000,11.906554,0.000000,0.000000,0.000000,6000.000000,-1000.000000,90.000000,19.887427,8.610640,6.132371
1381,7.214645,4,0.968271,12.000000,11.944166,0.000000,0.000000,0.000000,6000.000000,-1000.000000,90.000000,19.889181,8.605305,6.132371
1382,7.227161,4,0.980787,12.000000,11.983459,0.000000,0.000000,0.000000,6000.000000,-1000.000000,90.000000,19.891011,8.599734,6.132371
1383,7.239147,4,0.992773,12.000000,12.008698,0.000000,0.000000,0.000000,6000.000000,-1000.000000,90.000000,19.891960,8.597368,6.132371
1384,7.250960,4,1.004586,12.000000,12.020608,0.000000,0.000000,0.000000,6000.000000,-1000.000000,90.000000,19.892045,8.598147,6.132371
1385,7.262683,4,1.016309,12.000000,12.032425,0.000000,0.000000,0.000000,6000.000000,-1000.000000,90.000000,19.892133,8.598921,6.132371
1386,7.274031,4,1.027657,12.000000,12.040163,0.000000,0.000000,0.000000,6000.000000,-1000.000000,90.000000,19.892625,8.599212,6.132371
1387,7.285951,4,1.039577,12.000000,12.046204,0.000000,0.000000,0.000000,6000.000000,-1000.000000,90.000000,19.893376,8.599269,6.132371
1388,7.297178,4,1.050804,12.000000,12.051881,0.000000,0.000000,0.000000,6000.000000,-1000.000000,90.000000,19.894075,8.599320,6.132371
1389,7.309154,4,1.062780,12.000000,12.055994,0.000000,0.000000,0.000000,6000.000000,-1000.000000,90.000000,19.891096,8.598741,6.132371
1390,7.320384,4,1.074009,12.000000,12.059292,0.000000,0.000000,0.000000,6000.000000,-1000.000000,90.000000,19.887215,8.598022,6.132371
1391,7.332327,4,1.085953,12.000000,12.062804,0.000000,0.000000,0.000000,6000.000000,-1000.000000,90.000000,19.883087,8.597257,6.132371
1392,7.343773,4,1.097398,12.000000,12.066470,0.000000,0.000000,0.000000,6000.000000,-1000.000000,90.000000,19.883335,8.597568,6.132371
1393,7.357919,4,1.111545,12.000000,12.071052,0.000000,0.000000,0.000000,6000.000000,-1000.000000,90.000000,19.884142,8.598076,6.132371
1394,7.370108,4,1.123733,12.000000,12.072426,0.000000,0.000000,0.000000,6000.000000,-1000.000000,90.000000,19.884263,8.598364,6.132371
1395,7.381741,4,1.135366,12.000000,12.067494,0.000000,0.000000,0.000000,6000.000000,-1000.000000,90.000000,19.882966,8.598258,6.132371
1396,7.395408,4,1.149033,12.000000,12.061687,0.000000,0.000000,0.000000,6000.000000,-1000.000000,90.000000,19.881453,8.598139,6.132371
1397,7.407487,4,1.161112,12.000000,12.050959,0.000000,0.000000,0.000000,6000.000000,-1000.000000,90.000000,19.880966,8.597747,6.132371
1398,7.420083,4,1.173708,12.000000,12.036180,0.000000,0.000000,0.000000,6000.000000,-1000.000000,90.000000,19.881002,8.597153,6.132371
1399,7.433355,4,1.186981,12.000000,12.020594,0.000000,0.000000,0.000000,6000.000000,-1000.000000,90.000000,19.881040,8.596530,6.132371
1400,7.446879,4,1.200505,12.000000,12.003527,0.000000,0.000000,0.000000,6000.000000,-1000.000000,90.000000,19.882691,8.600050,6.132371
1401,7.460122,4,1.213748,12.000000,11.986791,0.000000,0.000000,0.000000,6000.000000,-1000.000000,90.000000,19.884307,8.603491,6.132371
1402,7.473693,4,1.227318,12.000000,11.969480,0.000000,0.000000,0.000000,6000.000000,-1000.000000,90.000000,19.883169,8.605557,6.132371
1403,7.486403,4,1.240029,12.000000,11.953132,0.000000,0.000000,0.000000,6000.000000,-1000.000000,90.000000,19.879666,8.606202,6.132371
1404,7.498392,4,1.252017,12.000000,11.937712,0.000000,0.000000,0.000000,6000.000000,-1000.000000,90.000000,19.876361,8.606816,6.132371
1405,7.510643,4,1.264269,12.000000,11.910857,0.000000,0.000000,0.000000,6000.000000,-1000.000000,90.000000,19.878137,8.605324,6.132371
1406,7.524099,4,1.277725,12.000000,11.879517,0.000000,0.000000,0.000000,6000.000000,-1000.000000,90.000000,19.880940,8.603340,6.132371
1407,7.536421,4,1.290046,12.000000,11.851707,0.000000,0.000000,0.000000,6000.000000,-1000.000000,90.000000,19.882681,8.601694,6.132371
1408,7.548380,4,1.302006,12.000000,11.827317,0.000000,0.000000,0.000000,6000.000000,-1000.000000,90.000000,19.881979,8.600596,6.132371
1409,7.562182,4,1.315808,12.000000,11.799170,0.000000,0.000000,0.000000,6000.000000,-1000.000000,90.000000,19.881169,8.599327,6.132371
1410,7.742932,4,1.496558,12.000000,11.721460,0.000000,0.000000,0.000000,6000.000000,-1000.000000,90.000000,19.885698,8.602203,6.132371
1411,7.750031,16,0.000000,12.000000,11.725836,0.000000,0.000000,0.000000,6000.000000,-1000.000000,90.000000,19.885678,8.602219,6.132371
