frame,wall_ms,sim_ms,gpu_ms,phase,shot_requested,x,y,z,yaw,ready,aa,screen_percentage,motion_blur_quality,dynamic_res,vsync,frame_cap
670,58.067854,374.653760,13.997000,1,0,0.0000,0.0000,88.0000,0.0000,0,4.0,100.00,0.0,0.0,0.0,0.0
671,17.695536,58.049464,7.864000,1,0,0.0000,0.0000,90.0000,0.0000,0,4.0,100.00,0.0,0.0,0.0,0.0
672,4.846096,17.687926,7.864000,1,0,0.0000,0.0000,90.0000,0.0000,0,4.0,100.00,0.0,0.0,0.0,0.0
673,11.752746,4.832715,7.864000,1,0,0.0000,0.0000,90.0000,0.0000,0,4.0,100.00,0.0,0.0,0.0,0.0
674,19.566726,11.735956,7.380000,1,0,6000.0000,-1000.0000,90.0000,0.0000,0,4.0,100.00,0.0,0.0,0.0,0.0
675,22.254634,19.594996,6.921000,1,0,6000.0000,-1000.0000,90.0000,0.0000,1,4.0,100.00,0.0,0.0,0.0,0.0
676,19.867883,22.241835,6.921000,1,0,6000.0000,-1000.0000,90.0000,0.0000,1,4.0,100.00,0.0,0.0,0.0,0.0
677,20.583589,20.015736,8.202000,1,0,6000.0000,-1000.0000,90.0000,0.0000,1,4.0,100.00,0.0,0.0,0.0,0.0
678,18.845770,20.595718,6.866000,1,0,6000.0000,-1000.0000,90.0000,0.0000,1,4.0,100.00,0.0,0.0,0.0,0.0
679,17.144654,18.799000,6.755000,1,0,6000.0000,-1000.0000,90.0000,0.0000,1,4.0,100.00,0.0,0.0,0.0,0.0
680,15.614969,17.144873,6.958000,1,0,6000.0000,-1000.0000,90.0000,0.0000,1,4.0,100.00,0.0,0.0,0.0,0.0
681,12.953922,15.639291,6.958000,1,0,6000.0000,-1000.0000,90.0000,0.0000,1,4.0,100.00,0.0,0.0,0.0,0.0
682,15.368436,12.941302,6.763000,1,0,6000.0000,-1000.0000,90.0000,0.0000,1,4.0,100.00,0.0,0.0,0.0,0.0
683,14.268490,15.396855,6.334000,1,0,6000.0000,-1000.0000,90.0000,0.0000,1,4.0,100.00,0.0,0.0,0.0,0.0
684,15.237302,14.259841,6.544000,1,0,6000.0000,-1000.0000,90.0000,0.0000,1,4.0,100.00,0.0,0.0,0.0,0.0
685,12.723067,15.207101,6.544000,1,0,6000.0000,-1000.0000,90.0000,0.0000,1,4.0,100.00,0.0,0.0,0.0,0.0
686,12.949972,12.762138,6.536000,1,0,6000.0000,-1000.0000,90.0000,0.0000,1,4.0,100.00,0.0,0.0,0.0,0.0
687,11.546751,12.957062,6.535000,1,0,6000.0000,-1000.0000,90.0000,0.0000,1,4.0,100.00,0.0,0.0,0.0,0.0
688,13.158738,11.504901,6.452000,1,0,6000.0000,-1000.0000,90.0000,0.0000,1,4.0,100.00,0.0,0.0,0.0,0.0
689,10.213062,13.154337,6.452000,1,0,6000.0000,-1000.0000,90.0000,0.0000,1,4.0,100.00,0.0,0.0,0.0,0.0
690,14.031676,10.213092,6.289000,1,0,6000.0000,-1000.0000,90.0000,0.0000,1,4.0,100.00,0.0,0.0,0.0,0.0
691,14.412763,14.034936,6.288000,1,0,6000.0000,-1000.0000,90.0000,0.0000,1,4.0,100.00,0.0,0.0,0.0,0.0
692,15.033538,14.427963,6.234000,1,0,6000.0000,-1000.0000,90.0000,0.0000,1,4.0,100.00,0.0,0.0,0.0,0.0
693,14.986816,14.997247,6.126000,1,0,6000.0000,-1000.0000,90.0000,0.0000,1,4.0,100.00,0.0,0.0,0.0,0.0
694,15.138360,14.970706,6.141000,1,0,6000.0000,-1000.0000,90.0000,0.0000,1,4.0,100.00,0.0,0.0,0.0,0.0
695,14.334783,15.069109,6.149000,1,0,6000.0000,-1000.0000,90.0000,0.0000,1,4.0,100.00,0.0,0.0,0.0,0.0
696,14.539526,14.361063,6.195000,1,0,6000.0000,-1000.0000,90.0000,0.0000,1,4.0,100.00,0.0,0.0,0.0,0.0
697,14.736361,14.534796,6.199000,1,0,6000.0000,-1000.0000,90.0000,0.0000,1,4.0,100.00,0.0,0.0,0.0,0.0
698,13.921203,14.743291,6.249000,1,0,6000.0000,-1000.0000,90.0000,0.0000,1,4.0,100.00,0.0,0.0,0.0,0.0
699,13.973935,13.901433,6.183000,1,0,6000.0000,-1000.0000,90.0000,0.0000,1,4.0,100.00,0.0,0.0,0.0,0.0
700,14.288861,13.981705,6.301000,1,0,6000.0000,-1000.0000,90.0000,0.0000,1,4.0,100.00,0.0,0.0,0.0,0.0
701,15.753533,14.281350,6.149000,1,0,6000.0000,-1000.0000,90.0000,0.0000,1,4.0,100.00,0.0,0.0,0.0,0.0
702,16.044219,15.779284,6.242000,1,0,6000.0000,-1000.0000,90.0000,0.0000,1,4.0,100.00,0.0,0.0,0.0,0.0
703,13.907634,16.034570,6.242000,1,0,6000.0000,-1000.0000,90.0000,0.0000,1,4.0,100.00,0.0,0.0,0.0,0.0
704,15.012447,13.888152,6.274000,1,0,6000.0000,-1000.0000,90.0000,0.0000,1,4.0,100.00,0.0,0.0,0.0,0.0
705,14.943835,15.245992,6.172000,1,0,6000.0000,-1000.0000,90.0000,0.0000,1,4.0,100.00,0.0,0.0,0.0,0.0
706,14.022156,14.840273,6.147000,1,0,6000.0000,-1000.0000,90.0000,0.0000,1,4.0,100.00,0.0,0.0,0.0,0.0
707,16.349455,14.000265,6.225000,1,0,6000.0000,-1000.0000,90.0000,0.0000,1,4.0,100.00,0.0,0.0,0.0,0.0
708,16.744515,16.237784,6.177000,1,0,6000.0000,-1000.0000,90.0000,0.0000,1,4.0,100.00,0.0,0.0,0.0,0.0
709,15.370415,16.734315,6.283000,1,0,6000.0000,-1000.0000,90.0000,0.0000,1,4.0,100.00,0.0,0.0,0.0,0.0
710,16.025319,15.370344,6.183000,1,0,6000.0000,-1000.0000,90.0000,0.0000,1,4.0,100.00,0.0,0.0,0.0,0.0
711,15.443267,16.160723,6.174000,1,0,6000.0000,-1000.0000,90.0000,0.0000,1,4.0,100.00,0.0,0.0,0.0,0.0
712,14.678399,15.390055,6.125000,1,0,6000.0000,-1000.0000,90.0000,0.0000,1,4.0,100.00,0.0,0.0,0.0,0.0
713,14.118407,14.672150,6.182000,1,0,6000.0000,-1000.0000,90.0000,0.0000,1,4.0,100.00,0.0,0.0,0.0,0.0
714,14.807673,14.074656,6.169000,1,0,6000.0000,-1000.0000,90.0000,0.0000,1,4.0,100.00,0.0,0.0,0.0,0.0
715,14.112567,14.816162,6.223000,1,0,6000.0000,-1000.0000,90.0000,0.0000,1,4.0,100.00,0.0,0.0,0.0,0.0
716,14.020795,14.094878,6.249000,1,0,6000.0000,-1000.0000,90.0000,0.0000,1,4.0,100.00,0.0,0.0,0.0,0.0
717,13.404893,14.011115,6.310000,1,0,6000.0000,-1000.0000,90.0000,0.0000,1,4.0,100.00,0.0,0.0,0.0,0.0
718,13.662287,13.416212,6.311000,1,0,6000.0000,-1000.0000,90.0000,0.0000,1,4.0,100.00,0.0,0.0,0.0,0.0
719,13.298120,13.672248,6.166000,1,0,6000.0000,-1000.0000,90.0000,0.0000,1,4.0,100.00,0.0,0.0,0.0,0.0
720,13.217588,13.271239,6.201000,1,0,6000.0000,-1000.0000,90.0000,0.0000,1,4.0,100.00,0.0,0.0,0.0,0.0
721,13.804631,13.313109,6.218000,1,0,6000.0000,-1000.0000,90.0000,0.0000,1,4.0,100.00,0.0,0.0,0.0,0.0
722,13.994765,13.802231,6.246000,1,0,6000.0000,-1000.0000,90.0000,0.0000,1,4.0,100.00,0.0,0.0,0.0,0.0
723,13.594925,13.957554,6.463000,1,0,6000.0000,-1000.0000,90.0000,0.0000,1,4.0,100.00,0.0,0.0,0.0,0.0
724,16.014469,13.555076,6.158000,1,0,6000.0000,-1000.0000,90.0000,0.0000,1,4.0,100.00,0.0,0.0,0.0,0.0
725,12.897491,15.961547,6.195000,1,0,6000.0000,-1000.0000,90.0000,0.0000,1,4.0,100.00,0.0,0.0,0.0,0.0
726,12.228886,12.905661,6.469000,1,0,6000.0000,-1000.0000,90.0000,0.0000,1,4.0,100.00,0.0,0.0,0.0,0.0
727,12.594985,12.226907,6.472000,1,0,6000.0000,-1000.0000,90.0000,0.0000,1,4.0,100.00,0.0,0.0,0.0,0.0
728,12.788039,12.606914,6.182000,1,0,6000.0000,-1000.0000,90.0000,0.0000,1,4.0,100.00,0.0,0.0,0.0,0.0
729,13.202707,12.809469,6.205000,1,0,6000.0000,-1000.0000,90.0000,0.0000,1,4.0,100.00,0.0,0.0,0.0,0.0
730,11.587913,13.178977,6.441000,1,0,6000.0000,-1000.0000,90.0000,0.0000,1,4.0,100.00,0.0,0.0,0.0,0.0
731,12.892880,11.594283,6.159000,1,0,6000.0000,-1000.0000,90.0000,0.0000,1,4.0,100.00,0.0,0.0,0.0,0.0
732,12.036043,12.867081,6.298000,1,0,6000.0000,-1000.0000,90.0000,0.0000,1,4.0,100.00,0.0,0.0,0.0,0.0
733,11.425749,12.139994,6.234000,1,0,6000.0000,-1000.0000,90.0000,0.0000,1,4.0,100.00,0.0,0.0,0.0,0.0
734,11.081851,11.424908,6.232000,1,0,6000.0000,-1000.0000,90.0000,0.0000,1,4.0,100.00,0.0,0.0,0.0,0.0
735,11.799597,11.101502,6.264000,1,0,6000.0000,-1000.0000,90.0000,0.0000,1,4.0,100.00,0.0,0.0,0.0,0.0
736,11.657133,11.823078,6.466000,1,0,6000.0000,-1000.0000,90.0000,0.0000,1,4.0,100.00,0.0,0.0,0.0,0.0
737,11.595053,11.615233,6.470000,1,0,6000.0000,-1000.0000,90.0000,0.0000,1,4.0,100.00,0.0,0.0,0.0,0.0
738,11.559682,11.588562,6.183000,1,0,6000.0000,-1000.0000,90.0000,0.0000,1,4.0,100.00,0.0,0.0,0.0,0.0
739,11.781896,11.590193,6.257000,1,0,6000.0000,-1000.0000,90.0000,0.0000,1,4.0,100.00,0.0,0.0,0.0,0.0
740,11.363158,11.744036,6.254000,1,0,6000.0000,-1000.0000,90.0000,0.0000,1,4.0,100.00,0.0,0.0,0.0,0.0
741,11.377778,11.374117,6.186000,1,0,6000.0000,-1000.0000,90.0000,0.0000,1,4.0,100.00,0.0,0.0,0.0,0.0
742,11.836898,11.344847,6.151000,1,0,6000.0000,-1000.0000,90.0000,0.0000,1,4.0,100.00,0.0,0.0,0.0,0.0
743,12.399490,11.845358,6.264000,1,0,6000.0000,-1000.0000,90.0000,0.0000,1,4.0,100.00,0.0,0.0,0.0,0.0
744,11.113452,12.386351,6.118000,1,0,6000.0000,-1000.0000,90.0000,0.0000,1,4.0,100.00,0.0,0.0,0.0,0.0
745,11.259646,11.088961,6.146000,1,0,6000.0000,-1000.0000,90.0000,0.0000,1,4.0,100.00,0.0,0.0,0.0,0.0
746,11.355107,11.267085,6.234000,1,0,6000.0000,-1000.0000,90.0000,0.0000,1,4.0,100.00,0.0,0.0,0.0,0.0
747,10.689633,11.347997,6.090000,1,0,6000.0000,-1000.0000,90.0000,0.0000,1,4.0,100.00,0.0,0.0,0.0,0.0
748,10.849486,10.710604,6.175000,1,0,6000.0000,-1000.0000,90.0000,0.0000,1,4.0,100.00,0.0,0.0,0.0,0.0
749,11.962351,10.875037,6.216000,1,0,6000.0000,-1000.0000,90.0000,0.0000,1,4.0,100.00,0.0,0.0,0.0,0.0
750,12.076173,11.949170,6.066000,1,0,6000.0000,-1000.0000,90.0000,0.0000,1,4.0,100.00,0.0,0.0,0.0,0.0
751,12.026832,12.064543,6.187000,1,0,6000.0000,-1000.0000,90.0000,0.0000,1,4.0,100.00,0.0,0.0,0.0,0.0
752,12.157064,12.036952,6.115000,1,0,6000.0000,-1000.0000,90.0000,0.0000,1,4.0,100.00,0.0,0.0,0.0,0.0
753,13.021894,12.148714,6.111000,1,0,6000.0000,-1000.0000,90.0000,0.0000,1,4.0,100.00,0.0,0.0,0.0,0.0
754,12.485271,13.039094,6.480000,1,0,6000.0000,-1000.0000,90.0000,0.0000,1,4.0,100.00,0.0,0.0,0.0,0.0
755,12.480273,12.439941,6.538000,1,0,6000.0000,-1000.0000,90.0000,0.0000,1,4.0,100.00,0.0,0.0,0.0,0.0
756,11.880429,12.712757,6.356000,1,0,6000.0000,-1000.0000,90.0000,0.0000,1,4.0,100.00,0.0,0.0,0.0,0.0
757,11.976401,11.699745,6.545000,1,0,6000.0000,-1000.0000,90.0000,0.0000,1,4.0,100.00,0.0,0.0,0.0,0.0
758,11.349676,11.931080,6.353000,1,0,6000.0000,-1000.0000,90.0000,0.0000,1,4.0,100.00,0.0,0.0,0.0,0.0
759,13.877083,11.372487,6.089000,1,0,6000.0000,-1000.0000,90.0000,0.0000,1,4.0,100.00,0.0,0.0,0.0,0.0
760,12.136034,13.867783,6.122000,1,0,6000.0000,-1000.0000,90.0000,0.0000,1,4.0,100.00,0.0,0.0,0.0,0.0
761,8.948605,12.177945,6.122000,1,0,6000.0000,-1000.0000,90.0000,0.0000,1,4.0,100.00,0.0,0.0,0.0,0.0
762,10.487038,8.900304,6.177000,1,0,6000.0000,-1000.0000,90.0000,0.0000,1,4.0,100.00,0.0,0.0,0.0,0.0
763,10.738744,10.487249,6.104000,1,0,6000.0000,-1000.0000,90.0000,0.0000,1,4.0,100.00,0.0,0.0,0.0,0.0
764,12.925062,10.743053,6.091000,1,0,6000.0000,-1000.0000,90.0000,0.0000,1,4.0,100.00,0.0,0.0,0.0,0.0
765,12.826439,12.987523,6.119000,1,0,6000.0000,-1000.0000,90.0000,0.0000,1,4.0,100.00,0.0,0.0,0.0,0.0
766,13.139226,12.846190,6.160000,1,0,6000.0000,-1000.0000,90.0000,0.0000,1,4.0,100.00,0.0,0.0,0.0,0.0
767,11.958661,13.148886,6.259000,1,0,6000.0000,-1000.0000,90.0000,0.0000,1,4.0,100.00,0.0,0.0,0.0,0.0
768,13.689938,11.999071,6.176000,1,0,6000.0000,-1000.0000,90.0000,0.0000,1,4.0,100.00,0.0,0.0,0.0,0.0
769,13.595966,13.711079,6.240000,1,0,6000.0000,-1000.0000,90.0000,0.0000,1,4.0,100.00,0.0,0.0,0.0,0.0
770,13.379492,13.577126,6.194000,1,0,6000.0000,-1000.0000,90.0000,0.0000,1,4.0,100.00,0.0,0.0,0.0,0.0
771,14.506745,13.415982,6.348000,1,0,6000.0000,-1000.0000,90.0000,0.0000,1,4.0,100.00,0.0,0.0,0.0,0.0
772,13.142677,14.473245,6.231000,1,0,6000.0000,-1000.0000,90.0000,0.0000,1,4.0,100.00,0.0,0.0,0.0,0.0
773,13.178946,13.135467,6.230000,1,0,6000.0000,-1000.0000,90.0000,0.0000,1,4.0,100.00,0.0,0.0,0.0,0.0
774,12.525874,13.221378,6.179000,1,0,6000.0000,-1000.0000,90.0000,0.0000,1,4.0,100.00,0.0,0.0,0.0,0.0
775,13.311529,12.483981,6.382000,1,0,6000.0000,-1000.0000,90.0000,0.0000,1,4.0,100.00,0.0,0.0,0.0,0.0
776,12.151375,13.304501,6.181000,1,0,6000.0000,-1000.0000,90.0000,0.0000,1,4.0,100.00,0.0,0.0,0.0,0.0
777,11.984921,12.206195,6.041000,1,0,6000.0000,-1000.0000,90.0000,0.0000,1,4.0,100.00,0.0,0.0,0.0,0.0
778,13.000303,11.923830,6.146000,1,0,6000.0000,-1000.0000,90.0000,0.0000,1,4.0,100.00,0.0,0.0,0.0,0.0
779,12.079493,13.001433,6.504000,1,0,6000.0000,-1000.0000,90.0000,0.0000,1,4.0,100.00,0.0,0.0,0.0,0.0
780,13.440773,12.011872,6.025000,1,0,6000.0000,-1000.0000,90.0000,0.0000,1,4.0,100.00,0.0,0.0,0.0,0.0
781,13.848552,13.418102,6.233000,1,0,6000.0000,-1000.0000,90.0000,0.0000,1,4.0,100.00,0.0,0.0,0.0,0.0
782,13.431252,13.775890,6.107000,1,0,6000.0000,-1000.0000,90.0000,0.0000,1,4.0,100.00,0.0,0.0,0.0,0.0
783,13.684259,13.427402,6.059000,1,0,6000.0000,-1000.0000,90.0000,0.0000,1,4.0,100.00,0.0,0.0,0.0,0.0
784,14.160998,13.681308,6.169000,1,0,6000.0000,-1000.0000,90.0000,0.0000,1,4.0,100.00,0.0,0.0,0.0,0.0
785,11.477650,14.160709,6.121000,1,0,6000.0000,-1000.0000,90.0000,0.0000,1,4.0,100.00,0.0,0.0,0.0,0.0
786,11.351707,11.473400,6.098000,1,0,6000.0000,-1000.0000,90.0000,0.0000,1,4.0,100.00,0.0,0.0,0.0,0.0
787,11.937331,11.455679,6.039000,1,0,6000.0000,-1000.0000,90.0000,0.0000,1,4.0,100.00,0.0,0.0,0.0,0.0
788,11.835418,11.930840,6.039000,1,0,6000.0000,-1000.0000,90.0000,0.0000,1,4.0,100.00,0.0,0.0,0.0,0.0
789,13.514253,11.868809,6.145000,1,0,6000.0000,-1000.0000,90.0000,0.0000,1,4.0,100.00,0.0,0.0,0.0,0.0
790,13.612267,13.493033,6.407000,1,0,6000.0000,-1000.0000,90.0000,0.0000,1,4.0,100.00,0.0,0.0,0.0,0.0
791,13.337300,13.624797,6.042000,1,0,6000.0000,-1000.0000,90.0000,0.0000,1,4.0,100.00,0.0,0.0,0.0,0.0
792,17.321477,13.317380,6.100000,1,0,6000.0000,-1000.0000,90.0000,0.0000,1,4.0,100.00,0.0,0.0,0.0,0.0
793,13.720380,17.329308,6.413000,1,0,6000.0000,-1000.0000,90.0000,0.0000,1,4.0,100.00,0.0,0.0,0.0,0.0
794,15.909266,13.710518,6.206000,1,0,6000.0000,-1000.0000,90.0000,0.0000,1,4.0,100.00,0.0,0.0,0.0,0.0
795,13.328300,15.932607,6.429000,1,0,6000.0000,-1000.0000,90.0000,0.0000,1,4.0,100.00,0.0,0.0,0.0,0.0
796,14.890425,13.315091,6.332000,1,0,6000.0000,-1000.0000,90.0000,0.0000,1,4.0,100.00,0.0,0.0,0.0,0.0
797,13.358761,14.878483,6.142000,1,0,6000.0000,-1000.0000,90.0000,0.0000,1,4.0,100.00,0.0,0.0,0.0,0.0
798,15.878715,13.371792,6.125000,1,0,6000.0000,-1000.0000,90.0000,0.0000,1,4.0,100.00,0.0,0.0,0.0,0.0
799,13.366882,15.845895,6.125000,1,0,6000.0000,-1000.0000,90.0000,0.0000,1,4.0,100.00,0.0,0.0,0.0,0.0
800,13.918173,13.400502,6.062000,1,0,6000.0000,-1000.0000,90.0000,0.0000,1,4.0,100.00,0.0,0.0,0.0,0.0
801,14.582697,13.887112,6.128000,1,0,6000.0000,-1000.0000,90.0000,0.0000,1,4.0,100.00,0.0,0.0,0.0,0.0
802,14.331433,14.583828,6.347000,1,0,6000.0000,-1000.0000,90.0000,0.0000,1,4.0,100.00,0.0,0.0,0.0,0.0
803,13.513504,14.348803,6.411000,1,0,6000.0000,-1000.0000,90.0000,0.0000,1,4.0,100.00,0.0,0.0,0.0,0.0
804,14.665240,13.527684,6.101000,1,0,6000.0000,-1000.0000,90.0000,0.0000,1,4.0,100.00,0.0,0.0,0.0,0.0
805,14.296491,14.619569,6.206000,1,0,6000.0000,-1000.0000,90.0000,0.0000,1,4.0,100.00,0.0,0.0,0.0,0.0
806,12.145014,14.273400,6.057000,1,0,6000.0000,-1000.0000,90.0000,0.0000,1,4.0,100.00,0.0,0.0,0.0,0.0
807,10.756005,12.144245,6.107000,1,0,6000.0000,-1000.0000,90.0000,0.0000,1,4.0,100.00,0.0,0.0,0.0,0.0
808,14.111947,10.741954,6.072000,1,0,6000.0000,-1000.0000,90.0000,0.0000,1,4.0,100.00,0.0,0.0,0.0,0.0
809,12.979173,14.132358,6.107000,1,0,6000.0000,-1000.0000,90.0000,0.0000,1,4.0,100.00,0.0,0.0,0.0,0.0
810,11.916699,12.981072,6.149000,1,0,6000.0000,-1000.0000,90.0000,0.0000,1,4.0,100.00,0.0,0.0,0.0,0.0
811,12.346069,11.890930,6.127000,1,0,6000.0000,-1000.0000,90.0000,0.0000,1,4.0,100.00,0.0,0.0,0.0,0.0
812,13.197427,12.346638,5.928000,1,0,6000.0000,-1000.0000,90.0000,0.0000,1,4.0,100.00,0.0,0.0,0.0,0.0
813,10.533410,13.224889,5.793000,1,0,6000.0000,-1000.0000,90.0000,0.0000,1,4.0,100.00,0.0,0.0,0.0,0.0
814,11.250895,10.508258,5.793000,1,0,6000.0000,-1000.0000,90.0000,0.0000,1,4.0,100.00,0.0,0.0,0.0,0.0
815,11.757916,11.312797,6.110000,1,0,6000.0000,-1000.0000,90.0000,0.0000,1,4.0,100.00,0.0,0.0,0.0,0.0
816,12.069203,11.744716,6.114000,1,0,6000.0000,-1000.0000,90.0000,0.0000,1,4.0,100.00,0.0,0.0,0.0,0.0
817,12.884941,12.065452,5.997000,1,0,6000.0000,-1000.0000,90.0000,0.0000,1,4.0,100.00,0.0,0.0,0.0,0.0
818,11.485640,12.984793,6.143000,1,0,6000.0000,-1000.0000,90.0000,0.0000,1,4.0,100.00,0.0,0.0,0.0,0.0
819,10.821835,11.475691,6.143000,1,0,6000.0000,-1000.0000,90.0000,0.0000,1,4.0,100.00,0.0,0.0,0.0,0.0
820,12.721158,10.863306,6.470000,1,0,6000.0000,-1000.0000,90.0000,0.0000,1,4.0,100.00,0.0,0.0,0.0,0.0
821,10.773885,12.640515,6.610000,1,0,6000.0000,-1000.0000,90.0000,0.0000,1,4.0,100.00,0.0,0.0,0.0,0.0
822,11.718534,10.780355,6.408000,1,0,6000.0000,-1000.0000,90.0000,0.0000,1,4.0,100.00,0.0,0.0,0.0,0.0
823,11.926900,11.758586,6.458000,1,0,6000.0000,-1000.0000,90.0000,0.0000,1,4.0,100.00,0.0,0.0,0.0,0.0
824,11.908680,11.959551,6.393000,1,0,6000.0000,-1000.0000,90.0000,0.0000,1,4.0,100.00,0.0,0.0,0.0,0.0
825,12.163984,11.860508,5.989000,1,0,6000.0000,-1000.0000,90.0000,0.0000,1,4.0,100.00,0.0,0.0,0.0,0.0
826,12.323310,12.179606,6.091000,1,0,6000.0000,-1000.0000,90.0000,0.0000,1,4.0,100.00,0.0,0.0,0.0,0.0
827,13.294969,12.288737,6.106000,1,0,6000.0000,-1000.0000,90.0000,0.0000,1,4.0,100.00,0.0,0.0,0.0,0.0
828,13.989005,13.291789,6.102000,1,0,6000.0000,-1000.0000,90.0000,0.0000,1,4.0,100.00,0.0,0.0,0.0,0.0
829,11.774176,14.013125,6.170000,1,0,6000.0000,-1000.0000,90.0000,0.0000,1,4.0,100.00,0.0,0.0,0.0,0.0
830,12.782809,11.791217,6.061000,1,0,6000.0000,-1000.0000,90.0000,0.0000,1,4.0,100.00,0.0,0.0,0.0,0.0
831,15.960098,12.765059,6.108000,1,0,6000.0000,-1000.0000,90.0000,0.0000,1,4.0,100.00,0.0,0.0,0.0,0.0
832,14.081286,15.954517,6.119000,1,0,6000.0000,-1000.0000,90.0000,0.0000,1,4.0,100.00,0.0,0.0,0.0,0.0
833,13.038994,14.066327,6.263000,1,0,6000.0000,-1000.0000,90.0000,0.0000,1,4.0,100.00,0.0,0.0,0.0,0.0
834,13.531394,13.036104,6.084000,1,0,6000.0000,-1000.0000,90.0000,0.0000,1,4.0,100.00,0.0,0.0,0.0,0.0
835,13.822212,13.544794,6.161000,1,0,6000.0000,-1000.0000,90.0000,0.0000,1,4.0,100.00,0.0,0.0,0.0,0.0
836,13.282389,13.894543,6.048000,1,0,6000.0000,-1000.0000,90.0000,0.0000,1,4.0,100.00,0.0,0.0,0.0,0.0
837,13.656147,13.253499,6.026000,1,0,6000.0000,-1000.0000,90.0000,0.0000,1,4.0,100.00,0.0,0.0,0.0,0.0
838,13.771621,13.598116,5.786000,1,0,6000.0000,-1000.0000,90.0000,0.0000,1,4.0,100.00,0.0,0.0,0.0,0.0
839,14.238020,13.786850,6.134000,1,0,6000.0000,-1000.0000,90.0000,0.0000,1,4.0,100.00,0.0,0.0,0.0,0.0
840,13.532094,14.173399,6.062000,1,0,6000.0000,-1000.0000,90.0000,0.0000,1,4.0,100.00,0.0,0.0,0.0,0.0
841,13.416683,13.481484,6.110000,1,0,6000.0000,-1000.0000,90.0000,0.0000,1,4.0,100.00,0.0,0.0,0.0,0.0
842,13.807811,13.419302,5.923000,1,0,6000.0000,-1000.0000,90.0000,0.0000,1,4.0,100.00,0.0,0.0,0.0,0.0
843,12.707346,13.807511,6.080000,1,0,6000.0000,-1000.0000,90.0000,0.0000,1,4.0,100.00,0.0,0.0,0.0,0.0
844,13.982174,12.707587,5.954000,1,0,6000.0000,-1000.0000,90.0000,0.0000,1,4.0,100.00,0.0,0.0,0.0,0.0
845,13.646478,14.035076,6.158000,1,0,6000.0000,-1000.0000,90.0000,0.0000,1,4.0,100.00,0.0,0.0,0.0,0.0
846,14.285081,13.594145,5.975000,1,0,6000.0000,-1000.0000,90.0000,0.0000,1,4.0,100.00,0.0,0.0,0.0,0.0
847,13.805321,14.288401,6.228000,1,0,6000.0000,-1000.0000,90.0000,0.0000,1,4.0,100.00,0.0,0.0,0.0,0.0
848,13.532095,13.785121,5.860000,1,0,6000.0000,-1000.0000,90.0000,0.0000,1,4.0,100.00,0.0,0.0,0.0,0.0
849,14.430334,13.501724,6.013000,1,0,6000.0000,-1000.0000,90.0000,0.0000,1,4.0,100.00,0.0,0.0,0.0,0.0
850,15.676231,14.468395,6.147000,1,0,6000.0000,-1000.0000,90.0000,0.0000,1,4.0,100.00,0.0,0.0,0.0,0.0
851,13.658007,15.637521,6.139000,1,0,6000.0000,-1000.0000,90.0000,0.0000,1,4.0,100.00,0.0,0.0,0.0,0.0
852,13.970025,13.664497,5.990000,1,0,6000.0000,-1000.0000,90.0000,0.0000,1,4.0,100.00,0.0,0.0,0.0,0.0
853,13.818011,13.982434,6.071000,1,0,6000.0000,-1000.0000,90.0000,0.0000,1,4.0,100.00,0.0,0.0,0.0,0.0
854,13.428563,13.802751,5.859000,1,0,6000.0000,-1000.0000,90.0000,0.0000,1,4.0,100.00,0.0,0.0,0.0,0.0
855,14.979935,13.440394,5.785000,1,0,6000.0000,-1000.0000,90.0000,0.0000,1,4.0,100.00,0.0,0.0,0.0,0.0
856,13.806651,15.083028,6.380000,1,0,6000.0000,-1000.0000,90.0000,0.0000,1,4.0,100.00,0.0,0.0,0.0,0.0
857,13.578226,13.827721,6.069000,1,0,6000.0000,-1000.0000,90.0000,0.0000,1,4.0,100.00,0.0,0.0,0.0,0.0
858,10.082680,13.596696,6.069000,1,0,6000.0000,-1000.0000,90.0000,0.0000,1,4.0,100.00,0.0,0.0,0.0,0.0
859,10.917518,10.049879,6.388000,1,0,6000.0000,-1000.0000,90.0000,0.0000,1,4.0,100.00,0.0,0.0,0.0,0.0
860,11.401148,10.936578,6.123000,1,0,6000.0000,-1000.0000,90.0000,0.0000,1,4.0,100.00,0.0,0.0,0.0,0.0
861,13.602066,11.404479,6.150000,1,0,6000.0000,-1000.0000,90.0000,0.0000,1,4.0,100.00,0.0,0.0,0.0,0.0
862,13.298660,13.561735,6.402000,1,0,6000.0000,-1000.0000,90.0000,0.0000,1,4.0,100.00,0.0,0.0,0.0,0.0
863,13.028263,13.331600,6.435000,1,0,6000.0000,-1000.0000,90.0000,0.0000,1,4.0,100.00,0.0,0.0,0.0,0.0
864,13.443904,13.050144,6.069000,2,0,6000.0000,-1000.0000,90.0000,0.0000,1,4.0,100.00,0.0,0.0,0.0,0.0
